// GENERATED by gen_game_funcs.py - start addresses of game.dat functions (profile attribution only)
static const DWORD kGameFuncs[74988] = {
  0x401020,0x40104B,0x40105F,0x401125,0x40113D,0x401158,0x401174,0x4011FE,0x401219,0x401228,0x40124C,0x401270,
  0x401290,0x4012B4,0x4012DE,0x401318,0x401351,0x40137B,0x401399,0x4013D1,0x401424,0x40144B,0x401466,0x40148A,
  0x4014B0,0x4014DE,0x40151C,0x40153E,0x401569,0x401590,0x4015B8,0x40167B,0x401696,0x4016A9,0x4016F3,0x401C46,
  0x401CC4,0x401CF3,0x401D3D,0x401D57,0x401D7C,0x401D81,0x401DE3,0x401DEB,0x401E64,0x401E78,0x401E9C,0x401EC9,
  0x401EFA,0x401F28,0x401F3B,0x401FCC,0x401FEF,0x40200F,0x40201A,0x4020A7,0x4020DD,0x402108,0x40211F,0x4021F7,
  0x402239,0x40224E,0x40231B,0x4024A6,0x4024CB,0x4024E4,0x402500,0x40251C,0x402773,0x4027F7,0x402D51,0x402D57,
  0x402D8E,0x402DD9,0x402DED,0x402E07,0x402E15,0x402E47,0x402E6A,0x402E8C,0x403111,0x403156,0x403175,0x403270,
  0x4032DD,0x403312,0x4035AC,0x403720,0x4037F5,0x403C1D,0x40474A,0x404781,0x4047C9,0x4047E5,0x404874,0x4049C3,
  0x4049FB,0x404A47,0x404A81,0x404AE4,0x404B32,0x404BD6,0x404C3D,0x404E14,0x404E60,0x404F0E,0x404F15,0x404F49,
  0x404F93,0x404FAF,0x404FCB,0x404FE7,0x405003,0x40501F,0x40503B,0x405057,0x405073,0x40508F,0x4050AD,0x4050D4,
  0x4050E6,0x40511A,0x40514E,0x405183,0x4051B8,0x4051C2,0x405229,0x40524B,0x4052E2,0x4052F9,0x405324,0x405350,
  0x40537B,0x4053A6,0x405406,0x405482,0x4054F5,0x405520,0x405553,0x405595,0x405ED1,0x40611E,0x40618C,0x40619E,
  0x4061CE,0x406238,0x406294,0x4062C4,0x4062E4,0x406307,0x406346,0x406385,0x4063C4,0x406410,0x40655B,0x406585,
  0x4065AA,0x4065D4,0x4065FE,0x406628,0x40664E,0x406678,0x4066A2,0x406AC0,0x406AD0,0x406AF0,0x406B10,0x406B30,
  0x406B50,0x406B60,0x406C60,0x406CC0,0x406CE0,0x406D00,0x406D20,0x406D30,0x406D60,0x406D80,0x406D90,0x406DB0,
  0x406DD0,0x406DF0,0x406E10,0x406E30,0x406E50,0x406E70,0x406E90,0x406EB0,0x406EC0,0x406FA0,0x406FB0,0x406FD0,
  0x407010,0x407020,0x407050,0x407070,0x407090,0x4070B0,0x4070D0,0x4070F0,0x407110,0x407130,0x407150,0x407170,
  0x407190,0x4071B0,0x4071D0,0x4071F0,0x407210,0x407230,0x407250,0x407340,0x407370,0x4073C0,0x4073D0,0x4073E0,
  0x4073F0,0x407410,0x407480,0x4074E0,0x4075C0,0x4076B3,0x4076C0,0x4076F0,0x407800,0x407823,0x407830,0x407850,
  0x407A50,0x407A70,0x407AA0,0x407CB0,0x407CE0,0x407DF0,0x408010,0x408070,0x408170,0x408300,0x408330,0x408360,
  0x408460,0x4085F0,0x408620,0x408720,0x4088C0,0x408920,0x408940,0x4089B0,0x408A20,0x408A90,0x408B00,0x408B20,
  0x408B70,0x408B90,0x408BE0,0x408C00,0x408C50,0x408C70,0x408CC0,0x408D30,0x408D90,0x409010,0x4091A0,0x4093E0,
  0x409420,0x409460,0x4094E0,0x409590,0x409710,0x4097D0,0x409890,0x409920,0x409AB0,0x409B20,0x409B50,0x409C60,
  0x409CB0,0x409EC0,0x409EE0,0x40A0F0,0x40A120,0x40A230,0x40A450,0x40A4B0,0x40A640,0x40A670,0x40A770,0x40A7A0,
  0x40A8A0,0x40AA30,0x40AA60,0x40AB60,0x40AD00,0x40AF80,0x40AFC0,0x40B080,0x40B110,0x40B2A0,0x40B2D0,0x40B2F0,
  0x40B680,0x40B6A0,0x40B6D0,0x40B800,0x40B820,0x40B960,0x40BA10,0x40BAE0,0x40BB50,0x40BB90,0x40BBC0,0x40BCE0,
  0x40BD70,0x40BEF0,0x40BF50,0x40BFD0,0x40CAD0,0x40CAF0,0x40CB10,0x40CB30,0x40CB50,0x40CBA0,0x40CC90,0x40CD70,
  0x40CDC0,0x40CE90,0x40CF10,0x40CF60,0x40D050,0x40D0A0,0x40D180,0x40D200,0x40D290,0x40D640,0x40D6E0,0x40D800,
  0x40D870,0x40D900,0x40DA80,0x40DAE0,0x40DB50,0x40DB60,0x40E5A0,0x40E5E0,0x40E600,0x40E670,0x40E6E0,0x40E740,
  0x40E8C0,0x40EA90,0x40EB20,0x40EED0,0x40F050,0x40F0F0,0x40F1A0,0x40F260,0x40F2B0,0x40F320,0x40F350,0x40F430,
  0x40F5E0,0x40F660,0x40F6C0,0x40F7E0,0x40F8A0,0x40F960,0x40FA20,0x40FA60,0x40FB40,0x40FC60,0x40FCD0,0x40FE00,
  0x40FE40,0x40FF20,0x410000,0x4101F0,0x410220,0x410280,0x4103B0,0x410480,0x410540,0x410600,0x410650,0x4107A0,
  0x4107F0,0x410840,0x410890,0x4108D0,0x4109B0,0x410B40,0x410BC0,0x410CF0,0x410D30,0x410E10,0x411810,0x411870,
  0x4118C0,0x411900,0x411A10,0x411CA0,0x411CD0,0x411D30,0x411D70,0x412880,0x4128F0,0x4129E0,0x412C80,0x412CF0,
  0x412D3C,0x412D40,0x412E40,0x412E50,0x412E60,0x412E80,0x412E90,0x412EA0,0x412EB0,0x412EC0,0x412EE0,0x412F20,
  0x412F40,0x412F4E,0x412F50,0x412F70,0x412F90,0x412FB0,0x412FC0,0x412FE0,0x412FF0,0x413000,0x413010,0x413020,
  0x413030,0x413040,0x413060,0x413080,0x4130A0,0x4130C0,0x4130F0,0x413100,0x413120,0x413130,0x413140,0x413160,
  0x413180,0x413190,0x4131B0,0x4131C0,0x4131F0,0x413210,0x413220,0x4132B0,0x4132C0,0x4132E0,0x4132F0,0x413300,
  0x413320,0x413340,0x413360,0x413380,0x4133A0,0x4133D0,0x413400,0x413430,0x413450,0x413500,0x413530,0x4135F0,
  0x413690,0x4136A0,0x4136D0,0x413700,0x413770,0x4137E0,0x4138F0,0x413960,0x413970,0x413A60,0x413A80,0x413AE0,
  0x413BA0,0x413BE0,0x413F70,0x413FA0,0x414000,0x414030,0x4140A0,0x4140D0,0x414150,0x414220,0x414240,0x414320,
  0x414380,0x414430,0x414460,0x4144C0,0x414580,0x4145C0,0x414960,0x414970,0x4149C0,0x4149F0,0x414A60,0x414A80,
  0x414B00,0x414BC0,0x414BE0,0x414C00,0x414C80,0x414D60,0x414D80,0x414E10,0x414ED0,0x414F70,0x415010,0x415390,
  0x415680,0x4157B0,0x4157D0,0x415850,0x4159A0,0x415A20,0x415A30,0x415A40,0x415A90,0x415C30,0x415C70,0x415C90,
  0x415CB0,0x415DA0,0x415E90,0x415F47,0x415F4B,0x415F50,0x415FE0,0x4160A0,0x416130,0x4161C0,0x416260,0x416640,
  0x416660,0x416670,0x416690,0x4166B0,0x416700,0x416730,0x416740,0x416750,0x416780,0x4167B0,0x4167C0,0x4167F0,
  0x416800,0x416830,0x416860,0x416870,0x4168A0,0x4168E0,0x416900,0x416940,0x416960,0x4169A0,0x4169B0,0x4169E0,
  0x416A00,0x416A40,0x416A60,0x416AE0,0x416B60,0x416C40,0x416C80,0x416CA0,0x416CD0,0x416D00,0x416D30,0x416D50,
  0x416E30,0x416E60,0x416E90,0x416EC0,0x416EF0,0x416F20,0x416F30,0x416F50,0x416F60,0x416F80,0x416FA0,0x416FC0,
  0x416FF0,0x417020,0x417050,0x417080,0x4170B0,0x417120,0x417190,0x4171A0,0x4171D0,0x4171E0,0x417210,0x417230,
  0x417280,0x4172E0,0x4172F0,0x417310,0x417320,0x417340,0x417360,0x417370,0x417390,0x4173B0,0x4173C0,0x417470,
  0x4174D0,0x417530,0x417540,0x417550,0x417560,0x417570,0x417580,0x417590,0x4175B0,0x4175D0,0x4175F0,0x417650,
  0x4176B0,0x4176E0,0x417710,0x417720,0x417730,0x417740,0x417750,0x417760,0x417780,0x4177A0,0x4177D0,0x4177F0,
  0x417830,0x417880,0x4178A0,0x4178E0,0x417920,0x417960,0x4179A0,0x4179E0,0x417A00,0x417A30,0x417A50,0x417A60,
  0x417AB0,0x417AC0,0x417AD0,0x417AE0,0x417AF0,0x417B00,0x417B10,0x417B20,0x417B30,0x417B40,0x417B50,0x417B70,
  0x417B90,0x417BC0,0x417BE0,0x417C00,0x417C10,0x417C90,0x417CD0,0x417D20,0x417D50,0x417D90,0x417E00,0x417E90,
  0x417ED0,0x417F00,0x417F70,0x417F80,0x417F90,0x417FA0,0x418070,0x4180B0,0x4180F0,0x418130,0x418170,0x4181B0,
  0x4181F0,0x418200,0x418330,0x418350,0x418A10,0x418A70,0x418AD0,0x418AF0,0x418B50,0x418BB0,0x418C10,0x418C70,
  0x418CD0,0x418D30,0x418D50,0x418DD0,0x418E00,0x418E30,0x418F70,0x419220,0x419240,0x419260,0x419280,0x419290,
  0x4192A0,0x4192B0,0x4192D0,0x419310,0x419320,0x419330,0x419340,0x419380,0x419390,0x4193A0,0x4193E0,0x4193F0,
  0x419430,0x419440,0x419450,0x419490,0x4194D0,0x419510,0x419540,0x419550,0x419560,0x419570,0x419580,0x419590,
  0x4195A0,0x4195B0,0x4195D0,0x4195E0,0x4195F0,0x419610,0x419630,0x419650,0x419670,0x419690,0x4196B0,0x4196D0,
  0x4196F0,0x419700,0x419780,0x419790,0x4197B0,0x419820,0x419850,0x4198A0,0x4198D0,0x4198E0,0x419920,0x419940,
  0x419960,0x4199C0,0x4199F0,0x419A10,0x419A40,0x419A70,0x419AD0,0x419AE0,0x419AF0,0x419B00,0x419B10,0x419B40,
  0x419BA0,0x419BB0,0x419BD0,0x419BF0,0x419C10,0x419C50,0x419C90,0x419CC0,0x419CF0,0x419D10,0x419D30,0x419D60,
  0x419D90,0x419DC0,0x419DF0,0x419E20,0x419E50,0x419E60,0x419E90,0x419EC0,0x419F10,0x419F50,0x419FD0,0x419FF0,
  0x41A010,0x41A080,0x41A0D0,0x41A170,0x41A230,0x41A240,0x41A250,0x41A260,0x41A270,0x41A300,0x41A3B0,0x41A3E0,
  0x41A4D0,0x41A670,0x41A910,0x41AA70,0x41ABE0,0x41AC00,0x41AC20,0x41AC40,0x41AC60,0x41AC90,0x41ACB0,0x41AD00,
  0x41AD30,0x41AD60,0x41AE50,0x41AEF0,0x41AF20,0x41AF50,0x41AF80,0x41AFE0,0x41B010,0x41B110,0x41B120,0x41B1C0,
  0x41B1E0,0x41B3D0,0x41B400,0x41B640,0x41B730,0x41B820,0x41B830,0x41B850,0x41B860,0x41B890,0x41B8B0,0x41B8C0,
  0x41B8D0,0x41B8E0,0x41B8F0,0x41B900,0x41B920,0x41B950,0x41B970,0x41BA20,0x41BA30,0x41BA70,0x41BA80,0x41BB10,
  0x41BBB0,0x41BBF0,0x41BC20,0x41BCA0,0x41BD20,0x41BDB0,0x41BDF0,0x41BE70,0x41BF10,0x41BF50,0x41C100,0x41C120,
  0x41C190,0x41C210,0x41C270,0x41C2D0,0x41C310,0x41C320,0x41C330,0x41C340,0x41C350,0x41C3C0,0x41C3D0,0x41C460,
  0x41C470,0x41C490,0x41C4A0,0x41C4C0,0x41C510,0x41C520,0x41C530,0x41C550,0x41C560,0x41C580,0x41C5B0,0x41C5F0,
  0x41C610,0x41C6C0,0x41C6D0,0x41C700,0x41C710,0x41C7C0,0x41C880,0x41C8E0,0x41C910,0x41C930,0x41C950,0x41C990,
  0x41C9F0,0x41CA00,0x41CA10,0x41CA20,0x41CA30,0x41CA40,0x41CA60,0x41CAA0,0x41CAC0,0x41CB40,0x41CB60,0x41CBE0,
  0x41CC40,0x41CC80,0x41CCA0,0x41CCC0,0x41CD00,0x41CD60,0x41CD70,0x41CD90,0x41CDB0,0x41CDC0,0x41CDF0,0x41CE20,
  0x41CE30,0x41CE40,0x41CE50,0x41CE90,0x41CEB0,0x41CEF0,0x41CF70,0x41CFD0,0x41D000,0x41D150,0x41D170,0x41D1E0,
  0x41D240,0x41D340,0x41D3F0,0x41D420,0x41D450,0x41D480,0x41D490,0x41D4C0,0x41D4D0,0x41D4E0,0x41D4F0,0x41D520,
  0x41D550,0x41D560,0x41D570,0x41D580,0x41D5D0,0x41D610,0x41D650,0x41D670,0x41D690,0x41D6C0,0x41D6D0,0x41D6F0,
  0x41D710,0x41D750,0x41D780,0x41D990,0x41DA50,0x41DA60,0x41DA70,0x41DA90,0x41DAB0,0x41DAE0,0x41DB10,0x41DB30,
  0x41DB60,0x41DB90,0x41DBB0,0x41DBD0,0x41DBF0,0x41DC50,0x41DC90,0x41DCF0,0x41DD30,0x41DD90,0x41DDD0,0x41DE30,
  0x41DE70,0x41DED0,0x41DF10,0x41DF70,0x41DFB0,0x41E010,0x41E1A0,0x41E330,0x41E3A0,0x41E410,0x41E4A0,0x41E510,
  0x41E580,0x41E610,0x41E630,0x41E650,0x41E670,0x41E690,0x41E6B0,0x41E6D0,0x41E710,0x41E750,0x41E790,0x41E7D0,
  0x41E810,0x41E850,0x41E910,0x41EA20,0x41EB20,0x41EC30,0x41ECF0,0x41EE00,0x41F010,0x41F0F0,0x41F290,0x41F3A0,
  0x41F4B0,0x41F5C0,0x41F680,0x41F780,0x41F880,0x41F980,0x41FB50,0x41FC60,0x41FD70,0x41FE30,0x41FF30,0x42002D,
  0x42002E,0x420030,0x420130,0x420190,0x4201B0,0x420230,0x420260,0x420280,0x4202C0,0x4206A0,0x4206B0,0x4206E0,
  0x420710,0x420740,0x420770,0x420780,0x4207B0,0x4207F0,0x420830,0x420840,0x4208B0,0x4209B0,0x420A10,0x420A50,
  0x420A90,0x420AC0,0x420AD0,0x420AE0,0x420B00,0x420B10,0x420B20,0x420B30,0x420B40,0x420B50,0x420B60,0x420B70,
  0x420B80,0x420BC0,0x420C00,0x420C30,0x420C70,0x420CB0,0x420CE0,0x420CF0,0x420D00,0x420D10,0x420D20,0x420EE0,
  0x420EF0,0x420F30,0x420F80,0x421090,0x4211D0,0x421210,0x421300,0x4213A0,0x421410,0x421440,0x421470,0x4214C0,
  0x421560,0x4215E0,0x4215F0,0x421620,0x421640,0x421770,0x4218A0,0x421A90,0x421AD0,0x421B10,0x421CC0,0x421CF0,
  0x421E10,0x421F80,0x421FC0,0x4224F0,0x422660,0x422A60,0x422B60,0x422D60,0x422E70,0x422F80,0x423090,0x4231A0,
  0x4232B0,0x423350,0x4233F0,0x423400,0x423410,0x423420,0x423450,0x423470,0x423490,0x4234B0,0x4234D0,0x4234F0,
  0x423510,0x423530,0x423550,0x423570,0x423590,0x4235B0,0x4235D0,0x4235F0,0x423600,0x423630,0x423650,0x423660,
  0x423670,0x423680,0x423690,0x4236A0,0x4236C0,0x4236E0,0x423740,0x423760,0x423780,0x4237A0,0x4237D0,0x4237F0,
  0x423810,0x423840,0x423860,0x423880,0x4238A0,0x4238F0,0x423910,0x423920,0x423950,0x423980,0x4239C0,0x4239D0,
  0x423B80,0x423D30,0x423DB0,0x423E50,0x423EA0,0x423F10,0x423FA0,0x424030,0x4240C0,0x424120,0x424150,0x4241A0,
  0x4241F0,0x424220,0x424260,0x424270,0x4242B0,0x424320,0x424380,0x4243B0,0x4243E0,0x424400,0x424420,0x424440,
  0x424470,0x4244A0,0x4244C0,0x424510,0x424550,0x424580,0x4245A0,0x4245E0,0x424610,0x424660,0x4246C0,0x424700,
  0x424730,0x424750,0x424770,0x424790,0x4247B0,0x4247D0,0x4247F0,0x424810,0x424830,0x424850,0x424870,0x424890,
  0x424910,0x424940,0x424980,0x4249B0,0x424A40,0x424A80,0x424AD0,0x424B10,0x424B70,0x424C10,0x424CA0,0x424CE0,
  0x424D4F,0x424D50,0x424D60,0x424DA0,0x424E50,0x424EC0,0x424EF0,0x424F10,0x424F70,0x424F90,0x425040,0x4250F0,
  0x425280,0x4256E0,0x425730,0x425760,0x4257B0,0x4257E0,0x425940,0x425B60,0x425D00,0x425F60,0x425FA0,0x4262A0,
  0x4262C0,0x426350,0x426390,0x4264E0,0x426520,0x4265B0,0x426630,0x4266A0,0x426710,0x4267C0,0x426830,0x426860,
  0x426870,0x426890,0x4268C0,0x4268F0,0x426A60,0x426AA0,0x426B00,0x426BA0,0x426BD0,0x426C10,0x426C90,0x426CD0,
  0x426DB0,0x426E30,0x426EC0,0x426F80,0x427050,0x4270E0,0x427130,0x427160,0x4271B0,0x427220,0x4272A0,0x427390,
  0x427420,0x427580,0x427680,0x427720,0x427770,0x427820,0x427880,0x427A20,0x427C10,0x427C40,0x427E60,0x428130,
  0x428480,0x428770,0x4287F0,0x428820,0x428850,0x428870,0x4288A0,0x4288D0,0x4288F0,0x428920,0x428950,0x428970,
  0x4289B0,0x4289E0,0x428A20,0x428A50,0x428C70,0x428D80,0x428DA0,0x428E30,0x428F90,0x428FE0,0x4290F0,0x429190,
  0x429430,0x4294B0,0x429580,0x429620,0x4296E0,0x429780,0x429840,0x429900,0x429B10,0x429B40,0x429B80,0x429BE0,
  0x429C10,0x429CF0,0x429D10,0x429D80,0x429DA0,0x429E10,0x429ED0,0x429F00,0x429F30,0x429F60,0x429FE0,0x42A000,
  0x42A080,0x42A180,0x42A1C0,0x42A1F0,0x42A270,0x42A390,0x42A4B0,0x42A4D0,0x42A560,0x42A590,0x42A5D0,0x42A690,
  0x42A7A0,0x42A840,0x42A8F0,0x42A920,0x42A950,0x42A980,0x42A9B0,0x42AAB0,0x42ACB0,0x42AEB0,0x42AEF0,0x42AF10,
  0x42AF50,0x42AFE0,0x42B010,0x42B040,0x42B080,0x42B0C0,0x42B100,0x42B140,0x42B250,0x42B3B0,0x42B4B0,0x42B5D0,
  0x42B630,0x42B670,0x42B6C1,0x42B710,0x42B785,0x42B832,0x42B847,0x42B856,0x42B890,0x42B8D7,0x42B914,0x42B999,
  0x42B9E5,0x42BA52,0x42BAFC,0x42BB21,0x42BB5B,0x42BBC3,0x42BC15,0x42BC44,0x42BC9D,0x42BCBD,0x42BCDD,0x42BD78,
  0x42BDAD,0x42BE45,0x42BE80,0x42BEEF,0x42BF7F,0x42C0E7,0x42C111,0x42C13D,0x42C17A,0x42C1A7,0x42C1CC,0x42C205,
  0x42C22B,0x42C280,0x42C2B5,0x42C2F0,0x42C320,0x42C33B,0x42C368,0x42C385,0x42C41A,0x42C450,0x42C4A6,0x42C4FC,
  0x42C5D2,0x42C607,0x42C6A5,0x42C6CA,0x42C6EF,0x42C72E,0x42C751,0x42C77A,0x42C80A,0x42C86C,0x42C885,0x42C8A0,
  0x42C8D4,0x42C940,0x42C978,0x42C9CB,0x42CA04,0x42CA37,0x42CA5B,0x42CAB8,0x42CB63,0x42CBBD,0x42CC66,0x42CC8E,
  0x42CDB1,0x42CE4D,0x42CE52,0x42CEB8,0x42CED7,0x42CF89,0x42CFC9,0x42D371,0x42D400,0x42D4B0,0x42D674,0x42D753,
  0x42D7F3,0x42D832,0x42D896,0x42D8B7,0x42D8EE,0x42D925,0x42D944,0x42D97D,0x42D9E9,0x42DA08,0x42DA40,0x42DAF5,
  0x42DB80,0x42DBBD,0x42DBF5,0x42DC9F,0x42DCEA,0x42DD45,0x42DD73,0x42DDD1,0x42DFA1,0x42E172,0x42E343,0x42E54E,
  0x42E558,0x42E574,0x42E59E,0x42E647,0x42E757,0x42E840,0x42E956,0x42E9B7,0x42E9D7,0x42EA42,0x42EAAD,0x42EB18,
  0x42EB2A,0x42EB75,0x42EBC1,0x42EC11,0x42EC5E,0x42EC7A,0x42ECB2,0x42ED00,0x42ED1C,0x42ED6F,0x42EDC2,0x42EE15,
  0x42EE37,0x42EE5E,0x42EE9A,0x42EED6,0x42EEFA,0x42EF5A,0x42EF99,0x42F03F,0x42F13E,0x42F247,0x42F298,0x42F2D2,
  0x42F2FA,0x42F334,0x42F382,0x42F3C1,0x42F416,0x42F460,0x42F490,0x42F4C0,0x42F4D0,0x42F4E0,0x42F4F0,0x42F500,
  0x42F510,0x42F550,0x42F570,0x42F5A0,0x42F5C0,0x42F5E0,0x42F600,0x42F650,0x42F690,0x42F6A0,0x42F6C0,0x42F6E0,
  0x42F700,0x42F720,0x42F740,0x42F760,0x42F850,0x42F8E0,0x42F900,0x42F920,0x42F940,0x42FAE0,0x42FB90,0x42FDF0,
  0x42FE40,0x42FE60,0x42FEA0,0x42FED0,0x42FF20,0x42FF40,0x42FF70,0x42FFF0,0x430070,0x430130,0x430150,0x430170,
  0x430190,0x4301A0,0x4301C0,0x4301D0,0x4301F0,0x430210,0x430220,0x430240,0x4302B0,0x4302C0,0x4302F0,0x430310,
  0x430320,0x430340,0x430360,0x430370,0x430380,0x4303A0,0x4303B0,0x4303C0,0x4303D0,0x4303E0,0x4303F0,0x430400,
  0x430410,0x430420,0x430430,0x430440,0x430450,0x430470,0x430490,0x4304B0,0x4304C0,0x4304E0,0x4304F0,0x430510,
  0x430530,0x430540,0x430550,0x430560,0x430570,0x430580,0x430590,0x4305C0,0x4305F0,0x430600,0x430620,0x430640,
  0x430650,0x430690,0x4306A0,0x4306C0,0x4306D0,0x4306F0,0x430710,0x430730,0x430750,0x430760,0x4307D0,0x4307F0,
  0x430800,0x430820,0x430840,0x430860,0x4308B0,0x430960,0x4309B0,0x4309D0,0x4309E0,0x430A40,0x430A70,0x430AB0,
  0x430B00,0x430B30,0x430D30,0x430D50,0x430D70,0x430D80,0x430EC0,0x430F10,0x430F60,0x430F90,0x430FB0,0x430FD0,
  0x431000,0x431060,0x4310A0,0x4310C0,0x4310E0,0x431110,0x431130,0x431140,0x4314B0,0x431500,0x431540,0x431650,
  0x4317B0,0x4318E0,0x4319A0,0x431A30,0x431AB0,0x431B40,0x432120,0x43212C,0x432130,0x432180,0x432270,0x432330,
  0x432370,0x432410,0x432450,0x4325B0,0x432740,0x432810,0x4328B0,0x432AA0,0x432C20,0x432DF0,0x433050,0x433220,
  0x433240,0x433280,0x4333D0,0x4334E0,0x4336A0,0x4337E0,0x433820,0x433DF0,0x4340F0,0x4343B0,0x434480,0x4345E0,
  0x434650,0x434660,0x4349D0,0x434A50,0x434AE0,0x434B60,0x434BE0,0x434C70,0x434D00,0x434D40,0x434E90,0x434F30,
  0x434F50,0x434F70,0x434F90,0x434FB0,0x434FD0,0x434FF0,0x435000,0x435010,0x435020,0x435030,0x435050,0x435070,
  0x435090,0x4350B0,0x4350D0,0x4350E0,0x435100,0x435130,0x435160,0x435170,0x435190,0x4351B0,0x435210,0x435240,
  0x435260,0x4352A0,0x4352E0,0x435330,0x435380,0x4353E0,0x435420,0x435460,0x4354B0,0x435500,0x435560,0x4355C0,
  0x4355D0,0x435630,0x435650,0x435680,0x4356B0,0x4356F0,0x435730,0x435790,0x4357B0,0x4357E0,0x435810,0x435860,
  0x4358F0,0x435940,0x4359A0,0x435A10,0x435A50,0x435A90,0x435AD0,0x435B30,0x435B90,0x435BF0,0x435C50,0x435C90,
  0x435CD0,0x435D10,0x435D50,0x435DE0,0x435F30,0x435F80,0x436030,0x4360C0,0x436200,0x4362E0,0x436370,0x4363B0,
  0x4364A0,0x436590,0x436680,0x4366D0,0x436790,0x4367B0,0x436840,0x436990,0x4369E0,0x436A90,0x436B20,0x436C70,
  0x436D50,0x436DE0,0x436E20,0x436F20,0x437020,0x437120,0x437170,0x437240,0x437260,0x4372C0,0x437320,0x437370,
  0x4373D0,0x437430,0x437480,0x4374A0,0x4374C0,0x4374E0,0x437530,0x437550,0x4375B0,0x437630,0x4376D0,0x437720,
  0x437730,0x437750,0x437770,0x4377B0,0x4377D0,0x437830,0x4378B0,0x437930,0x437980,0x4379B0,0x4379D0,0x437A00,
  0x437A30,0x437A60,0x437A90,0x437AB0,0x437B20,0x437B60,0x437B90,0x437BF0,0x437C20,0x437C30,0x437C40,0x437C60,
  0x437C80,0x437CC0,0x437CD0,0x437CE0,0x437D00,0x437D10,0x437D20,0x437D40,0x437D60,0x437D90,0x437F30,0x437F40,
  0x437FC0,0x438010,0x438040,0x438090,0x4380A0,0x4380B0,0x4380C0,0x4380F0,0x438100,0x438120,0x438140,0x438180,
  0x4381A0,0x4381E0,0x438200,0x438250,0x4382A0,0x438310,0x438580,0x438600,0x438610,0x4386B0,0x438740,0x438790,
  0x4387F0,0x438830,0x438940,0x438A20,0x438BF0,0x438C10,0x438C50,0x438D30,0x438DD0,0x438E60,0x438EF0,0x438F00,
  0x438F10,0x438F20,0x438FB0,0x439070,0x439120,0x4391D0,0x4391F0,0x439240,0x439270,0x4392A0,0x4392D0,0x439310,
  0x4393B0,0x439480,0x4394C0,0x439770,0x439B00,0x439B60,0x439BA0,0x439F70,0x439FF0,0x43A0A0,0x43A1F0,0x43A3DC,
  0x43A5B0,0x43A6D0,0x43A820,0x43AA16,0x43AC90,0x43AD20,0x43AD70,0x43ADC0,0x43AE10,0x43AE60,0x43AEC0,0x43AF20,
  0x43AF90,0x43AFC0,0x43B050,0x43B140,0x43B160,0x43B1A0,0x43B2F0,0x43B310,0x43B590,0x43B5A0,0x43B5B0,0x43B890,
  0x43BA10,0x43BA20,0x43BA30,0x43BA40,0x43BE80,0x43C060,0x43C080,0x43C0F0,0x43C510,0x43C570,0x43C5A0,0x43C5D0,
  0x43C5F0,0x43C610,0x43C630,0x43C640,0x43C660,0x43C670,0x43C690,0x43C910,0x43CCD0,0x43CCE0,0x43CFE0,0x43D0B0,
  0x43D120,0x43D1B0,0x43D1C0,0x43D360,0x43D610,0x43DADD,0x43DB00,0x43DCA0,0x43DD00,0x43DD20,0x43DD90,0x43DDF0,
  0x43DEB0,0x43EC70,0x43EC80,0x43ECA0,0x43ECC0,0x43ED10,0x43ED20,0x43ED80,0x43EDB0,0x43EDF0,0x43EE40,0x43EEA0,
  0x43EF20,0x43EFE0,0x43F100,0x43F160,0x43F190,0x43F230,0x43F290,0x43F2B0,0x43F370,0x43F650,0x43F6B0,0x43F6D0,
  0x43F730,0x43F940,0x43FA10,0x43FAA0,0x440055,0x440056,0x440057,0x440058,0x440059,0x44005F,0x440060,0x4400C0,
  0x4400F0,0x440170,0x4401A0,0x440200,0x440210,0x440450,0x440490,0x440580,0x4405A0,0x440780,0x4407B0,0x440809,
  0x44083B,0x440858,0x44087E,0x4408AC,0x4408C4,0x4408FD,0x44092D,0x440945,0x440964,0x440984,0x440997,0x4409B5,
  0x4409D8,0x440A78,0x440AC8,0x440AE4,0x440B00,0x440B05,0x440B21,0x440B52,0x440B6E,0x440B8F,0x440B9B,0x440BEE,
  0x440C36,0x440CA4,0x440D63,0x440EE9,0x44102B,0x441047,0x44104C,0x441199,0x4412D6,0x44132F,0x44133C,0x441343,
  0x441355,0x441366,0x44136B,0x441370,0x4413E3,0x441434,0x441470,0x4414C9,0x4414E5,0x441506,0x441663,0x441682,
  0x4416A1,0x4416BE,0x4416F3,0x441725,0x441757,0x44178C,0x4417C1,0x4417C6,0x4417FB,0x441815,0x44181A,0x44181F,
  0x4418DD,0x441925,0x44192B,0x441960,0x441992,0x4419C4,0x4419CC,0x4419E8,0x4419ED,0x441A32,0x441A38,0x441A40,
  0x441A5C,0x441A61,0x441A7D,0x441B20,0x441B31,0x441B59,0x441B60,0x441B7C,0x441B9A,0x441BA8,0x441BBD,0x441BD2,
  0x441BF4,0x441C56,0x441CBC,0x441CD5,0x441DCB,0x441DE0,0x441E0F,0x441E23,0x441E4A,0x441ECA,0x441EEC,0x441EF3,
  0x441F2D,0x441F67,0x44202A,0x4421D8,0x44235E,0x442591,0x442846,0x4428FE,0x442927,0x44293E,0x44298D,0x4429E2,
  0x442A44,0x442B5A,0x442C5A,0x442CC6,0x442D32,0x442E2B,0x4430A7,0x4430BB,0x4438AE,0x4438B5,0x4438BA,0x4438DA,
  0x443939,0x443B18,0x443B56,0x443B5D,0x443C46,0x443C81,0x443CDB,0x443D5F,0x443E2F,0x443E66,0x443E9D,0x443FA9,
  0x44406D,0x44413B,0x4441AD,0x4441DA,0x4441E5,0x4441F0,0x444249,0x44433B,0x4445BB,0x4446A0,0x444798,0x4448DA,
  0x4448F6,0x444913,0x4449A7,0x4449C4,0x4449EF,0x444A48,0x444B34,0x444CAD,0x444CCD,0x444CD4,0x444CFE,0x444D39,
  0x444D65,0x444D7D,0x444D9B,0x444DB3,0x444DCE,0x444DFB,0x444E25,0x444E41,0x444EDD,0x444F19,0x444FA2,0x444FBF,
  0x444FFE,0x445123,0x445139,0x445164,0x4451CE,0x445241,0x445270,0x44527C,0x445431,0x445CA1,0x445EBA,0x445FA5,
  0x445FE6,0x446020,0x44607D,0x44609E,0x446113,0x44615B,0x44618D,0x4461E6,0x446253,0x4462AB,0x446307,0x446330,
  0x44696A,0x446980,0x4469B5,0x446A8D,0x44704F,0x4474A0,0x4475E4,0x447859,0x44790C,0x4479CD,0x4479FC,0x447A19,
  0x447A8A,0x447B4C,0x448B51,0x44941A,0x4494C8,0x449600,0x44962D,0x449653,0x449681,0x4496A6,0x4497CB,0x4497E5,
  0x4497FC,0x449809,0x449816,0x44981D,0x44982A,0x449861,0x449C5A,0x449CF8,0x44A289,0x44A2A5,0x44A2C7,0x44A9FD,
  0x44AA10,0x44AA68,0x44AA9B,0x44AAC4,0x44AB7B,0x44ABB2,0x44B788,0x44BCD4,0x44BCED,0x44BCF3,0x44BD28,0x44BD5D,
  0x44BD8F,0x44BDCD,0x44BDE9,0x44BE1B,0x44BE5C,0x44BE8E,0x44BEC3,0x44BEF8,0x44BF2A,0x44BF5C,0x44BF6A,0x44BF9F,
  0x44BFD9,0x44BFEB,0x44BFF0,0x44BFF5,0x44C03E,0x44C086,0x44C11A,0x44C152,0x44C173,0x44C1A8,0x44C215,0x44C231,
  0x44C297,0x44C2A9,0x44C2B4,0x44C2D0,0x44C2E2,0x44C2ED,0x44C321,0x44C326,0x44C358,0x44C3E2,0x44C3EA,0x44C3FE,
  0x44C42B,0x44C43F,0x44C465,0x44C49C,0x44C4BE,0x44C4E2,0x44C50E,0x44C520,0x44C532,0x44C558,0x44C57D,0x44C5AF,
  0x44C5D0,0x44C5F9,0x44C614,0x44C62C,0x44C64A,0x44C67D,0x44C6D8,0x44C6DE,0x44C6E6,0x44C740,0x44C7F7,0x44C813,
  0x44C84A,0x44CD2D,0x44CF09,0x44CF58,0x44CFCE,0x44D000,0x44D013,0x44D0A8,0x44D0FA,0x44D182,0x44D25B,0x44D3D8,
  0x44D41B,0x44D47A,0x44D717,0x44D814,0x44DA4D,0x44DB9F,0x44DC46,0x44DC4B,0x44DC57,0x44DC96,0x44DD35,0x44DD46,
  0x44DD7F,0x44DDA3,0x44DDC8,0x44DDEC,0x44DE11,0x44DE58,0x44DFBA,0x44E088,0x44E3B6,0x44E5F3,0x44E813,0x44E89F,
  0x44E8ED,0x44EB51,0x44EDAE,0x44EE19,0x44F071,0x44F08D,0x44F0C4,0x44F0DF,0x44F0FA,0x44F196,0x44F2BD,0x44F2C3,
  0x44F2CB,0x44F3AB,0x44F991,0x44F9BE,0x44F9DA,0x44FDF3,0x450315,0x45032E,0x45036D,0x4503AC,0x4503DF,0x450429,
  0x4504E0,0x4504E6,0x450502,0x45051A,0x450532,0x4505FB,0x450615,0x45064C,0x45065F,0x45067F,0x4506AB,0x450710,
  0x450762,0x450789,0x4507B8,0x4507BF,0x45081A,0x45083D,0x450861,0x450866,0x450880,0x45089A,0x4508B4,0x4508D5,
  0x450907,0x45091A,0x45093A,0x450950,0x4509A4,0x4509F2,0x450A08,0x450A10,0x450A18,0x450A60,0x450ABC,0x450B59,
  0x450B61,0x450BF0,0x450D58,0x450D88,0x450D98,0x450DC2,0x450E02,0x450E41,0x450E48,0x450E50,0x450E81,0x450EAC,
  0x450EEC,0x450F29,0x450F8C,0x450FE1,0x45102A,0x45108E,0x4510B8,0x4510DD,0x4510E3,0x4510FB,0x451133,0x45113A,
  0x451141,0x45114F,0x4511A5,0x4511C4,0x4511E5,0x45121F,0x451241,0x4512A8,0x4512D7,0x4512EE,0x45130D,0x451338,
  0x451357,0x45137C,0x4513F5,0x45140D,0x451429,0x451458,0x451485,0x4514A2,0x4514C2,0x4514F9,0x45152A,0x45155F,
  0x45156A,0x45159B,0x4515B8,0x4515D4,0x4515F6,0x451601,0x451655,0x451685,0x4516DE,0x451806,0x45181D,0x451834,
  0x451850,0x4518A0,0x4518CE,0x4518FC,0x451946,0x4519FC,0x451AE7,0x451B15,0x451BA8,0x451C31,0x451C52,0x451CDE,
  0x451CEA,0x451CF6,0x451DED,0x451E6A,0x451E9E,0x451ECD,0x451F59,0x451F84,0x451FCF,0x451FEA,0x452003,0x452072,
  0x45211F,0x452152,0x452345,0x45235B,0x452726,0x452754,0x4527A8,0x4528E7,0x45291B,0x4529FE,0x452A17,0x452A89,
  0x452AA4,0x452ABF,0x452B47,0x452B5A,0x452BD3,0x452C50,0x452DAE,0x452DD4,0x452E0E,0x452E4E,0x452FFC,0x45305C,
  0x453227,0x453302,0x45336B,0x4533A9,0x4534E9,0x45352E,0x45356B,0x453591,0x4535AB,0x4535CE,0x4535F0,0x453629,
  0x45365F,0x45367C,0x4536AB,0x4536D3,0x4536F0,0x453710,0x453744,0x45377E,0x4537CA,0x453800,0x45382E,0x453879,
  0x453895,0x4538DA,0x453903,0x45397C,0x453A37,0x453A9F,0x453AE0,0x453C51,0x453C86,0x453D27,0x453D47,0x453D87,
  0x453DC7,0x453DF2,0x453E1D,0x453F70,0x454095,0x4540F5,0x454186,0x4541FF,0x4542FD,0x454329,0x45433F,0x454356,
  0x454396,0x4543BB,0x4543E4,0x454465,0x4544B4,0x454548,0x4545E8,0x454617,0x454644,0x454661,0x454687,0x4546AC,
  0x4546DF,0x4546FA,0x454712,0x454778,0x45479A,0x4547D7,0x454804,0x454827,0x45486C,0x454922,0x45499A,0x4549ED,
  0x454A57,0x454AF0,0x454BB7,0x454C51,0x454CA0,0x454CBA,0x454CFC,0x454D34,0x454D4A,0x454D61,0x454D7E,0x454DA1,
  0x454E14,0x454EAD,0x454F1B,0x454F8B,0x45500F,0x45504E,0x45506A,0x455097,0x4550D8,0x45510E,0x45513B,0x455176,
  0x4551BA,0x455242,0x45532A,0x455404,0x455447,0x455656,0x4557B4,0x455A28,0x455A8C,0x455AB9,0x455AE4,0x455B36,
  0x455BE8,0x455E1E,0x455E5A,0x455EA0,0x455F30,0x455F47,0x455FAF,0x455FDE,0x4560B8,0x456192,0x4562F4,0x456323,
  0x45635C,0x45638F,0x4563BF,0x456484,0x4564B9,0x4564EE,0x456563,0x4565AC,0x4565C4,0x4565ED,0x45662C,0x456651,
  0x456676,0x456692,0x456726,0x456774,0x456796,0x456885,0x4568CC,0x45690E,0x45698D,0x4569EF,0x456A54,0x456A99,
  0x456B35,0x456BC5,0x456C4F,0x456CED,0x456D8B,0x456F0C,0x456F44,0x456FA0,0x457070,0x457105,0x457151,0x4571F2,
  0x4572AB,0x4572E4,0x457308,0x457331,0x45735A,0x457419,0x45743D,0x457461,0x457494,0x4574D8,0x45751C,0x45753A,
  0x4575A2,0x457662,0x4576F9,0x457742,0x4577C6,0x45785A,0x457873,0x45788F,0x4578DC,0x45794B,0x45799E,0x457A65,
  0x457B0B,0x457CE2,0x457EBF,0x457F17,0x458016,0x45802B,0x458034,0x45806D,0x458097,0x4580D7,0x4580FF,0x458118,
  0x458155,0x45818D,0x4581E0,0x458238,0x4582EA,0x458317,0x4583C9,0x458460,0x4584DC,0x4585C3,0x458788,0x458825,
  0x4588B9,0x458905,0x45894E,0x4589CE,0x458A53,0x458AE3,0x458C43,0x458D5C,0x458DFF,0x458F93,0x459129,0x459180,
  0x4591D4,0x4593EA,0x4594AF,0x4594F9,0x459560,0x4595B2,0x459680,0x4596BF,0x45974C,0x459788,0x4597BF,0x4597F2,
  0x459816,0x459856,0x459874,0x459965,0x459982,0x459AFE,0x459B55,0x459EC2,0x459F16,0x45A00C,0x45A02E,0x45A05F,
  0x45A10E,0x45A188,0x45A1F3,0x45A377,0x45A396,0x45A4B9,0x45A541,0x45A5F3,0x45A6A8,0x45A72D,0x45A84D,0x45A8B4,
  0x45A910,0x45A96C,0x45AC2F,0x45AC4E,0x45AD00,0x45AD49,0x45AD92,0x45AE1E,0x45B083,0x45B11E,0x45B268,0x45B2F8,
  0x45B436,0x45B43E,0x45B446,0x45B4E8,0x45B56F,0x45B884,0x45B952,0x45BFA8,0x45BFD1,0x45C047,0x45C119,0x45C18B,
  0x45C1F8,0x45C24F,0x45C2A6,0x45C2FD,0x45C33E,0x45C457,0x45C548,0x45C594,0x45C675,0x45CB33,0x45CB3B,0x45CC91,
  0x45CE4A,0x45D1D1,0x45D1E5,0x45D1FC,0x45D212,0x45D282,0x45D313,0x45D456,0x45D6B3,0x45D7BA,0x45D852,0x45D87E,
  0x45D8D5,0x45D964,0x45DA38,0x45DA8D,0x45DAFB,0x45E0A4,0x45E1A5,0x45E390,0x45E6FF,0x45E98F,0x45E9D1,0x45F152,
  0x45F4E0,0x45F7D0,0x45F839,0x45FA1F,0x45FB03,0x45FB92,0x45FBB9,0x45FDE4,0x45FED1,0x45FF7F,0x460056,0x4600B7,
  0x460423,0x4606F8,0x460ABF,0x460CF0,0x460D96,0x460EB2,0x460F44,0x461099,0x4610E7,0x4611B7,0x4611D3,0x4612E8,
  0x46139D,0x46154D,0x461A83,0x461CA3,0x461DA6,0x462001,0x462013,0x46201E,0x46202E,0x46203E,0x462088,0x46208D,
  0x462092,0x462132,0x46213F,0x46214C,0x46216E,0x462194,0x4621DA,0x4621FC,0x462201,0x462207,0x462227,0x462254,
  0x462285,0x4622A7,0x4622AC,0x46231F,0x462333,0x462355,0x4623A5,0x4624A4,0x4624C3,0x4624E2,0x462501,0x462520,
  0x46253F,0x46255A,0x46255F,0x46257A,0x462582,0x4625A7,0x4625CD,0x46261C,0x462637,0x4626A3,0x46273E,0x4627C1,
  0x462892,0x4628BF,0x462AC3,0x462B65,0x462B95,0x462B9B,0x462BDC,0x462C35,0x462C56,0x462C7D,0x462C8C,0x462CA6,
  0x462CAC,0x462D20,0x462D8B,0x462DBA,0x462E05,0x462E10,0x462E1B,0x462E26,0x462E3B,0x462E5C,0x462E72,0x462F43,
  0x462FF4,0x463035,0x46303B,0x463057,0x4630A5,0x463147,0x463163,0x4631B0,0x46320A,0x4632B1,0x463345,0x463362,
  0x463394,0x4633E3,0x46340C,0x463421,0x46344B,0x463468,0x463495,0x4634C2,0x463751,0x463A08,0x463A62,0x463A88,
  0x463AAE,0x463ACA,0x463BDE,0x463C0B,0x463C38,0x463C56,0x463C74,0x463D42,0x463DFC,0x463E6C,0x463FAC,0x463FC5,
  0x463FCB,0x463FDD,0x463FF8,0x464000,0x4649B9,0x464A02,0x464A09,0x464A63,0x464A7F,0x464AC1,0x464F76,0x464FDD,
  0x46500C,0x465033,0x4650B1,0x4650BC,0x4650DD,0x465207,0x4652D7,0x465472,0x4654B6,0x4654DC,0x4654F2,0x46550E,
  0x465569,0x4655DD,0x4655F8,0x465691,0x4656F0,0x465855,0x46586E,0x465885,0x46589B,0x4658B3,0x4658D7,0x465904,
  0x465982,0x465A8A,0x465AF4,0x465C6D,0x465CEA,0x465D71,0x465E57,0x465FC0,0x4660E4,0x46611A,0x466252,0x466870,
  0x46696A,0x4669DD,0x466A50,0x466AC3,0x466B36,0x466C4C,0x466F82,0x466FB8,0x467030,0x467073,0x46765B,0x46782B,
  0x46788E,0x4678D1,0x4678F3,0x4679C7,0x4679DB,0x467AD4,0x467B4D,0x467B94,0x467BB7,0x467BC2,0x467BE3,0x467BEE,
  0x467BF9,0x467C22,0x467C2F,0x467CBE,0x467D9A,0x467EAA,0x467F70,0x467FA7,0x4684FB,0x46850B,0x4685F0,0x468985,
  0x468A2A,0x468A4B,0x468B12,0x468B3F,0x468B5A,0x468BCB,0x468CC0,0x469312,0x4693E9,0x46947C,0x469503,0x4695CE,
  0x46973F,0x4697A4,0x4697BC,0x469828,0x46986B,0x4698B3,0x4698F9,0x469A13,0x46A227,0x46A250,0x46A354,0x46A3A3,
  0x46A3F2,0x46A4C8,0x46A575,0x46A91F,0x46A992,0x46AA05,0x46ABFE,0x46ACD7,0x46AF77,0x46AFCA,0x46B00F,0x46B0A0,
  0x46B3E4,0x46B62A,0x46B660,0x46B69A,0x46B6C0,0x46B704,0x46B735,0x46B76D,0x46BF3E,0x46BF9B,0x46C15B,0x46C1A0,
  0x46C1DA,0x46C1F3,0x46C67B,0x46C68F,0x46C695,0x46C6AB,0x46C6B9,0x46C6BE,0x46C6C3,0x46C6D4,0x46C6DA,0x46C6E7,
  0x46C6F5,0x46C716,0x46C728,0x46C734,0x46C748,0x46C754,0x46C768,0x46C771,0x46C77A,0x46C78E,0x46C797,0x46C7AB,
  0x46C7B4,0x46C7C8,0x46C7D1,0x46C7E5,0x46C7EE,0x46C802,0x46C80B,0x46C81F,0x46C828,0x46C83C,0x46C847,0x46C850,
  0x46C866,0x46C87C,0x46C882,0x46C88A,0x46C895,0x46C8FF,0x46CD52,0x46CD7E,0x46CDB3,0x46CDCF,0x46CF01,0x46D344,
  0x46D579,0x46D58B,0x46D58F,0x46D597,0x46D649,0x46D665,0x46D7A9,0x46DAD1,0x46DAEE,0x46DB43,0x46DB66,0x46DC7B,
  0x46DDCE,0x46DE0B,0x46DE44,0x46DE6C,0x46DEA9,0x46DFBA,0x46E3DF,0x46E411,0x46E5CD,0x46E5DA,0x46E5F9,0x46E613,
  0x46E687,0x46E691,0x46E6A9,0x46E6C2,0x46E6D7,0x46E6DC,0x46E6FB,0x46E712,0x46E724,0x46E72F,0x46E771,0x46E7DE,
  0x46E803,0x46E841,0x46E862,0x46E8A7,0x46E90D,0x46E918,0x46E93D,0x46EA85,0x46EABC,0x46EAD8,0x46EADD,0x46EAF8,
  0x46EB29,0x46EB45,0x46EB61,0x46EB7A,0x46EBBE,0x46EBE1,0x46EC26,0x46EC65,0x46EC7F,0x46ECB3,0x46ED23,0x46F049,
  0x46F054,0x46F070,0x46F1DA,0x46F1FD,0x46F289,0x46F323,0x46F34C,0x46F372,0x46F3E2,0x46F403,0x46F48E,0x46FE84,
  0x470176,0x4708B5,0x470A0B,0x470B7A,0x470B83,0x470F44,0x47177E,0x471A5B,0x471CD3,0x471D19,0x471D36,0x471D4D,
  0x471D5E,0x471D8F,0x471DC4,0x471DD2,0x471E00,0x471E19,0x471E29,0x471EAB,0x471EB8,0x471ED5,0x471F0E,0x472002,
  0x472075,0x472092,0x47209D,0x4720A8,0x4720B2,0x47215C,0x4721B8,0x4721E4,0x4721EB,0x472218,0x472234,0x47223E,
  0x47224C,0x4722E4,0x472328,0x472345,0x472356,0x472365,0x472374,0x472381,0x47238E,0x4723D1,0x4723EC,0x4723FB,
  0x472448,0x472480,0x47266B,0x472792,0x4727F9,0x472857,0x472872,0x47288A,0x4728B7,0x4728D3,0x4728FC,0x472958,
  0x472980,0x4729BD,0x472A50,0x472A96,0x472BC2,0x472BEC,0x472CA4,0x472CF2,0x472EF4,0x4730E2,0x473190,0x47321C,
  0x47328A,0x4732A9,0x4734E9,0x473565,0x4735AB,0x473A21,0x473AAB,0x473CAD,0x473F0A,0x473F27,0x4740D0,0x4741CA,
  0x4741E1,0x4741FA,0x4742AC,0x47433D,0x4743EA,0x474426,0x4744B3,0x47452A,0x474624,0x47469F,0x47478D,0x474810,
  0x474901,0x47497C,0x474A6A,0x474ADA,0x474B64,0x474DC9,0x474F40,0x474F80,0x474FAA,0x474FDC,0x475010,0x475031,
  0x47530E,0x4754C3,0x47563D,0x475721,0x475727,0x47572D,0x475FCC,0x47603D,0x4760F7,0x4761A2,0x476C3F,0x4774A5,
  0x4774C6,0x4775AB,0x4775BC,0x4776A1,0x4776B2,0x47780B,0x47782D,0x477969,0x477AFA,0x477B04,0x477B28,0x477B6C,
  0x477B8E,0x477B94,0x477B9D,0x477BC9,0x477BDC,0x477C10,0x477C22,0x477C40,0x477C4E,0x477C72,0x477CA5,0x477CD6,
  0x477CE4,0x477D00,0x477D1C,0x477FE4,0x47802D,0x478067,0x4780DC,0x478180,0x4781F4,0x478231,0x478246,0x478289,
  0x478328,0x47836C,0x478374,0x478381,0x478389,0x4783D1,0x4783DE,0x478423,0x478429,0x478461,0x478494,0x47849A,
  0x4784B6,0x478553,0x47883B,0x4789B7,0x4789BC,0x4789D6,0x4789E6,0x478A05,0x478A50,0x478A6C,0x478A74,0x478A7C,
  0x478AAE,0x478B19,0x478B48,0x478B94,0x478C74,0x478C89,0x478CBE,0x478CDB,0x478CF8,0x478D41,0x478D62,0x478DC0,
  0x478E00,0x478E56,0x478E6D,0x478EC8,0x478EF1,0x478F2D,0x478F4B,0x478F78,0x478FA5,0x478FDB,0x478FF4,0x47900B,
  0x479062,0x479084,0x4790B5,0x4790D0,0x479114,0x479136,0x479170,0x4791E4,0x4791F4,0x47922F,0x479254,0x479289,
  0x4792B6,0x4792DC,0x479301,0x479389,0x47940F,0x47946B,0x4794DA,0x479503,0x479561,0x479687,0x4796A0,0x4796BB,
  0x4796F3,0x479707,0x47973A,0x479757,0x479775,0x4797F0,0x479822,0x479A90,0x479AD4,0x479B6D,0x479C24,0x479C67,
  0x479C84,0x479CFE,0x479DB1,0x479F6C,0x479FC4,0x479FD9,0x47A010,0x47A043,0x47A0AD,0x47AE2E,0x47AE9E,0x47AF52,
  0x47AF59,0x47AF67,0x47AF77,0x47AF8E,0x47AFE3,0x47B010,0x47B036,0x47B1BB,0x47B26E,0x47B289,0x47B356,0x47B396,
  0x47B3CB,0x47B3F9,0x47B422,0x47B62D,0x47B727,0x47B75A,0x47B7DA,0x47B816,0x47B83C,0x47B887,0x47B9BA,0x47B9D6,
  0x47B9DB,0x47BA74,0x47BB42,0x47BB7E,0x47BBBE,0x47BBE9,0x47BC0F,0x47BCC6,0x47BCF1,0x47BCF9,0x47BD49,0x47BDBB,
  0x47BE00,0x47BEBA,0x47BED3,0x47BF81,0x47BF9D,0x47BFDC,0x47BFFF,0x47C276,0x47D2C6,0x47D37D,0x47D397,0x47D3B4,
  0x47D3EB,0x47D5C9,0x47D889,0x47D8B0,0x47D9B3,0x47D9D7,0x47D9EB,0x47D9FF,0x47DA1B,0x47DA6E,0x47DAB6,0x47DACF,
  0x47DAFB,0x47DB59,0x47DB79,0x47DB9A,0x47DC3A,0x47DCA2,0x47DCC5,0x47DCE1,0x47DD09,0x47DD31,0x47DD57,0x47DD7A,
  0x47DDAC,0x47DDC2,0x47DDE7,0x47DE38,0x47DF23,0x47DFDB,0x47E021,0x47E14A,0x47E186,0x47E1BD,0x47E22F,0x47E273,
  0x47E2A2,0x47E2CF,0x47E2EB,0x47E332,0x47E34F,0x47E3D7,0x47E462,0x47E484,0x47E4AA,0x47E4C7,0x47E4E2,0x47E52B,
  0x47E574,0x47E5B7,0x47E5D3,0x47E6EC,0x47E7EE,0x47E865,0x47EA2B,0x47F25A,0x47F2DD,0x47F35B,0x47F3DA,0x47F403,
  0x47F420,0x47F464,0x47F491,0x47F544,0x47F663,0x47F695,0x47F727,0x47F75F,0x47F7AA,0x47F85D,0x47F932,0x47FB66,
  0x47FB9B,0x47FBB0,0x47FF7C,0x47FFA9,0x47FFD6,0x480015,0x480752,0x48095C,0x480C03,0x481313,0x48133E,0x481364,
  0x4813E1,0x48149E,0x48155B,0x4815C3,0x48162B,0x48168B,0x4817E2,0x481854,0x48186D,0x4818AF,0x481989,0x481A0D,
  0x481A76,0x481AEC,0x481CA3,0x481CA9,0x481CB1,0x481CB9,0x481CD5,0x481E6F,0x481EA5,0x481EE2,0x481F2B,0x481FDD,
  0x48208F,0x4820C5,0x4821C5,0x4822AD,0x4822C3,0x4822DF,0x482415,0x4824AE,0x4824CA,0x482549,0x482576,0x4825A8,
  0x4825DF,0x48262E,0x48264A,0x48265A,0x4826A3,0x4826FB,0x48272C,0x4827D4,0x4827DF,0x4827F5,0x48287A,0x4828B7,
  0x48292C,0x482A0C,0x482E90,0x482F09,0x482F92,0x483142,0x4831B3,0x483221,0x48331B,0x483412,0x48343C,0x48363E,
  0x483663,0x483675,0x4836E0,0x4837E8,0x483870,0x483963,0x483985,0x4839F7,0x483A36,0x483A52,0x483B67,0x483BD2,
  0x483EEB,0x484479,0x484566,0x484606,0x484650,0x484662,0x48470D,0x484A85,0x484ADF,0x484B07,0x484B18,0x484B2E,
  0x484B43,0x484B65,0x484BB3,0x484BD7,0x484D58,0x484D74,0x484E23,0x484E9E,0x484F05,0x484FAB,0x485101,0x485126,
  0x485149,0x48518C,0x4851AF,0x4851D2,0x4851F5,0x485218,0x48527B,0x485337,0x48546A,0x4857FB,0x485839,0x485846,
  0x485860,0x48589E,0x4858DC,0x48598E,0x485999,0x4859C7,0x4859E3,0x485A8F,0x485A9A,0x485AC5,0x485AD3,0x485B79,
  0x485DB0,0x485E5F,0x485F0F,0x486036,0x486095,0x486146,0x48623E,0x486253,0x486303,0x486352,0x4863B6,0x4863C8,
  0x486460,0x4864F9,0x48657E,0x48660E,0x4866A7,0x486758,0x4867F1,0x48688A,0x486D86,0x486ED6,0x486F02,0x486F0A,
  0x486F26,0x486F76,0x48713E,0x487286,0x4872A7,0x4872DD,0x48731A,0x487321,0x487328,0x48732F,0x487336,0x487343,
  0x487350,0x48735D,0x487376,0x487395,0x4873EF,0x48741A,0x4874A7,0x48757B,0x48761D,0x487668,0x4876C6,0x48862B,
  0x488630,0x48868B,0x4887DA,0x48885E,0x48891C,0x4889A0,0x488A24,0x488C16,0x488E36,0x488F7E,0x4890EE,0x489148,
  0x489165,0x489194,0x4891F3,0x48924F,0x4892B4,0x48930C,0x489328,0x489364,0x489570,0x48976D,0x489817,0x489A28,
  0x489AB6,0x489AC8,0x489AEE,0x489B13,0x489B40,0x489B77,0x489BE6,0x489C32,0x489EA9,0x489F55,0x489F96,0x48A417,
  0x48A6D9,0x48A72D,0x48A91F,0x48A937,0x48A953,0x48AB28,0x48ADB3,0x48ADF2,0x48AE10,0x48AE2D,0x48AE53,0x48AF05,
  0x48AF82,0x48AFC1,0x48AFF8,0x48B0B5,0x48B0EB,0x48B107,0x48B442,0x48B44C,0x48B450,0x48B465,0x48B476,0x48B480,
  0x48B48E,0x48B49C,0x48B4A1,0x48B4AF,0x48B4B3,0x48B4BD,0x48B4C7,0x48B4CB,0x48B4D9,0x48B4F0,0x48B4FF,0x48B518,
  0x48B52E,0x48B563,0x48B56F,0x48B576,0x48B595,0x48B59C,0x48B5A3,0x48B5B4,0x48B5C5,0x48B5CB,0x48B5D3,0x48B5DA,
  0x48B5E1,0x48B5EE,0x48B5F5,0x48B5FC,0x48B60E,0x48B612,0x48B619,0x48B626,0x48B62D,0x48B63A,0x48B641,0x48B64E,
  0x48B655,0x48B659,0x48B666,0x48B66D,0x48B671,0x48B67C,0x48B689,0x48B694,0x48B69F,0x48B6A4,0x48B7B1,0x48BB6A,
  0x48BCF2,0x48C774,0x48CA7A,0x48CA7F,0x48CB23,0x48CB5E,0x48CB99,0x48CBFE,0x48CD07,0x48CDBD,0x48CEA3,0x48D14D,
  0x48D26B,0x48D42A,0x48D45E,0x48D762,0x48D799,0x48D7A4,0x48D7C0,0x48DA54,0x48DACD,0x48DAD1,0x48DB3C,0x48DC7F,
  0x48DE36,0x48DE75,0x48DE7D,0x48DE99,0x48DEFA,0x48DF3E,0x48DF6D,0x48E0EE,0x48E7E8,0x48E83A,0x48E889,0x48E8CB,
  0x48E8DF,0x48E8E6,0x48E8ED,0x48E8F4,0x48E901,0x48E908,0x48E90F,0x48E916,0x48E91D,0x48E923,0x48E927,0x48E931,
  0x48E937,0x48E96C,0x48EA1A,0x48EA1F,0x48EA24,0x48EA29,0x48EAD8,0x48EC8B,0x48ECD0,0x48ECD8,0x48ECF4,0x48EDED,
  0x48F5B0,0x48F5C2,0x48F5FC,0x48F602,0x48F60D,0x48F642,0x48F66D,0x48F69C,0x48F6C7,0x48F6F6,0x48F725,0x48F773,
  0x48F7E3,0x48F80E,0x48F83D,0x48F86C,0x48F871,0x48F881,0x48F89D,0x48F8B5,0x48F8D7,0x48F91D,0x48F923,0x48F943,
  0x48F977,0x48F998,0x48FA07,0x48FA2A,0x48FA46,0x48FA62,0x48FA88,0x48FAC3,0x48FADF,0x48FB04,0x48FB37,0x48FBF6,
  0x48FC60,0x48FD1A,0x48FD3B,0x48FD6A,0x48FDD1,0x48FDEA,0x48FE18,0x48FE84,0x48FF8E,0x48FFAA,0x490098,0x49009F,
  0x4900DA,0x4900F1,0x490140,0x490160,0x490166,0x490176,0x49017B,0x490180,0x4901F7,0x4901FF,0x4902B5,0x490376,
  0x490931,0x49093C,0x490940,0x49094B,0x4909A9,0x490A89,0x490A90,0x490AA1,0x490AAA,0x490AB7,0x490AC4,0x490AC8,
  0x490AE4,0x490B1C,0x490B38,0x490B52,0x490BBF,0x490CEC,0x490D08,0x490EE6,0x49112C,0x491285,0x4913EE,0x491426,
  0x49144C,0x491478,0x4914B6,0x491673,0x4916D9,0x4916FE,0x491709,0x49172D,0x49177E,0x491790,0x4917AF,0x4917C7,
  0x4917D6,0x4917E5,0x491804,0x491811,0x491830,0x49184F,0x4918A9,0x4918B8,0x4918F6,0x491907,0x49191D,0x49192E,
  0x49193F,0x491950,0x491961,0x491977,0x491986,0x4919E0,0x4919FE,0x491A06,0x491AEF,0x491B2B,0x491B47,0x491F1A,
  0x491F82,0x4920B4,0x4920F4,0x492201,0x49223A,0x492333,0x492393,0x4923F0,0x49249D,0x4927E0,0x492AAD,0x492AC8,
  0x492B6A,0x492BDB,0x492C35,0x492CE9,0x492E5F,0x492F0F,0x4932CC,0x493317,0x4934D3,0x493547,0x493563,0x4936CB,
  0x49402E,0x49404A,0x49405A,0x494117,0x4943E1,0x49449C,0x4944A0,0x4944C9,0x4944E7,0x494615,0x494644,0x49465C,
  0x494695,0x4946D6,0x494730,0x494794,0x4947BF,0x494818,0x4948AB,0x494908,0x494924,0x494996,0x494B87,0x494BF8,
  0x494C10,0x494C2B,0x494C49,0x494C65,0x494D43,0x494D4A,0x494D67,0x495228,0x497CE4,0x497D00,0x497E7E,0x497EB9,
  0x497ED5,0x497EF6,0x497F01,0x497F30,0x497F49,0x497F4D,0x497F52,0x497F60,0x497FD1,0x49801B,0x498038,0x498053,
  0x49806F,0x498098,0x4980EF,0x498144,0x49829C,0x49845B,0x498477,0x4984B4,0x49855D,0x498593,0x4985CB,0x4985D0,
  0x498698,0x4986B4,0x4986C4,0x4986C8,0x498796,0x4987AA,0x4987E2,0x4987FE,0x498875,0x49895E,0x4989CD,0x4989FD,
  0x498A63,0x498ADB,0x498B15,0x498B1A,0x498C2B,0x498CBC,0x4992F6,0x499310,0x499333,0x4993BE,0x4993DA,0x49957B,
  0x4997D8,0x499A56,0x499C60,0x499CD9,0x499D54,0x499D6D,0x499D8F,0x499DEA,0x499E27,0x499E84,0x499EAF,0x499F18,
  0x499F9F,0x49A065,0x49A128,0x49A2EB,0x49A422,0x49A42C,0x49A437,0x49A4C5,0x49A4D0,0x49A4D4,0x49A4FB,0x49A527,
  0x49A597,0x49A5B1,0x49A630,0x49A64F,0x49A678,0x49A6A1,0x49A6A8,0x49A6B9,0x49A707,0x49A725,0x49A743,0x49A74E,
  0x49A779,0x49A7A1,0x49A899,0x49A991,0x49A9A6,0x49A9CF,0x49AA24,0x49AAAC,0x49AAB8,0x49AC67,0x49AC8D,0x49AF11,
  0x49B1EB,0x49B4A5,0x49B618,0x49B799,0x49B934,0x49BAEC,0x49BB35,0x49BB45,0x49BB8B,0x49BE23,0x49BEFD,0x49C185,
  0x49C215,0x49C384,0x49C3DF,0x49C79C,0x49CF5C,0x49D0E9,0x49D0EE,0x49D0F3,0x49D0F7,0x49D0FB,0x49D100,0x49D105,
  0x49D26D,0x49D3AC,0x49D3C8,0x49D408,0x49D433,0x49D552,0x49D565,0x49D5FF,0x49D614,0x49D641,0x49D810,0x49F474,
  0x49F6D3,0x49F6EB,0x49F700,0x49F718,0x49F730,0x49F768,0x49F76E,0x49F774,0x49F7BC,0x49FD32,0x49FEF4,0x4A01E0,
  0x4A01F2,0x4A0204,0x4A021C,0x4A0234,0x4A024C,0x4A0264,0x4A026A,0x4A0270,0x4A03C5,0x4A04DD,0x4A05B5,0x4A05C7,
  0x4A06AA,0x4A06C2,0x4A06E5,0x4A06FD,0x4A0715,0x4A071B,0x4A0721,0x4A0CA9,0x4A0CE7,0x4A0CFF,0x4A0D17,0x4A0D2F,
  0x4A0D47,0x4A0D4D,0x4A0D53,0x4A0FD5,0x4A0FE7,0x4A0FFF,0x4A1017,0x4A102F,0x4A1047,0x4A104D,0x4A1053,0x4A1130,
  0x4A16E4,0x4A16F6,0x4A1B20,0x4A1B38,0x4A1B50,0x4A1B68,0x4A1B80,0x4A1B86,0x4A1B8C,0x4A1D36,0x4A1FF3,0x4A2005,
  0x4A2059,0x4A2071,0x4A2098,0x4A20B0,0x4A20C8,0x4A20E0,0x4A20F8,0x4A2110,0x4A2116,0x4A211C,0x4A2122,0x4A2128,
  0x4A2226,0x4A2758,0x4A295A,0x4A2B1A,0x4A2B2C,0x4A2CF8,0x4A2D10,0x4A2D28,0x4A2D40,0x4A2D58,0x4A2D5E,0x4A2D64,
  0x4A3419,0x4A3799,0x4A37AB,0x4A37BD,0x4A37D4,0x4A37EC,0x4A3804,0x4A381C,0x4A3834,0x4A383A,0x4A3840,0x4A3952,
  0x4A3B2A,0x4A3D19,0x4A3D2B,0x4A3D55,0x4A3D6D,0x4A3D85,0x4A3D9D,0x4A3DB5,0x4A3DBB,0x4A3DC1,0x4A3DC6,0x4A3ECB,
  0x4A40B0,0x4A417C,0x4A418E,0x4A41E7,0x4A422F,0x4A427E,0x4A42CD,0x4A431F,0x4A4337,0x4A434F,0x4A4367,0x4A4372,
  0x4A438A,0x4A43A2,0x4A43FE,0x4A44F6,0x4A4585,0x4A4A25,0x4A4CAB,0x4A4CB1,0x4A4CB7,0x4A4CD3,0x4A4E03,0x4A5112,
  0x4A5A2C,0x4A5A3E,0x4A5ABC,0x4A5AD4,0x4A5B04,0x4A5B14,0x4A5B19,0x4A5B5A,0x4A5C54,0x4A5E46,0x4A5E7E,0x4A67DE,
  0x4A67FA,0x4A71A5,0x4A71CB,0x4A71FA,0x4A7239,0x4A7266,0x4A7293,0x4A72C1,0x4A72FC,0x4A7334,0x4A736C,0x4A73A1,
  0x4A73C6,0x4A73F9,0x4A7422,0x4A748E,0x4A74D2,0x4A7567,0x4A75E5,0x4A761E,0x4A7656,0x4A7680,0x4A7723,0x4A77FE,
  0x4A7821,0x4A7861,0x4A78AA,0x4A78CE,0x4A792A,0x4A7AD8,0x4A7B57,0x4A7BEE,0x4A7C71,0x4A7CFA,0x4A7E67,0x4A7F61,
  0x4A80B4,0x4A80FE,0x4A823F,0x4A826A,0x4A8286,0x4A82A0,0x4A82C3,0x4A8333,0x4A83AD,0x4A83F1,0x4A83F9,0x4A8411,
  0x4A842B,0x4A8454,0x4A8467,0x4A84A3,0x4A84C8,0x4A84D6,0x4A84E4,0x4A84F0,0x4A84FC,0x4A8508,0x4A851E,0x4A8534,
  0x4A8553,0x4A8561,0x4A857B,0x4A8589,0x4A859D,0x4A85A9,0x4A865B,0x4A869E,0x4A86AC,0x4A86CB,0x4A86DE,0x4A86F9,
  0x4A8714,0x4A8730,0x4A8784,0x4A882F,0x4A889E,0x4A88C1,0x4A88EE,0x4A891B,0x4A897D,0x4A8983,0x4A8989,0x4A89BD,
  0x4A8A96,0x4A8AD5,0x4A8C82,0x4A8F1E,0x4A8F60,0x4A8F76,0x4A8F95,0x4A91CE,0x4A922B,0x4A9247,0x4A9265,0x4A9291,
  0x4A92BD,0x4A93BB,0x4A963C,0x4A96CA,0x4A9739,0x4A97C7,0x4A97FB,0x4A980D,0x4A981F,0x4A9845,0x4A986A,0x4A9890,
  0x4A98B5,0x4A98D0,0x4A98EC,0x4A9926,0x4A994B,0x4A999B,0x4A9F5A,0x4A9FB5,0x4A9FE4,0x4AA1B5,0x4AA23E,0x4AA26A,
  0x4AA369,0x4AA6AE,0x4AA6E7,0x4AA709,0x4AA729,0x4AA75F,0x4AA7C4,0x4AA840,0x4AA85C,0x4AA90C,0x4AA9C9,0x4AAA83,
  0x4AAA9F,0x4AAABB,0x4AAAD7,0x4AAAF8,0x4AAB44,0x4AAB60,0x4AAB96,0x4AADE5,0x4AAE1C,0x4AAE88,0x4AB1FE,0x4AB2F4,
  0x4AB313,0x4AB359,0x4AB432,0x4AB585,0x4AB5ED,0x4AB623,0x4AB66F,0x4AB6FE,0x4AB717,0x4AB766,0x4AB800,0x4AB896,
  0x4ABCEC,0x4ABEBC,0x4ABF0A,0x4AC035,0x4AC09C,0x4AC0EF,0x4AC284,0x4AC4ED,0x4AD0EA,0x4AD0EF,0x4AD10B,0x4AD126,
  0x4AD159,0x4AD164,0x4AD191,0x4AD1B7,0x4AD1F3,0x4AD215,0x4AD237,0x4AD25A,0x4AD288,0x4AD2BA,0x4AD2D8,0x4AD2EE,
  0x4AD328,0x4AD35A,0x4AD37C,0x4AD3C1,0x4AD3E9,0x4AD43C,0x4AD48F,0x4AD4AB,0x4AD5C0,0x4AD774,0x4AD85F,0x4AD8DB,
  0x4AD901,0x4AD927,0x4AD944,0x4AD95F,0x4AD985,0x4AD9D4,0x4ADB82,0x4ADBD1,0x4ADC20,0x4ADC78,0x4ADDC2,0x4ADE8F,
  0x4ADED4,0x4AE28E,0x4AE3CD,0x4AE4EA,0x4AE60B,0x4AE643,0x4AE692,0x4AE772,0x4AE91E,0x4AE986,0x4AE9EE,0x4AEA56,
  0x4AEA5E,0x4AEAC6,0x4AEB28,0x4AEB8A,0x4AEBA4,0x4AEBC7,0x4AEC01,0x4AEC41,0x4AF24A,0x4AF320,0x4AF504,0x4AF537,
  0x4AF552,0x4AF5DA,0x4AF76C,0x4AF8C3,0x4AF8E9,0x4AF99C,0x4AF9B5,0x4AFA72,0x4AFC82,0x4AFC9E,0x4AFCE2,0x4AFD00,
  0x4AFDE3,0x4AFED0,0x4AFF06,0x4AFFC2,0x4AFFF9,0x4B0042,0x4B017C,0x4B0193,0x4B01BE,0x4B021C,0x4B03F2,0x4B055D,
  0x4B08A7,0x4B0A98,0x4B1299,0x4B12A1,0x4B12C6,0x4B12E2,0x4B12E8,0x4B12FE,0x4B130F,0x4B1339,0x4B135C,0x4B1566,
  0x4B15BC,0x4B1601,0x4B1607,0x4B16E8,0x4B17F4,0x4B1810,0x4B19A4,0x4B1AD8,0x4B1AF4,0x4B1B39,0x4B1B3F,0x4B1B5A,
  0x4B1BC6,0x4B1C7B,0x4B21BA,0x4B21D4,0x4B2288,0x4B22FB,0x4B2374,0x4B2463,0x4B24C4,0x4B2506,0x4B2520,0x4B25DE,
  0x4B2619,0x4B262A,0x4B265F,0x4B2687,0x4B26AF,0x4B26E0,0x4B26E4,0x4B26F9,0x4B271C,0x4B2785,0x4B2808,0x4B288B,
  0x4B291B,0x4B2964,0x4B2A03,0x4B2A1B,0x4B2A3B,0x4B2A5D,0x4B2A68,0x4B2A89,0x4B2A9B,0x4B2B36,0x4B2B41,0x4B2B92,
  0x4B2BA7,0x4B2BBF,0x4B2BDC,0x4B2C0D,0x4B2C18,0x4B2D5E,0x4B2DA8,0x4B2E3F,0x4B2F19,0x4B2F9E,0x4B300D,0x4B3049,
  0x4B304E,0x4B30C0,0x4B30DC,0x4B30E4,0x4B3155,0x4B31C9,0x4B32FD,0x4B3338,0x4B3350,0x4B337B,0x4B33FB,0x4B3478,
  0x4B349F,0x4B3531,0x4B359F,0x4B3609,0x4B3752,0x4B3766,0x4B3783,0x4B37A3,0x4B37BC,0x4B37E5,0x4B386C,0x4B389F,
  0x4B3907,0x4B3923,0x4B394D,0x4B396C,0x4B3999,0x4B39B8,0x4B39EF,0x4B3A14,0x4B3A65,0x4B3B5B,0x4B3B91,0x4B3BAE,
  0x4B3BCF,0x4B3C30,0x4B3C5F,0x4B3C7C,0x4B3CAB,0x4B3CDD,0x4B3D0C,0x4B3D3B,0x4B3D56,0x4B3D8D,0x4B3E9E,0x4B3ECD,
  0x4B4171,0x4B4186,0x4B41A6,0x4B41EC,0x4B421B,0x4B424F,0x4B4272,0x4B42F5,0x4B430B,0x4B433A,0x4B4379,0x4B4443,
  0x4B44F3,0x4B4514,0x4B4538,0x4B4679,0x4B4699,0x4B48E0,0x4B49CF,0x4B4A30,0x4B4B23,0x4B4FBC,0x4B4FFD,0x4B516C,
  0x4B51B5,0x4B52C8,0x4B5497,0x4B55D5,0x4B5809,0x4B5814,0x4B582B,0x4B583C,0x4B5A01,0x4B5AA9,0x4B5B2A,0x4B5BC7,
  0x4B5C03,0x4B5C3F,0x4B5C5C,0x4B5C89,0x4B5CB6,0x4B5CE2,0x4B5D0F,0x4B5D35,0x4B5D5A,0x4B5DA2,0x4B5DD1,0x4B5DE8,
  0x4B5E05,0x4B5F39,0x4B5F66,0x4B5F83,0x4B5FA0,0x4B5FBB,0x4B5FED,0x4B601F,0x4B604C,0x4B6067,0x4B6099,0x4B60F9,
  0x4B60FF,0x4B612F,0x4B617F,0x4B61FC,0x4B623E,0x4B628A,0x4B62E4,0x4B6385,0x4B6486,0x4B64AB,0x4B64EB,0x4B652C,
  0x4B6532,0x4B656C,0x4B6588,0x4B65BA,0x4B65FE,0x4B661E,0x4B663E,0x4B66CD,0x4B675E,0x4B6789,0x4B67D4,0x4B686D,
  0x4B6C99,0x4B6CDD,0x4B6D0E,0x4B6D5F,0x4B6F12,0x4B7378,0x4B7384,0x4B75EB,0x4B7664,0x4B7748,0x4B7A22,0x4B7A59,
  0x4B7B07,0x4B7BA0,0x4B8149,0x4B86BA,0x4B8701,0x4B877D,0x4B87D4,0x4B8803,0x4B8A32,0x4B8A67,0x4B8A90,0x4B8AB9,
  0x4B8AE2,0x4B8B06,0x4B8B37,0x4B8C21,0x4B8C31,0x4B8C4E,0x4B8C7B,0x4B8CA8,0x4B8CE5,0x4B8D0A,0x4B8D4A,0x4B8D6C,
  0x4B8D87,0x4B8DEB,0x4B8E08,0x4B8E25,0x4B8EAD,0x4B8F33,0x4B8F60,0x4B8F90,0x4B8FBD,0x4B8FE2,0x4B902A,0x4B903A,
  0x4B905B,0x4B9100,0x4B91E2,0x4B927E,0x4B9296,0x4B92D3,0x4B931E,0x4B9460,0x4B94BC,0x4B95AD,0x4B9696,0x4BA427,
  0x4BA4FF,0x4BA5BB,0x4BA693,0x4BA74F,0x4BABBA,0x4BAC65,0x4BAC80,0x4BACA2,0x4BAE30,0x4BAE68,0x4BAEA0,0x4BAEC2,
  0x4BAEE4,0x4BB023,0x4BB149,0x4BB16F,0x4BB19C,0x4BB1C9,0x4BB1F6,0x4BB223,0x4BB250,0x4BB27D,0x4BB2A3,0x4BB2C8,
  0x4BB2E5,0x4BB30B,0x4BB330,0x4BB356,0x4BB37B,0x4BB3A0,0x4BB3C6,0x4BB3EB,0x4BB411,0x4BB436,0x4BB454,0x4BB481,
  0x4BB4A7,0x4BB4C2,0x4BB4EF,0x4BB514,0x4BB539,0x4BB55F,0x4BB5D5,0x4BB5F4,0x4BB69B,0x4BB76A,0x4BB7EB,0x4BB86C,
  0x4BB893,0x4BB8F0,0x4BB948,0x4BB972,0x4BB997,0x4BB9B4,0x4BB9DA,0x4BB9FF,0x4BBAD0,0x4BBB43,0x4BBBB6,0x4BBC87,
  0x4BBCE9,0x4BBD4B,0x4BBE0F,0x4BBE6C,0x4BBE99,0x4BBEC6,0x4BBEF3,0x4BBF20,0x4BBF50,0x4BBF90,0x4BC0CD,0x4BC171,
  0x4BC18D,0x4BC4DB,0x4BC538,0x4BC552,0x4BC5B2,0x4BC61D,0x4BC68F,0x4BC6EA,0x4BC706,0x4BC720,0x4BC7DD,0x4BC882,
  0x4BC93F,0x4BC95D,0x4BC991,0x4BC9B6,0x4BC9CF,0x4BC9E8,0x4BCA01,0x4BCA1A,0x4BCA33,0x4BCA4C,0x4BCA65,0x4BCC4D,
  0x4BCE4E,0x4BCE68,0x4BD1F8,0x4BD250,0x4BD299,0x4BD2D5,0x4BD389,0x4BD3FC,0x4BD465,0x4BD483,0x4BD4AA,0x4BD4CE,
  0x4BD5E7,0x4BD679,0x4BD70E,0x4BD789,0x4BD963,0x4BD9A7,0x4BDED7,0x4BE552,0x4BE587,0x4BEF4A,0x4BF0B5,0x4BF15E,
  0x4BF2B3,0x4BF2D8,0x4BF4D9,0x4BF501,0x4BF529,0x4BFAF4,0x4BFB07,0x4BFB46,0x4BFB85,0x4BFBC4,0x4BFC03,0x4BFC42,
  0x4BFC81,0x4BFCC0,0x4BFCF3,0x4BFD26,0x4BFD44,0x4BFD62,0x4BFE64,0x4BFF18,0x4BFFE6,0x4C009A,0x4C010E,0x4C013B,
  0x4C0168,0x4C0195,0x4C01BA,0x4C01E0,0x4C0205,0x4C022B,0x4C0250,0x4C02B7,0x4C02FA,0x4C03AC,0x4C03DE,0x4C0445,
  0x4C046E,0x4C04A3,0x4C08CC,0x4C0911,0x4C0917,0x4C091D,0x4C0B15,0x4C0B38,0x4C0B88,0x4C0BC0,0x4C0CBC,0x4C0E53,
  0x4C0FAE,0x4C1068,0x4C108E,0x4C12AC,0x4C12EB,0x4C1335,0x4C1379,0x4C13AC,0x4C1463,0x4C1515,0x4C15C7,0x4C167E,
  0x4C1732,0x4C1750,0x4C176E,0x4C178C,0x4C185A,0x4C1928,0x4C1A2C,0x4C1A52,0x4C1A7F,0x4C1AAC,0x4C1ADB,0x4C1B03,
  0x4C1B29,0x4C1B4E,0x4C1B6B,0x4C1B98,0x4C1BB5,0x4C1C16,0x4C1E7B,0x4C204B,0x4C216F,0x4C21EE,0x4C229C,0x4C232A,
  0x4C236F,0x4C238A,0x4C2505,0x4C29A4,0x4C2A06,0x4C2A48,0x4C2AA5,0x4C2ADC,0x4C2B13,0x4C2B4A,0x4C2B81,0x4C2BB8,
  0x4C2C6F,0x4C2D26,0x4C2DE2,0x4C2E0F,0x4C2E3E,0x4C2E66,0x4C2E95,0x4C2EEC,0x4C2F4E,0x4C2FC0,0x4C30BD,0x4C317B,
  0x4C3321,0x4C33C8,0x4C34A2,0x4C3731,0x4C3A02,0x4C3B25,0x4C3D1F,0x4C3D56,0x4C3D8D,0x4C3DC4,0x4C3DFB,0x4C3E5D,
  0x4C3E7A,0x4C3E97,0x4C3EB0,0x4C3EC9,0x4C3EEE,0x4C3FD5,0x4C425B,0x4C42A8,0x4C436D,0x4C442E,0x4C444C,0x4C4483,
  0x4C44B6,0x4C44E9,0x4C4501,0x4C451D,0x4C52FE,0x4C5CC5,0x4C5F72,0x4C5FBC,0x4C6006,0x4C6039,0x4C6057,0x4C6075,
  0x4C612F,0x4C6147,0x4C6211,0x4C634E,0x4C643E,0x4C6514,0x4C6D93,0x4C6E1A,0x4C6E64,0x4C6F18,0x4C6FCF,0x4C6FED,
  0x4C701A,0x4C7049,0x4C7071,0x4C70C3,0x4C72BE,0x4C78D9,0x4C7910,0x4C794F,0x4C7986,0x4C7A45,0x4C7A63,0x4C7B8C,
  0x4C7C56,0x4C7D11,0x4C7D2D,0x4C7D67,0x4C7E26,0x4C7E42,0x4C7FBC,0x4C7FF6,0x4C800E,0x4C827D,0x4C82BC,0x4C82DA,
  0x4C83FE,0x4C84BD,0x4C84D9,0x4C8513,0x4C85E9,0x4C8840,0x4C893A,0x4C894B,0x4C899A,0x4C89E2,0x4C89F9,0x4C8A0B,
  0x4C8A31,0x4C8A56,0x4C8A6C,0x4C9105,0x4C911E,0x4C915D,0x4C917B,0x4C91F3,0x4C9229,0x4C92D8,0x4C931D,0x4C9323,
  0x4C932F,0x4C93E1,0x4C93FD,0x4C9419,0x4C9450,0x4C97BC,0x4C97E6,0x4C982B,0x4C9831,0x4C984A,0x4C9865,0x4C9871,
  0x4C9892,0x4C98BA,0x4C98D5,0x4C99DA,0x4C9A23,0x4C9A39,0x4C9E15,0x4C9E27,0x4C9E4B,0x4C9E60,0x4C9E7D,0x4C9F37,
  0x4C9FDB,0x4CA020,0x4CA026,0x4CA095,0x4CA0EF,0x4CA1AE,0x4CA1CA,0x4CA3FE,0x4CA481,0x4CA61C,0x4CA654,0x4CA699,
  0x4CA69F,0x4CA6B8,0x4CA6F0,0x4CA6F5,0x4CA70E,0x4CA74C,0x4CA768,0x4CA784,0x4CA936,0x4CA9B6,0x4CAA7B,0x4CABE8,
  0x4CAD65,0x4CADAA,0x4CADB0,0x4CAE6F,0x4CB013,0x4CB0B8,0x4CBF6E,0x4CBF8E,0x4CBFFB,0x4CD634,0x4CD644,0x4CD660,
  0x4CD6F7,0x4CD721,0x4CD7BC,0x4CD830,0x4CD892,0x4CD8DE,0x4CD91D,0x4CD93B,0x4CD95E,0x4CDBD2,0x4CDBD7,0x4CDEDA,
  0x4CDF58,0x4CDFA8,0x4CE02B,0x4CE154,0x4CE1E2,0x4CE227,0x4CE22D,0x4CE244,0x4CE260,0x4CE320,0x4CE341,0x4CE35D,
  0x4CE363,0x4CE3A8,0x4CE48F,0x4CE4FD,0x4CE5AF,0x4CE5CF,0x4CE5D5,0x4CE61A,0x4CE62B,0x4CE672,0x4CE68E,0x4CE6AE,
  0x4CE6B4,0x4CE6BF,0x4CE704,0x4CE715,0x4CE74B,0x4CE75C,0x4CE777,0x4CE793,0x4CE84C,0x4CE868,0x4CE8CA,0x4CE8FF,
  0x4CE91B,0x4CE95F,0x4CE965,0x4CE971,0x4CE9B6,0x4CEA1C,0x4CEA6F,0x4CEADF,0x4CEB80,0x4CEBCA,0x4CEC28,0x4CEC3A,
  0x4CEC60,0x4CEC85,0x4CECA1,0x4CECB5,0x4CECC9,0x4CECF6,0x4CED1C,0x4CED41,0x4CEDFE,0x4CEE3D,0x4CEE74,0x4CEEB6,
  0x4CEF06,0x4CEF61,0x4CF013,0x4CF02F,0x4CF066,0x4CF121,0x4CF240,0x4CF246,0x4CF29D,0x4CF2B5,0x4CF488,0x4CF4D0,
  0x4CF515,0x4CF580,0x4CF5B6,0x4CF5D2,0x4CF5EE,0x4CF73F,0x4CF7C6,0x4CF839,0x4CF87E,0x4CF884,0x4CFA9A,0x4CFC30,
  0x4CFC4C,0x4CFC54,0x4CFC5C,0x4CFC89,0x4CFCAF,0x4CFCD4,0x4CFD13,0x4CFD6F,0x4CFDB4,0x4CFE66,0x4CFE82,0x4CFEB9,
  0x4CFF2A,0x4CFF82,0x4CFFBE,0x4D0003,0x4D0009,0x4D0051,0x4D0090,0x4D00AC,0x4D00C8,0x4D00CD,0x4D03D4,0x4D0403,
  0x4D0409,0x4D0463,0x4D049D,0x4D04E2,0x4D0512,0x4D052E,0x4D0814,0x4D0830,0x4D0860,0x4D0933,0x4D09B5,0x4D09E1,
  0x4D0A35,0x4D0A7C,0x4D0B63,0x4D0B7F,0x4D0C10,0x4D0C16,0x4D0C5B,0x4D0C77,0x4D0D05,0x4D0EAF,0x4D0EC5,0x4D0F08,
  0x4D0F24,0x4D0F54,0x4D0F87,0x4D0FCB,0x4D1000,0x4D102E,0x4D1071,0x4D1077,0x4D10BC,0x4D1109,0x4D11EE,0x4D120A,
  0x4D12FA,0x4D13A7,0x4D13AD,0x4D13F1,0x4D1417,0x4D148A,0x4D152D,0x4D15C2,0x4D15DC,0x4D164A,0x4D1666,0x4D1682,
  0x4D169C,0x4D16EA,0x4D170C,0x4D1732,0x4D17AF,0x4D1818,0x4D185C,0x4D187F,0x4D189B,0x4D18C8,0x4D18E4,0x4D18E9,
  0x4D1981,0x4D1A60,0x4D1A89,0x4D1ACD,0x4D20C6,0x4D3149,0x4D31D4,0x4D3255,0x4D32AF,0x4D32D9,0x4D344C,0x4D34C3,
  0x4D34EE,0x4D3584,0x4D361E,0x4D387D,0x4D3A77,0x4D3B02,0x4D3CA8,0x4D3D35,0x4D3D9B,0x4D3DEF,0x4D3E22,0x4D3E5F,
  0x4D3F2F,0x4D3F48,0x4D3FC8,0x4D40CA,0x4D412F,0x4D418D,0x4D4222,0x4D4270,0x4D4297,0x4D42C8,0x4D42CD,0x4D471C,
  0x4D479B,0x4D4807,0x4D491A,0x4D4995,0x4D4B36,0x4D4D1D,0x4D4F64,0x4D52A2,0x4D555C,0x4D58EC,0x4D615D,0x4D61D4,
  0x4D621F,0x4D628B,0x4D62A3,0x4D62BE,0x4D6307,0x4D6481,0x4D652E,0x4D65FD,0x4D6678,0x4D6F9F,0x4D6FFA,0x4D718E,
  0x4D7217,0x4D75EA,0x4D761A,0x4D7EE8,0x4D8C8B,0x4D9151,0x4D9394,0x4D946E,0x4D95F7,0x4D971F,0x4D9AFE,0x4DA5AE,
  0x4DA694,0x4DA93A,0x4DAEEF,0x4DB126,0x4DBD69,0x4DBDB4,0x4DBE17,0x4DC068,0x4DC2D7,0x4DC5AD,0x4DC820,0x4DC94C,
  0x4DCAC7,0x4DCCC9,0x4DCF68,0x4DD055,0x4DD0B7,0x4DD0F7,0x4DD187,0x4DD1BE,0x4DD1D9,0x4DD1F4,0x4DD20F,0x4DD362,
  0x4DD3C2,0x4DD43F,0x4DD6BE,0x4DDB59,0x4DDD96,0x4DDDD9,0x4DDE47,0x4DDEBD,0x4DE993,0x4DEDA1,0x4DEE87,0x4DEFBA,
  0x4DEFEB,0x4DF3B1,0x4DF54A,0x4DF64E,0x4DF6A6,0x4DF8F2,0x4DF935,0x4DF998,0x4DF9DF,0x4DFA18,0x4DFA8D,0x4DFAC7,
  0x4DFB00,0x4DFB7D,0x4DFC07,0x4DFCC7,0x4DFDB3,0x4DFE1B,0x4DFE3F,0x4DFE69,0x4E00D9,0x4E00FB,0x4E013B,0x4E03A8,
  0x4E03C7,0x4E07C2,0x4E080C,0x4E0960,0x4E09AE,0x4E0A73,0x4E0B5F,0x4E0B64,0x4E0B69,0x4E0C1A,0x4E0C2F,0x4E0C95,
  0x4E0CB0,0x4E0DCA,0x4E0E40,0x4E0ED7,0x4E0F5D,0x4E0F6F,0x4E1166,0x4E1195,0x4E1214,0x4E1239,0x4E1271,0x4E12A9,
  0x4E1323,0x4E133F,0x4E1520,0x4E1657,0x4E1684,0x4E16A1,0x4E1875,0x4E1C81,0x4E1CA0,0x4E1F11,0x4E21DA,0x4E22B6,
  0x4E2395,0x4E23B4,0x4E2502,0x4E25DA,0x4E2730,0x4E28F0,0x4E33C0,0x4E3474,0x4E350C,0x4E3514,0x4E3531,0x4E35F8,
  0x4E3614,0x4E3D33,0x4E3DE4,0x4E3E8D,0x4E3EC5,0x4E4000,0x4E4065,0x4E40C2,0x4E41AC,0x4E41B5,0x4E41E2,0x4E42DE,
  0x4E44FB,0x4E4552,0x4E4846,0x4E4959,0x4E49C1,0x4E4FC0,0x4E4FD5,0x4E504B,0x4E5180,0x4E5185,0x4E51E4,0x4E52B1,
  0x4E52F9,0x4E534B,0x4E5351,0x4E536D,0x4E53D3,0x4E57E7,0x4E580B,0x4E5886,0x4E592B,0x4E5A5B,0x4E5AAC,0x4E5C76,
  0x4E5CAD,0x4E5CE6,0x4E5D02,0x4E5D2C,0x4E5EBA,0x4E5EDA,0x4E5F64,0x4E610C,0x4E63CD,0x4E63E9,0x4E64BC,0x4E64C2,
  0x4E6599,0x4E666F,0x4E6739,0x4E6755,0x4E68B1,0x4E6989,0x4E69D7,0x4E6A9A,0x4E6B01,0x4E6C74,0x4E6DBD,0x4E6EEA,
  0x4E6FB6,0x4E7079,0x4E70DC,0x4E7401,0x4E7500,0x4E77B4,0x4E7D26,0x4E80F5,0x4E837E,0x4E85EE,0x4E895E,0x4E8A9C,
  0x4E8AEB,0x4E8B8F,0x4E9075,0x4E956D,0x4E95D0,0x4E95D6,0x4E95DE,0x4E96A0,0x4E96BC,0x4E96D9,0x4E9B9C,0x4E9BB4,
  0x4E9BDB,0x4E9C0E,0x4E9CE8,0x4E9E4E,0x4EA107,0x4EA768,0x4EA941,0x4EA965,0x4EAA4D,0x4EAAA7,0x4EABDE,0x4EAC40,
  0x4EACB0,0x4EAD92,0x4EADD0,0x4EB07C,0x4EB992,0x4EC11E,0x4EC387,0x4EC40E,0x4EC7B6,0x4EC93A,0x4ECE3E,0x4ED455,
  0x4ED4FA,0x4ED500,0x4ED7F6,0x4ED8C8,0x4ED8E4,0x4EDA0B,0x4EDAF3,0x4EDB1C,0x4EDB59,0x4EDBC4,0x4EDE13,0x4EE1E3,
  0x4EE2C2,0x4EE5B8,0x4EE8B5,0x4EE9A7,0x4EE9AD,0x4EE9C9,0x4EEAF8,0x4EEB15,0x4EEC33,0x4EEC5B,0x4EEC82,0x4EEE64,
  0x4EF000,0x4EF179,0x4EF23C,0x4EF2C3,0x4EF322,0x4EF327,0x4EF37B,0x4EF3B3,0x4EF3F3,0x4EF477,0x4EF4A4,0x4EF502,
  0x4EF533,0x4EF5DF,0x4EF614,0x4EF651,0x4EF711,0x4EF73A,0x4EF755,0x4EF790,0x4EFBEB,0x4F00E8,0x4F015D,0x4F019D,
  0x4F01DC,0x4F02C0,0x4F02C7,0x4F0327,0x4F0396,0x4F042A,0x4F0467,0x4F048C,0x4F049C,0x4F04AC,0x4F0536,0x4F0619,
  0x4F064F,0x4F06E5,0x4F0740,0x4F077C,0x4F07C0,0x4F081A,0x4F0887,0x4F08BC,0x4F0907,0x4F0B01,0x4F0E17,0x4F0F7A,
  0x4F0FA3,0x4F1024,0x4F10B9,0x4F114E,0x4F123E,0x4F1321,0x4F13C7,0x4F1426,0x4F1462,0x4F147E,0x4F14FC,0x4F1505,
  0x4F1569,0x4F1590,0x4F1595,0x4F15E6,0x4F1608,0x4F1613,0x4F1737,0x4F17A9,0x4F17B1,0x4F17D3,0x4F17EF,0x4F184F,
  0x4F18F9,0x4F1FCB,0x4F207E,0x4F2086,0x4F20C2,0x4F2196,0x4F21B2,0x4F2252,0x4F2470,0x4F24A8,0x4F25EB,0x4F2614,
  0x4F27BA,0x4F2849,0x4F28E9,0x4F3626,0x4F3906,0x4F3BE6,0x4F3BEE,0x4F42BF,0x4F43A6,0x4F53C3,0x4F5432,0x4F5445,
  0x4F546E,0x4F562A,0x4F5BFB,0x4F5C18,0x4F5C24,0x4F5C29,0x4F5CEA,0x4F5D14,0x4F5D65,0x4F5D88,0x4F5E33,0x4F614D,
  0x4F663E,0x4F6645,0x4F669F,0x4F69DA,0x4F6AF1,0x4F6B8D,0x4F7B74,0x4F7D4E,0x4F7DA1,0x4F7DAF,0x4F7E00,0x4F813B,
  0x4F81D7,0x4F9278,0x4F952B,0x4F958C,0x4F9683,0x4F9871,0x4F9F21,0x4FA12A,0x4FA19D,0x4FA224,0x4FA3B4,0x4FA526,
  0x4FA8E7,0x4FA9AB,0x4FA9FA,0x4FAF96,0x4FB16A,0x4FB1A5,0x4FB1DA,0x4FB253,0x4FB2C3,0x4FB2FE,0x4FB30F,0x4FB328,
  0x4FB35F,0x4FB56F,0x4FB954,0x4FBC57,0x4FBF00,0x4FBF86,0x4FC1FD,0x4FC24C,0x4FC276,0x4FC28E,0x4FC884,0x4FCB87,
  0x4FCDD5,0x4FCDE3,0x4FCDFE,0x4FCE11,0x4FCE81,0x4FCEAE,0x4FD418,0x4FD5CE,0x4FD5E8,0x4FD613,0x4FD6A6,0x4FD6E8,
  0x4FD87C,0x4FD931,0x4FD995,0x4FDAB8,0x4FDAE3,0x4FDB07,0x4FDB62,0x4FDBEB,0x4FDBFE,0x4FDCB4,0x4FDCC4,0x4FDCD4,
  0x4FE257,0x4FE268,0x4FE310,0x4FE408,0x4FED75,0x4FEDA3,0x4FEE31,0x4FEE68,0x4FEF41,0x4FF255,0x4FFB3D,0x4FFBF2,
  0x4FFC33,0x4FFC81,0x4FFC8F,0x4FFE95,0x500025,0x5000DD,0x500137,0x500289,0x500313,0x500AD2,0x500DB1,0x5010EF,
  0x501162,0x5011D5,0x5012E2,0x501328,0x50136C,0x5013A6,0x5013E0,0x50141A,0x501454,0x50148E,0x501503,0x50159A,
  0x5015A8,0x5015B8,0x5015C6,0x5015D4,0x5015E2,0x5015F0,0x5015FE,0x501608,0x501730,0x50177F,0x5017D5,0x5017E1,
  0x50181D,0x50184F,0x50187A,0x5018A7,0x5018C4,0x501912,0x501973,0x5019A6,0x501A74,0x501AE3,0x501B01,0x501B27,
  0x501B4B,0x501B70,0x501BE1,0x501C0B,0x502024,0x502458,0x502858,0x503983,0x5039BC,0x5039C1,0x5039E4,0x503A21,
  0x503A43,0x503A6A,0x503AAD,0x503B96,0x503B9C,0x503BA4,0x503BC0,0x503BC5,0x503C33,0x503EF9,0x503FFD,0x504019,
  0x504230,0x5042A1,0x50434F,0x5044B4,0x504654,0x50468A,0x5046C0,0x5046DD,0x50471F,0x504742,0x504799,0x5047F0,
  0x50484D,0x504869,0x5048E9,0x504BD3,0x504BD9,0x504E5E,0x5053CD,0x5055A1,0x505615,0x50563D,0x505670,0x50569A,
  0x5056DF,0x50570F,0x50573F,0x505753,0x505776,0x505848,0x50586E,0x5058A0,0x5058BE,0x505910,0x505962,0x505A2D,
  0x505A3C,0x505A98,0x505B35,0x505B50,0x505B6C,0x505CFA,0x505E73,0x505ECE,0x505F58,0x505FA8,0x506000,0x50606C,
  0x5060FD,0x50615F,0x5061BC,0x5061F8,0x506236,0x50625B,0x5062F1,0x506304,0x506318,0x506347,0x5063B4,0x5065D7,
  0x50663D,0x506869,0x50689D,0x50692D,0x506A21,0x506A3A,0x506A52,0x506A6D,0x506A98,0x506B17,0x506B28,0x506B39,
  0x506BF4,0x506D4C,0x506DF3,0x506E00,0x507014,0x507019,0x507021,0x507190,0x50728C,0x50737B,0x50746C,0x507699,
  0x5076B5,0x5077A1,0x5078B6,0x5079DF,0x507A49,0x507CAA,0x507DA0,0x507E74,0x507EB7,0x507ED2,0x507EF0,0x507F3B,
  0x507F8A,0x508016,0x5080BA,0x5080D0,0x50816C,0x5081BF,0x508220,0x50827B,0x5082C0,0x508314,0x508335,0x5083A3,
  0x508402,0x508419,0x50842C,0x508443,0x508511,0x508532,0x508626,0x508642,0x50868D,0x508695,0x5086B1,0x50873A,
  0x5087F8,0x50893B,0x508AA7,0x508B2D,0x508C42,0x508C98,0x508EC8,0x508F28,0x508F3C,0x508F9A,0x508FCD,0x509575,
  0x5095B1,0x5095ED,0x509609,0x509687,0x5096B1,0x5096D9,0x5096F3,0x50970F,0x509738,0x50977A,0x50A110,0x50B3A3,
  0x50B3BF,0x50B406,0x50B41F,0x50B43B,0x50B45D,0x50B479,0x50B4DE,0x50B4EB,0x50B67B,0x50B7E3,0x50B85D,0x50BA57,
  0x50BB37,0x50BCC7,0x50BF6A,0x50C0B6,0x50C17E,0x50C203,0x50C21E,0x50C23A,0x50D46A,0x50DE7F,0x50DED1,0x50DEF3,
  0x50DF9F,0x50DFFF,0x50E040,0x50E244,0x50E413,0x50E617,0x50E67F,0x50E687,0x50E6AE,0x50E707,0x50E716,0x50E78C,
  0x50E819,0x50E831,0x50E850,0x50E868,0x50E880,0x50E898,0x50E8BB,0x50E8DE,0x50E90C,0x50E92B,0x50E955,0x50E97B,
  0x50E997,0x50E9B3,0x50E9B8,0x50E9D4,0x50EA1B,0x50EA87,0x50EAD3,0x50EADF,0x50EB0C,0x50EB3C,0x50EB44,0x50EB8F,
  0x50EC0E,0x50EC2D,0x50EC4C,0x50ECA4,0x50ECFB,0x50ED49,0x50ED99,0x50EDE9,0x50EE59,0x50EEB9,0x50EF16,0x50EF67,
  0x50EFED,0x50F0AD,0x50F0C9,0x50F11F,0x50F191,0x50F1AD,0x50F1E1,0x50F1FD,0x50F232,0x50F28F,0x50F321,0x50F3B0,
  0x50F617,0x50F69A,0x50F71D,0x50F82C,0x50FA65,0x50FA84,0x50FA89,0x50FB38,0x50FB84,0x50FD52,0x50FD83,0x50FDF9,
  0x50FFBE,0x5106AB,0x51096C,0x510BD1,0x510CBF,0x510CC6,0x51108F,0x5110D7,0x511131,0x511138,0x511161,0x511190,
  0x5111FD,0x511214,0x511230,0x511299,0x5113B2,0x511454,0x51147C,0x5114D2,0x511507,0x511531,0x511547,0x511596,
  0x5115B2,0x511712,0x511747,0x511763,0x5118BB,0x51191C,0x511969,0x5119F8,0x511B00,0x511B19,0x511B44,0x511BDD,
  0x511C06,0x511C3E,0x511CF9,0x511F6B,0x5120AA,0x5120F9,0x51219F,0x512245,0x51247E,0x51296D,0x512A7E,0x512ABD,
  0x512B47,0x512D46,0x5135B4,0x51378D,0x514398,0x5149F1,0x5151B7,0x51539E,0x515754,0x51577F,0x515795,0x5157A1,
  0x515878,0x51599E,0x5159FA,0x515AC0,0x515B08,0x515C47,0x515C6B,0x515D94,0x515D9E,0x515DE1,0x515E1B,0x515E28,
  0x515E2F,0x515E43,0x515E63,0x515E80,0x515EA2,0x515EEC,0x515F10,0x515F80,0x515FB0,0x515FD0,0x516030,0x516090,
  0x516110,0x516130,0x5162C0,0x516340,0x5165E0,0x5166C0,0x516770,0x516780,0x5167A0,0x5167B0,0x5167C0,0x5167D0,
  0x5167E0,0x5167F0,0x516810,0x516870,0x5168A0,0x5168B0,0x5168F0,0x516900,0x516910,0x516920,0x516930,0x516940,
  0x516950,0x516980,0x516990,0x5169A0,0x5169C0,0x516A00,0x516A20,0x516A30,0x516AB0,0x516B40,0x516C10,0x516C40,
  0x516D80,0x516DA0,0x516DF0,0x516E00,0x516E10,0x516E20,0x516E40,0x516E50,0x516E60,0x516E70,0x516E80,0x5173A0,
  0x5173F0,0x517400,0x517410,0x517420,0x517450,0x517460,0x517540,0x517560,0x517580,0x517590,0x5175A0,0x5175B0,
  0x5175C0,0x5175D0,0x5175E0,0x517600,0x517630,0x517650,0x517660,0x517670,0x517690,0x517740,0x517750,0x517760,
  0x5178B0,0x5178D0,0x5178F0,0x517910,0x517A00,0x517AA0,0x517B30,0x517C60,0x517DF0,0x517E90,0x517EF0,0x517FD0,
  0x518000,0x5180A0,0x518190,0x5181A0,0x518230,0x518250,0x518320,0x518350,0x518380,0x518420,0x518450,0x5184E0,
  0x518530,0x5185B0,0x518630,0x518650,0x518660,0x5186E0,0x518700,0x518710,0x518770,0x518790,0x5187B0,0x5187E0,
  0x5188C0,0x5188E0,0x5193F0,0x519410,0x519460,0x5194B0,0x5194C0,0x5194E0,0x519510,0x519540,0x519590,0x5195A0,
  0x519610,0x519660,0x5196A0,0x519710,0x519720,0x519860,0x5198A0,0x5199E0,0x51B720,0x51BA90,0x51BB60,0x51BCA0,
  0x51BCC0,0x51BCE0,0x51BD00,0x51BD20,0x51BD40,0x51BD60,0x51BD80,0x51BDA0,0x51BDC0,0x51BDD0,0x51BDE0,0x51BDF0,
  0x51BE00,0x51BE10,0x51BEA0,0x51BF60,0x51C020,0x51C030,0x51C050,0x51C090,0x51C0A0,0x51C0D0,0x51C100,0x51C110,
  0x51C590,0x51C5B0,0x51C5D0,0x51C600,0x51C6E0,0x51C750,0x51C760,0x51C780,0x51C790,0x51C7E0,0x51C920,0x51CA20,
  0x51CA70,0x51CAE0,0x51CB20,0x51CBA0,0x51CBB0,0x51CBC0,0x51CBD0,0x51CBE0,0x51CBF0,0x51CC00,0x51CC10,0x51CC20,
  0x51CC30,0x51CC40,0x51CC50,0x51CC70,0x51CCD0,0x51CE20,0x51CE40,0x51CED0,0x51CF60,0x51D030,0x51D0B0,0x51D2D0,
  0x51D5C0,0x51D600,0x51D640,0x51D6C0,0x51D720,0x51D980,0x51D9F0,0x51DAC0,0x51DBF0,0x51DD80,0x51DF20,0x51DFB0,
  0x51DFD0,0x51DFF0,0x51E010,0x51E070,0x51E410,0x51E500,0x51E630,0x51E6D0,0x51E760,0x51E7C0,0x51E7F0,0x51E820,
  0x51E850,0x51E8F0,0x51E920,0x51E990,0x51E9D0,0x51EA40,0x51EA70,0x51EAC0,0x51EAE0,0x51EB00,0x51EB50,0x51EB60,
  0x51ECE0,0x51ED70,0x51EDF0,0x51EE50,0x51EEA0,0x51EEC0,0x51EF50,0x51EFA0,0x51EFC0,0x51EFE0,0x51EFF0,0x51F040,
  0x51F0A0,0x51F0C0,0x51F170,0x51F2A0,0x51F2F0,0x51F3B0,0x51F430,0x51F480,0x51F4B0,0x51F4F0,0x51F500,0x51F510,
  0x51F520,0x51F530,0x51F540,0x51F550,0x51F560,0x51F570,0x51F5A0,0x51F690,0x51F780,0x51F7A0,0x51FAB0,0x51FAC0,
  0x51FB00,0x51FB20,0x51FC30,0x51FD40,0x51FF30,0x51FFA0,0x51FFD0,0x51FFF0,0x520010,0x520030,0x52004A,0x52004C,
  0x52004D,0x52004E,0x52004F,0x520050,0x520074,0x520080,0x5200A0,0x520130,0x5201D0,0x5202C0,0x520300,0x520510,
  0x520650,0x5208D0,0x520930,0x520A10,0x520A70,0x520AA0,0x520AE0,0x520B10,0x520B30,0x520B60,0x520BD0,0x520C50,
  0x520C90,0x520CF0,0x520D20,0x520D50,0x520DA0,0x520DF0,0x520E60,0x520EF0,0x520F20,0x520FC0,0x521140,0x521230,
  0x521260,0x521330,0x521370,0x521410,0x5217B0,0x5217E0,0x521820,0x521990,0x5219C0,0x521A30,0x521A60,0x521AC0,
  0x521AE0,0x521B40,0x521B60,0x521D10,0x521E00,0x521EC0,0x521F10,0x522000,0x522460,0x5224D0,0x5225E0,0x5227F0,
  0x5228A0,0x522B70,0x523D70,0x523DE0,0x523E00,0x523E60,0x523F40,0x523F50,0x524070,0x524240,0x5249A0,0x524DB0,
  0x524DE0,0x524E10,0x524F90,0x524FD0,0x5252B0,0x525320,0x525430,0x525610,0x525660,0x525690,0x5256C0,0x5256F0,
  0x525750,0x5257A0,0x525980,0x525CF4,0x525D30,0x525D79,0x525DA3,0x525E0B,0x525E1F,0x528CEF,0x528E20,0x528E30,
  0x528E40,0x528E50,0x528E60,0x528E70,0x528E80,0x528E90,0x528EA0,0x528EB0,0x528EC0,0x528ED0,0x528EE0,0x528EF0,
  0x528F00,0x528F10,0x528F20,0x528F40,0x528F90,0x528FA0,0x528FB0,0x528FC0,0x528FD0,0x528FE0,0x528FF0,0x529010,
  0x529020,0x529030,0x529040,0x529060,0x529070,0x529080,0x529090,0x5290F0,0x529100,0x529170,0x5291B0,0x529280,
  0x5292B0,0x5292E0,0x529350,0x529390,0x529500,0x529540,0x529570,0x5295F0,0x529680,0x529730,0x5297E0,0x529850,
  0x529C10,0x529CB0,0x529E00,0x529E50,0x529ED0,0x529F00,0x529F30,0x529F70,0x529FD0,0x52A020,0x52A040,0x52A050,
  0x52A1E0,0x52A510,0x52A5D0,0x52A9D0,0x52AA30,0x52AAF0,0x52AB00,0x52AB40,0x52AB70,0x52ABB0,0x52AC20,0x52ACB0,
  0x52AD20,0x52AD40,0x52AD70,0x52ADB0,0x52AE50,0x52AEF0,0x52AF60,0x52AFC0,0x52B3C0,0x52B7F0,0x52C080,0x52C190,
  0x52C299,0x52C317,0x52C3AD,0x52C459,0x52C4D3,0x52C525,0x52C577,0x52C9B0,0x52CD70,0x52CD80,0x52CD90,0x52CDA0,
  0x52CDC0,0x52CDE0,0x52CE00,0x52CE20,0x52CE40,0x52CEA0,0x52CF50,0x52CFA0,0x52D130,0x52D1F0,0x52D220,0x52D240,
  0x52D250,0x52D270,0x52D2D0,0x52D300,0x52D330,0x52D370,0x52D6D0,0x52D740,0x52D790,0x52D7C0,0x52DAE0,0x52DEB0,
  0x52E2F0,0x52E300,0x52E310,0x52E390,0x52EC60,0x52F770,0x52F850,0x52F8D0,0x52FEE0,0x5304F0,0x530590,0x5306D0,
  0x530810,0x530950,0x530970,0x5309D0,0x5309F0,0x530A10,0x530A40,0x530A70,0x530A80,0x530A9E,0x530AEE,0x530B4A,
  0x530B9F,0x530BB3,0x530C7A,0x530D29,0x530E48,0x53101B,0x5312F1,0x531435,0x5314D4,0x53156D,0x531627,0x5316B5,
  0x531710,0x531733,0x531775,0x5317A3,0x5317AB,0x5317BA,0x5317C2,0x5317D7,0x531824,0x53184D,0x531869,0x53189B,
  0x5318CC,0x531922,0x53193E,0x531B84,0x531BA0,0x531BF9,0x531C0B,0x531C5B,0x531C77,0x5321BA,0x5321DC,0x53222A,
  0x532254,0x5322A8,0x5322D2,0x532326,0x53236D,0x532459,0x532563,0x5325C8,0x532653,0x5326A2,0x5326F8,0x53276D,
  0x53277D,0x5327A9,0x532813,0x53282B,0x532847,0x53285C,0x532875,0x532962,0x532A1C,0x532AD5,0x532AE7,0x532D6F,
  0x532E06,0x532E6C,0x532E96,0x532EB2,0x532ED0,0x532EE0,0x532F10,0x532F40,0x532F80,0x532FF0,0x5330F0,0x533210,
  0x533300,0x533330,0x533360,0x533370,0x533380,0x533450,0x5334C0,0x5334E0,0x533510,0x533550,0x533570,0x533590,
  0x533630,0x533680,0x5337C0,0x5337F0,0x533810,0x533830,0x533850,0x533860,0x533900,0x533940,0x5339A0,0x5339B0,
  0x5339D0,0x533AE0,0x533B40,0x533B70,0x534110,0x5341F0,0x5342E0,0x534380,0x5344A0,0x534520,0x534540,0x534570,
  0x534710,0x534AD0,0x534DF0,0x534E50,0x5350A0,0x535230,0x535330,0x535410,0x535420,0x53544E,0x53544F,0x535450,
  0x535530,0x5358C0,0x5358F5,0x5358FA,0x535920,0x53592D,0x535946,0x5359D9,0x5359FE,0x535A1A,0x535A51,0x535AE6,
  0x535B75,0x535BCF,0x535C49,0x535C5A,0x535D21,0x535D4E,0x535E86,0x535EB1,0x535EE6,0x535F91,0x535FB3,0x535FDC,
  0x536064,0x536127,0x53625C,0x536279,0x53630A,0x536310,0x536506,0x53658A,0x536643,0x5366CC,0x53697A,0x536A24,
  0x536A40,0x536B39,0x536BB9,0x536E49,0x536F50,0x536F60,0x536F70,0x536F80,0x536F90,0x536FA0,0x536FB0,0x536FC0,
  0x536FD0,0x536FF0,0x537000,0x537010,0x537020,0x537030,0x537050,0x537070,0x537BF0,0x537C10,0x537C90,0x537CD0,
  0x537CE0,0x537D60,0x538180,0x538190,0x5381A0,0x5381F0,0x538220,0x538230,0x538240,0x538250,0x538260,0x538270,
  0x538320,0x5383A0,0x538460,0x538580,0x538600,0x538680,0x5386C0,0x538710,0x538780,0x538860,0x5388E0,0x538A30,
  0x538B50,0x538B70,0x538B80,0x538BA0,0x538C40,0x538CE0,0x538D00,0x538D20,0x538D60,0x538D70,0x538E30,0x538EF0,
  0x538F30,0x538F40,0x538F50,0x538F60,0x538F70,0x538F80,0x539010,0x539090,0x539140,0x5391B0,0x539200,0x539290,
  0x5393A0,0x5396D0,0x539880,0x539AC0,0x539D40,0x539FF0,0x53A260,0x53A2B0,0x53A320,0x53A3C0,0x53A4E0,0x53A5E0,
  0x53A650,0x53A690,0x53A6A0,0x53A6C0,0x53A6E0,0x53A750,0x53A770,0x53A800,0x53A890,0x53A920,0x53A9A0,0x53AB20,
  0x53AB80,0x53AC40,0x53AC50,0x53AC60,0x53AC70,0x53AC90,0x53AD40,0x53AE80,0x53AF10,0x53B0C0,0x53B1A0,0x53B1E0,
  0x53B1F0,0x53B240,0x53B250,0x53B260,0x53B2E0,0x53B320,0x53B370,0x53B3A0,0x53B4B0,0x53B4E0,0x53B550,0x53B570,
  0x53B590,0x53B5C0,0x53B630,0x53B730,0x53B750,0x53B770,0x53B7A0,0x53B7B0,0x53B7C0,0x53B7F0,0x53B820,0x53B870,
  0x53B920,0x53B970,0x53B9B0,0x53B9C0,0x53B9F0,0x53BA00,0x53BB10,0x53BB30,0x53BC90,0x53BDD0,0x53BEB0,0x53C0C0,
  0x53C0D0,0x53C0F0,0x53C100,0x53C130,0x53C150,0x53C160,0x53C190,0x53C1C0,0x53C1D0,0x53C210,0x53C240,0x53C250,
  0x53C260,0x53C290,0x53C2A0,0x53C2D0,0x53C310,0x53C360,0x53C380,0x53C3A0,0x53C400,0x53C450,0x53C480,0x53C490,
  0x53C4B0,0x53C540,0x53C5D0,0x53C600,0x53C630,0x53C670,0x53C6A0,0x53C6D0,0x53C700,0x53C730,0x53C760,0x53C7A0,
  0x53C7D0,0x53C800,0x53C840,0x53C850,0x53C870,0x53C880,0x53C8A0,0x53C8D0,0x53C900,0x53C930,0x53C950,0x53C970,
  0x53C990,0x53C9B0,0x53C9C0,0x53CB50,0x53CCA0,0x53CD20,0x53CD50,0x53CD70,0x53CDD0,0x53CE10,0x53CE40,0x53CE50,
  0x53CEB0,0x53CF10,0x53CF30,0x53D060,0x53D080,0x53D4C0,0x53D550,0x53D580,0x53D590,0x53D5F0,0x53D710,0x53D820,
  0x53E3C0,0x53E500,0x53E530,0x53E660,0x53E810,0x53E820,0x53E850,0x53E880,0x53E8B0,0x53E920,0x53E9D0,0x53E9F0,
  0x53EA20,0x53EA30,0x53EA60,0x53EA80,0x53EB90,0x53EC10,0x53EC40,0x53ED00,0x53ED20,0x53ED30,0x53EDC0,0x53EEF0,
  0x53F100,0x53F140,0x53F170,0x53F1A0,0x53F1D0,0x53F200,0x53F220,0x53F230,0x53F320,0x53F3B0,0x53F630,0x53F640,
  0x53FAF0,0x540210,0x540250,0x540500,0x5406C0,0x5406D0,0x5406E0,0x5406F0,0x540710,0x540740,0x540750,0x540760,
  0x5407D0,0x5407E0,0x5407F0,0x540800,0x5408D0,0x540980,0x5409B0,0x5409C0,0x5409D0,0x5409F0,0x540A50,0x540AB0,
  0x540AE0,0x540BF0,0x540C20,0x540C40,0x540C60,0x540C80,0x540CB0,0x540CE0,0x540D00,0x540F00,0x540F30,0x540F90,
  0x541060,0x541120,0x541140,0x5411D0,0x541280,0x5412F0,0x541310,0x541370,0x541390,0x5413C0,0x5413F0,0x541480,
  0x5415C0,0x541740,0x541780,0x5417A0,0x5417C0,0x541820,0x541830,0x541850,0x541880,0x5418E0,0x541910,0x541940,
  0x541970,0x541A70,0x541B10,0x541BE0,0x541CF0,0x541EB0,0x541F90,0x542230,0x542250,0x542460,0x542470,0x542480,
  0x5424E0,0x542720,0x542760,0x5427A0,0x5427B0,0x5427C0,0x5427D0,0x5427F0,0x542800,0x542810,0x542820,0x542840,
  0x542860,0x542890,0x5428C0,0x5428F0,0x542910,0x542940,0x542960,0x542990,0x542A00,0x542A40,0x542B40,0x542BD0,
  0x542CD0,0x542D10,0x542DA0,0x542DD0,0x542DE0,0x542E00,0x542E10,0x542E20,0x542E30,0x542E40,0x542E60,0x542E70,
  0x542EA0,0x542EC0,0x542EE0,0x542F00,0x542F20,0x542F30,0x542F60,0x542F70,0x542F80,0x542F90,0x542FA0,0x542FB0,
  0x542FC0,0x542FF0,0x543010,0x543030,0x543050,0x543070,0x543080,0x5430C0,0x5430D0,0x5430E0,0x5430F0,0x543100,
  0x543110,0x543130,0x543150,0x543290,0x5433B0,0x5433D0,0x5433E0,0x543410,0x543430,0x543490,0x543530,0x543540,
  0x543590,0x5435B0,0x5435C0,0x5435D0,0x5435E0,0x5435F0,0x543720,0x543740,0x543780,0x5437D0,0x543820,0x543830,
  0x543860,0x543870,0x543880,0x543890,0x5438A0,0x5438C0,0x5438D0,0x543900,0x543910,0x543940,0x543970,0x543980,
  0x5439B0,0x543A40,0x543A80,0x543AD0,0x543B10,0x543B30,0x543B60,0x543C30,0x543C40,0x543C70,0x543CB0,0x543CD0,
  0x543CE0,0x543DE0,0x543E00,0x543E20,0x543E70,0x543F00,0x543F50,0x543FD0,0x544020,0x544080,0x5440C0,0x5440F0,
  0x544110,0x544130,0x544190,0x5441F0,0x544270,0x5442F0,0x544310,0x544330,0x54434F,0x544350,0x544370,0x5443B0,
  0x5443E0,0x544440,0x544450,0x544470,0x544480,0x5444A0,0x544590,0x544670,0x5446D0,0x544750,0x5447D0,0x544810,
  0x544847,0x544890,0x544930,0x544AA0,0x544B80,0x544D30,0x544EC0,0x544F00,0x544F70,0x545000,0x545049,0x545050,
  0x5450B0,0x5450C0,0x545510,0x545540,0x5455B0,0x5456D0,0x545930,0x545960,0x545990,0x5459C0,0x545A40,0x545B50,
  0x545B60,0x545B80,0x545BD0,0x545C80,0x545CA0,0x546060,0x5463D0,0x5463F0,0x546640,0x546960,0x546980,0x5469F0,
  0x547A00,0x547AB0,0x547AD0,0x547BA0,0x547C20,0x547FC0,0x548538,0x548564,0x548583,0x54859F,0x5485AD,0x5485EF,
  0x54862D,0x5486AC,0x548700,0x54876B,0x54879F,0x5487BB,0x5487EC,0x5488D4,0x548930,0x548950,0x548990,0x5489D4,
  0x548AD3,0x548B5F,0x548B7E,0x548C20,0x548C40,0x548C50,0x548C80,0x548CB0,0x548D50,0x548DA0,0x548E60,0x548E80,
  0x548E90,0x548EB0,0x548ED0,0x548EE0,0x548F00,0x548F30,0x548F40,0x549010,0x549020,0x549140,0x549250,0x549280,
  0x5492E0,0x5492F0,0x549300,0x549310,0x549320,0x549350,0x549370,0x5493B0,0x5493F0,0x549410,0x549430,0x549550,
  0x549590,0x5495A0,0x5495B0,0x549660,0x5498C0,0x5498E0,0x549920,0x549960,0x549970,0x549A10,0x549A30,0x549A50,
  0x549A70,0x549A90,0x549AB0,0x549AC0,0x549B20,0x549BA0,0x549D60,0x549E60,0x549F20,0x549FA0,0x54A010,0x54A080,
  0x54A1F0,0x54ABB0,0x54AF50,0x54AFC0,0x54B130,0x54B170,0x54B230,0x54B3B0,0x54B420,0x54B490,0x54B4E0,0x54B500,
  0x54B970,0x54BDE0,0x54C6D3,0x54C725,0x54C72B,0x54C73B,0x54C76D,0x54C7BE,0x54C80B,0x54C827,0x54C8B6,0x54C973,
  0x54C9CF,0x54CB3A,0x54CD48,0x54CD66,0x54CD78,0x54CD92,0x54D3F3,0x54D4E0,0x54D580,0x54D5B7,0x54D5DF,0x54D5ED,
  0x54D609,0x54D79D,0x54E515,0x54E6A9,0x54E94B,0x54ED11,0x54ED2B,0x54ED45,0x54ED50,0x54ED7C,0x54ED98,0x54EDC4,
  0x54EDDC,0x54EDFD,0x54EE1E,0x54EE3F,0x54EF07,0x54EF41,0x54EF7B,0x54EFA3,0x54EFD0,0x54EFF5,0x54F074,0x54F0A2,
  0x54F0D4,0x54F14E,0x54F20A,0x54F228,0x54F251,0x54F26C,0x54F295,0x54F2B0,0x54F2D9,0x54F2F6,0x54F310,0x54F32B,
  0x54F351,0x54F36E,0x54F38B,0x54F3A6,0x54F3D4,0x54F406,0x54F58C,0x54F60A,0x54F6AD,0x54F70E,0x54F777,0x54F7FC,
  0x54F89B,0x54F93A,0x54FB0E,0x54FB4D,0x54FB8C,0x54FBA9,0x54FBC6,0x54FC7B,0x54FD30,0x54FDE5,0x54FE9C,0x54FED2,
  0x54FF11,0x54FF9D,0x54FFD0,0x550003,0x5500E1,0x5501BF,0x55029D,0x55039F,0x5503CF,0x550425,0x55047B,0x5504D1,
  0x55053D,0x550566,0x55058F,0x5505B8,0x5505DB,0x550614,0x55064D,0x550686,0x5506CE,0x550725,0x55077C,0x550841,
  0x550898,0x5508B4,0x550910,0x5509EA,0x550A06,0x550AA0,0x550B87,0x550B8C,0x550BCC,0x550C35,0x550C7A,0x550CF1,
  0x550D4E,0x550D59,0x550D6E,0x550DA0,0x550DD1,0x550DF6,0x550E14,0x550E39,0x550E97,0x550EB9,0x550EDB,0x550F0E,
  0x550F70,0x550F76,0x550FD0,0x551005,0x55105B,0x551077,0x551088,0x5510F9,0x551122,0x5511AA,0x5511DA,0x5511F6,
  0x551215,0x551259,0x55161C,0x551632,0x55165E,0x5516A3,0x5516C9,0x5516EF,0x551718,0x551735,0x551750,0x55176D,
  0x55179F,0x5517D1,0x5517E6,0x5518AC,0x5518CE,0x5518FB,0x551918,0x551935,0x551964,0x55198A,0x5519AF,0x5519CC,
  0x5519E5,0x551A49,0x551A88,0x551ABB,0x551AE4,0x551B96,0x551BCD,0x551C00,0x551CCE,0x551D42,0x551DEF,0x551DFB,
  0x551E2A,0x551F2C,0x551F6E,0x551F8F,0x5521C0,0x55250C,0x552578,0x55260B,0x55264D,0x5526F7,0x55271A,0x55277E,
  0x55290B,0x55291D,0x552939,0x55294F,0x552975,0x55299A,0x5529CC,0x552A48,0x552B28,0x552B45,0x552B51,0x552B6A,
  0x552BB5,0x552C44,0x552C83,0x552C9D,0x552CCC,0x552D89,0x552D9B,0x552DC0,0x552DE6,0x552DFF,0x552E2C,0x552E49,
  0x552EC4,0x552EDB,0x552F75,0x552FDA,0x55309F,0x5530B2,0x5530D0,0x5530FC,0x553129,0x55314E,0x55321E,0x55323F,
  0x5532F1,0x553317,0x553332,0x553362,0x55339D,0x5533D4,0x5533F1,0x55340E,0x553440,0x553459,0x553528,0x553545,
  0x553563,0x5535A2,0x5535D5,0x55368C,0x5536D4,0x5537E5,0x55385B,0x55387E,0x5539CE,0x553A20,0x553A40,0x553A60,
  0x553AB0,0x553B40,0x553B60,0x553B80,0x553BD0,0x553C40,0x553C70,0x553CA0,0x553CB0,0x553CC0,0x553D10,0x553D60,
  0x553D80,0x553D90,0x553E50,0x553E90,0x553EC0,0x553F20,0x553FD0,0x5541C0,0x5541E0,0x554230,0x5542E0,0x554330,
  0x554360,0x554370,0x554390,0x5543B0,0x5543E0,0x554400,0x554420,0x554430,0x554450,0x554470,0x5544D0,0x554510,
  0x554560,0x5545B0,0x554630,0x554700,0x5547C0,0x5547E0,0x554800,0x554830,0x554850,0x5548B0,0x554910,0x554B00,
  0x554B60,0x554C60,0x554C80,0x554CE0,0x554D20,0x554D80,0x554DB0,0x554DD0,0x554F30,0x554F70,0x554FD0,0x555150,
  0x555190,0x555210,0x555280,0x5552D0,0x555300,0x555340,0x555360,0x555410,0x555440,0x555CD0,0x555DD0,0x555E00,
  0x555EB0,0x555FF0,0x556020,0x556070,0x5560A0,0x5560D0,0x556110,0x556160,0x556190,0x5561C0,0x556220,0x556240,
  0x556260,0x5562C0,0x556310,0x556370,0x5563A0,0x5563F0,0x556910,0x556990,0x5569C0,0x556A50,0x556A70,0x556A90,
  0x556B40,0x556BE0,0x556CB0,0x556CE0,0x556CF0,0x556E50,0x5570B0,0x557240,0x557280,0x5573E0,0x557400,0x557420,
  0x557470,0x5574A0,0x5574D0,0x557500,0x557540,0x5575A0,0x557700,0x557780,0x557790,0x5577B0,0x557920,0x557E50,
  0x557EB0,0x557FC0,0x558010,0x558040,0x558060,0x558090,0x5580F0,0x5581D0,0x5582C0,0x5584D0,0x558590,0x5587C0,
  0x559030,0x5598F0,0x559920,0x559940,0x559970,0x559990,0x5599C0,0x5599D0,0x559A20,0x559A60,0x559A90,0x559AB0,
  0x559AE0,0x559FF0,0x55A090,0x55A0D0,0x55A110,0x55A130,0x55A170,0x55A1C0,0x55A210,0x55A260,0x55A290,0x55A2C0,
  0x55A320,0x55A430,0x55A470,0x55A4A0,0x55A4B0,0x55A560,0x55A5F0,0x55A610,0x55A6C0,0x55A750,0x55A770,0x55A890,
  0x55A960,0x55AA10,0x55AA20,0x55AA40,0x55AA60,0x55AA80,0x55AB10,0x55ABA0,0x55AC30,0x55AC70,0x55AD00,0x55AD40,
  0x55ADD0,0x55ADF0,0x55AF20,0x55AF50,0x55AFD0,0x55B030,0x55B070,0x55B110,0x55B1B0,0x55B230,0x55B2D0,0x55B470,
  0x55C450,0x55C600,0x55C670,0x55C770,0x55C860,0x55C880,0x55C8A0,0x55C990,0x55C9B0,0x55C9D0,0x55C9F0,0x55CA30,
  0x55CA50,0x55CA60,0x55CA90,0x55CAB0,0x55CC10,0x55CC70,0x55CCD0,0x55CDC0,0x55CE80,0x55CF20,0x55D150,0x55D170,
  0x55D5B0,0x55D610,0x55D630,0x55D680,0x55D870,0x55D880,0x55D890,0x55D8A0,0x55D8B0,0x55D8C0,0x55D8D0,0x55D8E0,
  0x55D8F0,0x55D900,0x55D910,0x55D930,0x55D940,0x55D960,0x55D980,0x55D9A0,0x55D9C0,0x55D9D0,0x55D9F0,0x55DA20,
  0x55DA40,0x55DA50,0x55DA80,0x55DA90,0x55DAC0,0x55DAD0,0x55DAE0,0x55DAF0,0x55DB00,0x55DB10,0x55DB50,0x55DB60,
  0x55DB70,0x55DB80,0x55DB90,0x55DBA0,0x55DBB0,0x55DBC0,0x55DBE0,0x55DC20,0x55DC50,0x55DC70,0x55DCA0,0x55DCC0,
  0x55DCE0,0x55DCF0,0x55DD00,0x55DD20,0x55DD40,0x55DD60,0x55DD80,0x55DDC0,0x55DDF0,0x55DE10,0x55DE70,0x55DEC0,
  0x55DEF0,0x55DF00,0x55DF10,0x55DF40,0x55DF70,0x55E030,0x55E040,0x55E050,0x55E060,0x55E0A0,0x55E0F0,0x55E120,
  0x55E140,0x55E7C0,0x55E810,0x55E8A0,0x55E8C0,0x55E980,0x55E9F0,0x55EA60,0x55EA80,0x55EAF0,0x55EB50,0x55EBB0,
  0x55EE10,0x55EE20,0x55EE50,0x55EE70,0x55EF60,0x55F0A0,0x55F1B0,0x55F1F0,0x55F230,0x55F270,0x55F4B0,0x55F710,
  0x55F860,0x55F930,0x55F9A0,0x55F9E0,0x55FA60,0x55FA90,0x55FAD0,0x55FF70,0x5603F0,0x560440,0x560460,0x560490,
  0x560500,0x560540,0x560850,0x5608E0,0x560930,0x560950,0x560980,0x5609E0,0x560A10,0x560A40,0x560BE0,0x560D80,
  0x560F90,0x5618C0,0x5618F0,0x561B20,0x561B40,0x562080,0x562090,0x5620F0,0x562130,0x562440,0x563310,0x563E40,
  0x5650B0,0x5659A0,0x565A50,0x565A80,0x565AD0,0x565B00,0x565B30,0x565C50,0x565C80,0x565DA0,0x565E00,0x565E40,
  0x565F60,0x566070,0x566090,0x566210,0x566300,0x5664A0,0x5664B0,0x5664C0,0x5664D0,0x566670,0x566690,0x5666F0,
  0x566920,0x566B50,0x566B80,0x566BC0,0x566C00,0x566C50,0x566C60,0x566ED0,0x566EF0,0x5673F0,0x567530,0x567734,
  0x56773F,0x567753,0x567773,0x567790,0x5677B2,0x5677C3,0x5677D4,0x5677DB,0x5677E2,0x567803,0x567836,0x567859,
  0x56787F,0x5678A6,0x5678C2,0x5678F9,0x567900,0x567947,0x5679A6,0x5679B1,0x567A47,0x567AB7,0x567C01,0x567C1D,
  0x567C50,0x567CA9,0x567D0C,0x567D10,0x567D18,0x567D34,0x567D85,0x567EEE,0x567F18,0x567F49,0x567F83,0x56815D,
  0x5681B0,0x5681E0,0x568330,0x568460,0x568480,0x5684A0,0x568620,0x568790,0x568840,0x568B50,0x568C00,0x568CA0,
  0x568CB0,0x568CC0,0x568CD0,0x568DE0,0x568DF0,0x568E00,0x568EB0,0x568EC0,0x568EE0,0x568FD0,0x568FF0,0x5690E0,
  0x569110,0x5691A0,0x5691C0,0x569250,0x5692E0,0x569370,0x569400,0x5694F0,0x569510,0x569530,0x569550,0x569570,
  0x569590,0x5695B0,0x5695D0,0x5695F0,0x569610,0x569630,0x569650,0x569670,0x569690,0x5696B0,0x5696D0,0x5696F0,
  0x569710,0x569730,0x569740,0x569760,0x569780,0x5697B0,0x5697C0,0x5697E0,0x569800,0x569810,0x569820,0x5698D0,
  0x569980,0x569A30,0x569A40,0x569B30,0x569EC0,0x569ED0,0x569FA0,0x56A060,0x56A200,0x56A2F0,0x56A3A0,0x56A3D0,
  0x56A3F0,0x56A410,0x56A4A0,0x56A4D0,0x56A520,0x56A5D0,0x56A680,0x56A750,0x56A790,0x56A7E0,0x56A830,0x56A8F0,
  0x56A9B0,0x56ABD0,0x56AC00,0x56AE90,0x56B750,0x56C300,0x56C330,0x56C350,0x56C390,0x56C3B0,0x56C3F0,0x56C410,
  0x56C430,0x56C450,0x56C480,0x56C4B0,0x56C4C0,0x56C530,0x56C600,0x56C7C0,0x56CB40,0x56CC5E,0x56CC62,0x56CD00,
  0x56CD10,0x56CD50,0x56CD90,0x56CDC0,0x56CE10,0x56CE70,0x56CEA0,0x56CF10,0x56CF60,0x56CF90,0x56CFB0,0x56CFE0,
  0x56D010,0x56D2A0,0x56D320,0x56D360,0x56D380,0x56D3A0,0x56D460,0x56D550,0x56D650,0x56D660,0x56D6A0,0x56D6C0,
  0x56D720,0x56D9F0,0x56DA70,0x56DA80,0x56DAD0,0x56DAF0,0x56DB70,0x56DBC0,0x56DC10,0x56E2B0,0x56E310,0x56E330,
  0x56E360,0x56E3C0,0x56E490,0x56E4F0,0x56E540,0x56E600,0x56E630,0x56E6A0,0x56E6E0,0x56E8D0,0x56E930,0x56E9E0,
  0x56EC20,0x56EC80,0x56ECA0,0x56ECD0,0x56ECE0,0x56ED10,0x56ED40,0x56EDA0,0x56EEA0,0x56F040,0x56F080,0x56F0F0,
  0x56F200,0x56F250,0x56F2A0,0x56F350,0x56F380,0x56F3A0,0x56F400,0x56F430,0x56F4F0,0x56F540,0x56F570,0x56F5A0,
  0x56F5D0,0x56F640,0x56F660,0x56F690,0x56F6B0,0x56F710,0x56F730,0x56F780,0x56F8E0,0x56F990,0x56F9F0,0x56FAA0,
  0x56FB80,0x570056,0x57005C,0x57005F,0x570060,0x570080,0x570110,0x57013D,0x57014A,0x57016B,0x5701A8,0x5701E1,
  0x5701FE,0x570219,0x57023D,0x57024F,0x57026D,0x5702A8,0x5702DD,0x570312,0x570334,0x570371,0x57039A,0x5703C3,
  0x57044B,0x57050B,0x570543,0x57057B,0x570601,0x570646,0x570680,0x5706C2,0x5707E8,0x57082B,0x5708CF,0x5708EC,
  0x57096A,0x570D47,0x570DE9,0x570E20,0x570E30,0x570E40,0x570E50,0x570E60,0x570E70,0x570E80,0x570E90,0x570EB0,
  0x570EF0,0x570F30,0x570F40,0x570F50,0x570F60,0x571000,0x571020,0x571040,0x5710B0,0x5710D0,0x571160,0x5711A0,
  0x571220,0x5712A0,0x5712B0,0x5713B0,0x5714B0,0x5714D0,0x571540,0x571570,0x5715E0,0x571610,0x571630,0x571650,
  0x571770,0x571830,0x571870,0x571A70,0x571AF0,0x571BC0,0x571C70,0x571E00,0x571FE0,0x572130,0x572140,0x5722B0,
  0x5723F0,0x572540,0x572610,0x572630,0x572650,0x572670,0x5726F0,0x572790,0x572A30,0x572AE2,0x572B11,0x572B58,
  0x572BD7,0x572BFD,0x572C22,0x572CA0,0x572CD8,0x572D07,0x572D7C,0x572DD2,0x572E59,0x572F36,0x572F74,0x572F91,
  0x572FE6,0x573003,0x573020,0x57304F,0x57307C,0x5730A1,0x5730D8,0x573123,0x5731CF,0x5731EA,0x573207,0x57322D,
  0x573248,0x573264,0x5732C0,0x573313,0x573340,0x573359,0x5733BE,0x573434,0x57344D,0x573464,0x573658,0x57367E,
  0x57369C,0x5736D5,0x57371A,0x573759,0x573816,0x573849,0x5738FD,0x573947,0x5739AB,0x573A4B,0x573A8D,0x573B95,
  0x573BB0,0x573BDD,0x573BEB,0x573F23,0x573FB3,0x57406C,0x5740D0,0x574113,0x574148,0x5742B7,0x5742EA,0x57430D,
  0x574406,0x574480,0x5744A0,0x5744C0,0x5744E0,0x574580,0x574620,0x574630,0x574650,0x574680,0x574750,0x574780,
  0x574790,0x5747A0,0x574FB0,0x574FC0,0x574FE0,0x575000,0x575070,0x5750D0,0x575110,0x575120,0x575220,0x575280,
  0x5752A0,0x5752B0,0x5752D0,0x5753E0,0x575440,0x5754D0,0x575560,0x575670,0x5756E0,0x5757E0,0x575860,0x5758B0,
  0x575910,0x5759D0,0x575A00,0x575B30,0x575B90,0x575BF0,0x575C60,0x575CC0,0x576060,0x5760F0,0x576120,0x576160,
  0x5761B0,0x5761C0,0x5761D0,0x5761F0,0x576200,0x576240,0x5762C0,0x576330,0x576390,0x5763B0,0x5763E0,0x5763F0,
  0x576420,0x576450,0x576480,0x5764B0,0x5764E0,0x576520,0x576530,0x576550,0x576560,0x57656E,0x576570,0x576600,
  0x576610,0x576630,0x576670,0x5766A0,0x5766D0,0x5766E0,0x576710,0x576730,0x576780,0x5767B0,0x576840,0x576890,
  0x5768B0,0x576960,0x5769D0,0x576A60,0x576AE0,0x576B50,0x576E20,0x576F40,0x576FB0,0x577040,0x5770C5,0x577100,
  0x5771C3,0x5772E2,0x577822,0x5786F0,0x578770,0x578840,0x578850,0x578860,0x578890,0x5788B0,0x5788C0,0x5788D0,
  0x5788E0,0x5788F0,0x578900,0x578930,0x578940,0x578960,0x578980,0x578990,0x5789A0,0x5789C0,0x5789E0,0x578A50,
  0x578AA0,0x578B50,0x578C00,0x578E30,0x578E60,0x578EE0,0x578F30,0x579070,0x579120,0x579190,0x5791B0,0x5791F0,
  0x5792C0,0x5792E0,0x5793F0,0x57A130,0x57D010,0x57D640,0x57DAB0,0x57E1C0,0x57E330,0x57E360,0x57E3B0,0x57E3E0,
  0x57E400,0x57E430,0x57E4B0,0x57E4E0,0x57E530,0x57E580,0x57E5B0,0x57E630,0x57E820,0x57E860,0x57E8A0,0x57E8E0,
  0x57E930,0x57E980,0x57E9D0,0x57EA20,0x57EA80,0x57EC70,0x57ECD0,0x57EFB0,0x57F3CB,0x57F3DF,0x57F411,0x57F45E,
  0x57F464,0x57F4BD,0x57F54C,0x57F5FF,0x57F65B,0x57F677,0x57F791,0x57F7A0,0x57F7C0,0x57F815,0x57F847,0x57F894,
  0x57F89A,0x57F8F3,0x57F982,0x57F9DE,0x57F9FA,0x57FAEC,0x57FB3E,0x57FB44,0x57FC3C,0x57FC4B,0x57FC64,0x57FC8A,
  0x57FCBC,0x57FD09,0x57FD25,0x57FDB4,0x57FE10,0x57FE6A,0x57FE70,0x57FE97,0x57FEC9,0x57FF16,0x57FF32,0x57FFC1,
  0x58001D,0x580061,0x580067,0x58006B,0x58007D,0x5800FE,0x580130,0x58017D,0x580199,0x580244,0x5802D3,0x58032F,
  0x580389,0x58038F,0x58039E,0x5803BF,0x5803E2,0x580414,0x580461,0x58047D,0x5804C9,0x580558,0x580633,0x580730,
  0x580750,0x580760,0x580770,0x580790,0x5807A0,0x5807E0,0x580820,0x580860,0x5808C0,0x5808F0,0x580920,0x5809B0,
  0x580A10,0x580A80,0x580A90,0x580AE0,0x580B00,0x580B10,0x580D00,0x580D10,0x580D40,0x580D70,0x580D80,0x580DD0,
  0x580E00,0x580F60,0x580F70,0x580FF0,0x581100,0x581140,0x5817F0,0x581840,0x581900,0x581920,0x581930,0x581940,
  0x581970,0x5819A0,0x5819D0,0x5819E0,0x581A20,0x581AC0,0x581AF0,0x581B60,0x581CC0,0x581D00,0x581E10,0x581E60,
  0x581EC0,0x581F30,0x581F40,0x581FF0,0x582050,0x582070,0x582290,0x5822A0,0x582380,0x5823F0,0x582410,0x582500,
  0x582590,0x5825A0,0x582660,0x5826D0,0x5826F0,0x582930,0x582940,0x582A30,0x582A90,0x582AB0,0x582BB0,0x582C20,
  0x582C70,0x582C80,0x582D40,0x582D90,0x582DB0,0x582E90,0x582FB0,0x5830C0,0x583100,0x583120,0x5832B0,0x583370,
  0x583780,0x5837C0,0x5837E0,0x583800,0x583820,0x583840,0x583860,0x583880,0x5838D0,0x583930,0x5839C0,0x583AC0,
  0x583B30,0x583B50,0x583BA0,0x583C70,0x583CF0,0x5841F0,0x584300,0x584320,0x584820,0x584D30,0x5851D0,0x5856D0,
  0x585BD0,0x585F10,0x585FE0,0x585FF0,0x5860D0,0x586190,0x5861F0,0x586200,0x5862A0,0x5862E0,0x586540,0x5865F0,
  0x586650,0x586680,0x586760,0x586BF0,0x586C50,0x586C60,0x586C90,0x586CC0,0x586D20,0x586D30,0x586D60,0x586D90,
  0x586DB0,0x586DD0,0x586E30,0x586E80,0x586EB0,0x586EE0,0x5870A0,0x587320,0x587500,0x587530,0x587590,0x587630,
  0x5876C0,0x5876E0,0x587780,0x587790,0x5877A0,0x5877C0,0x587800,0x587830,0x587860,0x587870,0x587880,0x587890,
  0x5878C0,0x5878D0,0x5878E0,0x587920,0x587970,0x5879B0,0x5879C0,0x587A00,0x587AD0,0x587B60,0x587B80,0x587BB0,
  0x587BD0,0x587BE0,0x587C10,0x587CE0,0x587D60,0x587DA0,0x587DF0,0x587E40,0x587E90,0x587EE0,0x587F00,0x587F20,
  0x587F50,0x587F60,0x587F70,0x588100,0x5881C0,0x588300,0x5883C0,0x588600,0x588950,0x588A80,0x588B00,0x588B30,
  0x588B70,0x588BA0,0x588BD0,0x588C10,0x588C40,0x588C70,0x588CD0,0x588D00,0x588D60,0x588D90,0x588DF0,0x588E20,
  0x588E70,0x588EC0,0x588F10,0x588F70,0x589030,0x5892C0,0x5893F0,0x589500,0x589570,0x589910,0x589A40,0x589AA0,
  0x589B00,0x589B60,0x589B80,0x589F00,0x589F20,0x589F40,0x589F60,0x58A4A0,0x58A550,0x58A660,0x58A780,0x58A890,
  0x58A990,0x58ABF0,0x58AC10,0x58AD00,0x58AE00,0x58AFA0,0x58B220,0x58B697,0x58B6B3,0x58B6F3,0x58B735,0x58B751,
  0x58B7FA,0x58B8B4,0x58B8C7,0x58B913,0x58B91D,0x58B976,0x58BAA7,0x58BAD4,0x58BAF3,0x58BB22,0x58BB4B,0x58BBD5,
  0x58BBF2,0x58BC2A,0x58BCB5,0x58BD3F,0x58BD5A,0x58BD88,0x58BE0C,0x58BEE1,0x58BF11,0x58BF48,0x58BFF1,0x58C05A,
  0x58C980,0x58C9B0,0x58C9C0,0x58C9D0,0x58C9F0,0x58CA10,0x58CA30,0x58CAB0,0x58CB50,0x58CB60,0x58CB70,0x58CBF0,
  0x58CC82,0x58CC86,0x58CC8A,0x58CCB0,0x58CD30,0x58CD50,0x58CF40,0x58D570,0x58D730,0x58DD80,0x58DDF0,0x58DE40,
  0x58DE60,0x58DE80,0x58DEA0,0x58DEC0,0x58DEE0,0x58DF00,0x58DF40,0x58DF50,0x58DF60,0x58E040,0x58E0A0,0x58E0E0,
  0x58E3D0,0x58E450,0x58E470,0x58E560,0x58E700,0x58E8F0,0x58E990,0x58E9A0,0x58E9B0,0x58E9C0,0x58E9D0,0x58E9E0,
  0x58E9F0,0x58EA00,0x58EA20,0x58EA90,0x58EB00,0x58EBB0,0x58EC20,0x58EC50,0x58ECA0,0x58ECF0,0x58ED60,0x58EDA0,
  0x58EDE0,0x58EE20,0x58EE60,0x58EEA0,0x58EEE0,0x58EF00,0x58F010,0x58F0B0,0x58F0D0,0x58F120,0x58F160,0x58F170,
  0x58F220,0x58F300,0x58F310,0x58F370,0x58F3D0,0x58F480,0x58F520,0x58F5F0,0x58F640,0x58F690,0x58F6F0,0x58FC20,
  0x58FE70,0x5904C0,0x590770,0x5907D0,0x5907EE,0x5908D0,0x590920,0x590970,0x590980,0x5909A0,0x590A20,0x590A40,
  0x590A70,0x590A90,0x590AC0,0x590B00,0x590BA0,0x590C70,0x590C90,0x591360,0x591420,0x5952C0,0x5952F0,0x595310,
  0x5953F0,0x595410,0x595430,0x5954F0,0x595510,0x595530,0x595550,0x595610,0x595620,0x595650,0x595710,0x595720,
  0x595790,0x595820,0x5958E0,0x5958F0,0x595900,0x595910,0x595920,0x595930,0x595940,0x595950,0x595970,0x5959B0,
  0x5959E0,0x595A20,0x595A80,0x595AB0,0x595B10,0x595B40,0x595B50,0x595B70,0x595C40,0x595C70,0x595CC0,0x595D00,
  0x595D70,0x595DE0,0x595E10,0x595E30,0x595E40,0x595E60,0x595E90,0x595EE0,0x595F00,0x595F70,0x595FA0,0x595FE0,
  0x596020,0x596090,0x5960A0,0x5960C0,0x5960F0,0x596130,0x596190,0x5961C0,0x596210,0x596270,0x5962B0,0x5962C0,
  0x5963A0,0x5963E0,0x59657A,0x596880,0x5968D0,0x5968F0,0x596920,0x596960,0x596AE0,0x596B00,0x596B60,0x596B80,
  0x596BC0,0x596C10,0x596D70,0x596D90,0x596DC0,0x596E30,0x596EE0,0x596EF0,0x596F10,0x596F70,0x596FE0,0x597090,
  0x597130,0x5971B0,0x5971C0,0x5971D0,0x5971E0,0x597280,0x5972B0,0x5972F0,0x597370,0x597420,0x597440,0x597460,
  0x597520,0x5975D0,0x597670,0x5976C0,0x5977D0,0x5978B0,0x5978D0,0x597930,0x597B10,0x597CC0,0x597D70,0x597E70,
  0x597F40,0x598120,0x598140,0x598160,0x5981A0,0x5981F0,0x598260,0x5982B0,0x5982D0,0x598350,0x5983C0,0x5984A0,
  0x598560,0x5985A0,0x5985E0,0x5986C0,0x5987A0,0x598910,0x5989D0,0x5989E0,0x598C40,0x598DA0,0x598DE0,0x598F70,
  0x599240,0x599430,0x599590,0x599705,0x59972C,0x59A630,0x59A650,0x59A6F0,0x59A750,0x59A7C0,0x59A7E0,0x59A800,
  0x59A810,0x59A820,0x59A850,0x59A870,0x59A880,0x59A930,0x59A950,0x59A9B0,0x59AAB0,0x59ABE0,0x59AC20,0x59AD10,
  0x59AD70,0x59ADE0,0x59AE20,0x59AE90,0x59AEB0,0x59AEC0,0x59AEF0,0x59AF20,0x59AF40,0x59AF50,0x59AF60,0x59AF80,
  0x59AF90,0x59B0C0,0x59B0F0,0x59B150,0x59B1A0,0x59B200,0x59B210,0x59B2C0,0x59B3E0,0x59B410,0x59B440,0x59B4F0,
  0x59B530,0x59B650,0x59B6D0,0x59B710,0x59B720,0x59B750,0x59B790,0x59B7D0,0x59B8A0,0x59B8B0,0x59B960,0x59BB20,
  0x59BC50,0x59BCE0,0x59BD40,0x59BD70,0x59BDB0,0x59BDF0,0x59BE30,0x59BE60,0x59BE80,0x59BFC0,0x59C080,0x59C1B0,
  0x59C230,0x59C2C0,0x59C2D0,0x59C2F0,0x59C380,0x59C400,0x59C500,0x59C5B0,0x59C5D0,0x59C680,0x59C7D0,0x59C880,
  0x59C980,0x59CA50,0x59CB20,0x59CC10,0x59CD00,0x59CD20,0x59CD70,0x59D280,0x59DC50,0x59DCB0,0x59DCE0,0x59DDD0,
  0x59DE30,0x59E080,0x59E0B0,0x59E0F0,0x59E120,0x59E150,0x59E1C0,0x59E220,0x59E250,0x59E2A0,0x59E2F0,0x59E320,
  0x59E330,0x59E360,0x59E3C0,0x59E410,0x59E500,0x59E640,0x59E6A0,0x59E740,0x59E750,0x59E760,0x59E770,0x59E8C0,
  0x59E9E0,0x59EBE0,0x59EC10,0x59EC30,0x59EC80,0x59ECA0,0x59ECE0,0x59ED50,0x59EF30,0x59EFF0,0x59F0C0,0x59F0E0,
  0x59F3B0,0x59F680,0x59FA40,0x59FA80,0x59FAF0,0x59FB40,0x59FC30,0x59FC90,0x5A0120,0x5A0170,0x5A0190,0x5A01B0,
  0x5A01F0,0x5A0200,0x5A0210,0x5A0220,0x5A0360,0x5A0370,0x5A0380,0x5A0390,0x5A03E0,0x5A0410,0x5A0440,0x5A0470,
  0x5A04B0,0x5A04D0,0x5A04E0,0x5A0530,0x5A0540,0x5A0550,0x5A0570,0x5A0580,0x5A0590,0x5A05A0,0x5A05B0,0x5A05C0,
  0x5A05D0,0x5A05E0,0x5A05F0,0x5A0600,0x5A0610,0x5A0620,0x5A0630,0x5A0640,0x5A0650,0x5A0660,0x5A0670,0x5A0690,
  0x5A06A0,0x5A06B0,0x5A06E0,0x5A0710,0x5A0720,0x5A0730,0x5A0740,0x5A0750,0x5A0770,0x5A0780,0x5A0790,0x5A07A0,
  0x5A0B20,0x5A0B40,0x5A0B70,0x5A0BA0,0x5A0BD0,0x5A0BF0,0x5A0C10,0x5A0C20,0x5A0E10,0x5A0EF0,0x5A0F50,0x5A0F90,
  0x5A0FC0,0x5A1060,0x5A1170,0x5A1210,0x5A12D0,0x5A12E0,0x5A1330,0x5A1380,0x5A13A0,0x5A13D0,0x5A1420,0x5A1440,
  0x5A1460,0x5A14D0,0x5A1910,0x5A1950,0x5A19B0,0x5A19C0,0x5A19E0,0x5A1D50,0x5A1D60,0x5A2060,0x5A21F0,0x5A27C0,
  0x5A27E0,0x5A2800,0x5A2810,0x5A2840,0x5A2890,0x5A29A0,0x5A2A50,0x5A2B00,0x5A2B60,0x5A2BD0,0x5A2C60,0x5A2CA0,
  0x5A2CF0,0x5A2D70,0x5A2D90,0x5A2DD0,0x5A2DF0,0x5A2E40,0x5A2E90,0x5A2F50,0x5A2F80,0x5A2FD0,0x5A3030,0x5A3080,
  0x5A30B0,0x5A3120,0x5A3150,0x5A31B0,0x5A3200,0x5A3230,0x5A3290,0x5A32E0,0x5A3330,0x5A33E0,0x5A3460,0x5A3570,
  0x5A35E0,0x5A3600,0x5A3620,0x5A3690,0x5A36B0,0x5A3760,0x5A3B6F,0x5A3C79,0x5A3D33,0x5A3DAB,0x5A3DE7,0x5A3E04,
  0x5A3F0C,0x5A3F11,0x5A3F30,0x5A3F40,0x5A3F70,0x5A3FE0,0x5A4020,0x5A4047,0x5A4048,0x5A4049,0x5A404D,0x5A4050,
  0x5A41F0,0x5A4280,0x5A42A0,0x5A42C0,0x5A42E0,0x5A4300,0x5A4320,0x5A4340,0x5A4460,0x5A44E0,0x5A4510,0x5A4530,
  0x5A45C0,0x5A4610,0x5A4630,0x5A4650,0x5A4670,0x5A46A0,0x5A4770,0x5A4A70,0x5A4AB0,0x5A4B30,0x5A4B90,0x5A4BB0,
  0x5A4C00,0x5A4C10,0x5A4C40,0x5A4CC0,0x5A4DD0,0x5A4E30,0x5A5050,0x5A51B0,0x5A5380,0x5A53A0,0x5A5480,0x5A5520,
  0x5A5590,0x5A55C0,0x5A5600,0x5A5650,0x5A56A0,0x5A5700,0x5A5750,0x5A57B0,0x5A5810,0x5A5870,0x5A5890,0x5A58A0,
  0x5A58C0,0x5A58D0,0x5A58F0,0x5A5BE0,0x5A5CC0,0x5A5CD0,0x5A5CF0,0x5A5D20,0x5A5D30,0x5A5E60,0x5A5EA0,0x5A5EC0,
  0x5A5EE0,0x5A5F00,0x5A5F20,0x5A5F40,0x5A5F60,0x5A5F80,0x5A5F90,0x5A5FA0,0x5A61C0,0x5A65B0,0x5A65D0,0x5A6600,
  0x5A6670,0x5A6720,0x5A6980,0x5A6AC0,0x5A6C00,0x5A6D80,0x5A6EC0,0x5A7020,0x5A7040,0x5A7060,0x5A7080,0x5A70A0,
  0x5A70C0,0x5A70E0,0x5A7100,0x5A7120,0x5A7140,0x5A7160,0x5A71B0,0x5A7220,0x5A7260,0x5A72C0,0x5A72D0,0x5A7360,
  0x5A7390,0x5A73A0,0x5A73D0,0x5A74B0,0x5A7530,0x5A7580,0x5A75B0,0x5A7640,0x5A7670,0x5A76C0,0x5A76E0,0x5A7700,
  0x5A7740,0x5A7760,0x5A77A0,0x5A77C0,0x5A77F0,0x5A7840,0x5A7890,0x5A7CB0,0x5A7CD0,0x5A7D00,0x5A7D10,0x5A7DF0,
  0x5A7F60,0x5A8160,0x5A81A0,0x5A8820,0x5A8CD0,0x5A9250,0x5A9910,0x5A9E40,0x5AAB00,0x5AAE30,0x5ABD90,0x5ABE40,
  0x5ABE80,0x5ABEB0,0x5ABF20,0x5ABF50,0x5ABF90,0x5ABFC0,0x5AC020,0x5AC950,0x5AC970,0x5ADC30,0x5ADC90,0x5AE3F0,
  0x5AE460,0x5AE6D0,0x5AE820,0x5AEBC0,0x5AEC40,0x5AEC90,0x5AED50,0x5AEE10,0x5AEF70,0x5AEFC0,0x5AF010,0x5AF040,
  0x5AF070,0x5AF090,0x5AF0D0,0x5AF1E0,0x5AF2A0,0x5AF5A0,0x5AF620,0x5AF6C0,0x5AF720,0x5AF920,0x5AF9F0,0x5AFDA0,
  0x5AFE40,0x5AFEA0,0x5AFEE0,0x5B0000,0x5B00F0,0x5B01E0,0x5B0230,0x5B0300,0x5B0380,0x5B0410,0x5B0460,0x5B04B0,
  0x5B0560,0x5B0610,0x5B0660,0x5B0750,0x5B0830,0x5B0910,0x5B0990,0x5B0A80,0x5B0B10,0x5B0C20,0x5B0C30,0x5B0C40,
  0x5B0C60,0x5B0C80,0x5B0CA0,0x5B0CC0,0x5B0CE0,0x5B0D10,0x5B0D40,0x5B0D50,0x5B0D70,0x5B0D90,0x5B0DB0,0x5B0DD0,
  0x5B0DE0,0x5B0DF0,0x5B0E10,0x5B0E30,0x5B0E50,0x5B0E70,0x5B0E80,0x5B0EA0,0x5B0EC0,0x5B0EE0,0x5B0F00,0x5B0F20,
  0x5B0FA0,0x5B1120,0x5B1290,0x5B1450,0x5B14B0,0x5B1510,0x5B1570,0x5B15E0,0x5B1640,0x5B16A0,0x5B16C0,0x5B16E0,
  0x5B1700,0x5B1720,0x5B1740,0x5B1760,0x5B1780,0x5B1895,0x5B18E8,0x5B18FE,0x5B1918,0x5B1983,0x5B198E,0x5B19A7,
  0x5B19C0,0x5B1ABA,0x5B1C00,0x5B1D49,0x5B1E2B,0x5B1F5B,0x5B208E,0x5B20AA,0x5B2156,0x5B226E,0x5B230F,0x5B23BB,
  0x5B24D3,0x5B25DC,0x5B25F6,0x5B2619,0x5B269A,0x5B2783,0x5B279F,0x5B2909,0x5B2AC3,0x5B2C40,0x5B2CC0,0x5B2DA0,
  0x5B2DB0,0x5B2DC0,0x5B2DE0,0x5B2E00,0x5B2E20,0x5B2E40,0x5B2E50,0x5B2E60,0x5B2E70,0x5B2EA0,0x5B2EB0,0x5B2EF0,
  0x5B2F00,0x5B2F10,0x5B2F20,0x5B2F50,0x5B2F60,0x5B2F80,0x5B3090,0x5B41A3,0x5B41D0,0x5B4245,0x5B42D8,0x5B4368,
  0x5B439E,0x5B4464,0x5B4486,0x5B44B7,0x5B44DC,0x5B44E4,0x5B44FB,0x5B4522,0x5B456F,0x5B458B,0x5B462D,0x5B4637,
  0x5B465F,0x5B4679,0x5B468A,0x5B4698,0x5B46C1,0x5B4767,0x5B4783,0x5B47A1,0x5B47CE,0x5B47FF,0x5B482E,0x5B4875,
  0x5B4956,0x5B49D6,0x5B4A1D,0x5B4A7C,0x5B4B9A,0x5B4D20,0x5B4DD0,0x5B4E90,0x5B4EE0,0x5B4FC0,0x5B5020,0x5B5030,
  0x5B5100,0x5B52B0,0x5B5450,0x5B58D0,0x5B5AB0,0x5B5AD0,0x5B5B20,0x5B5B30,0x5B5B50,0x5B5B70,0x5B5B80,0x5B5B90,
  0x5B5BB0,0x5B5BD0,0x5B5C10,0x5B5C20,0x5B5C30,0x5B5C70,0x5B5CB0,0x5B5CE0,0x5B5D30,0x5B5E00,0x5B5EC0,0x5B5FF0,
  0x5B60A0,0x5B60E0,0x5B6110,0x5B6120,0x5B6130,0x5B6140,0x5B6180,0x5B61D0,0x5B63B0,0x5B6860,0x5B6880,0x5B68B0,
  0x5B69D0,0x5B6A00,0x5B6DC0,0x5B6E20,0x5B7020,0x5B7070,0x5B7140,0x5B71A0,0x5B71F0,0x5B72B0,0x5B7500,0x5B7570,
  0x5B7740,0x5B77D0,0x5B7850,0x5B7860,0x5B7910,0x5B79D0,0x5B7A90,0x5B7AE0,0x5B7B50,0x5B7BC0,0x5B7C40,0x5B7D70,
  0x5B8160,0x5B81D0,0x5B8250,0x5B8380,0x5B8680,0x5B86A0,0x5B87C0,0x5B8810,0x5B8830,0x5B8840,0x5B8850,0x5B8860,
  0x5B8960,0x5B8AF0,0x5B8B80,0x5B8C30,0x5B8EA0,0x5B8EC0,0x5B92E0,0x5B9410,0x5B9430,0x5B9530,0x5B95D0,0x5B9660,
  0x5B97B0,0x5B98C0,0x5B9980,0x5B9A10,0x5B9B40,0x5B9B80,0x5B9BC0,0x5B9BE0,0x5B9C80,0x5B9CF0,0x5B9D30,0x5B9FF0,
  0x5BA360,0x5BA410,0x5BA4C0,0x5BA750,0x5BA9B0,0x5BAB50,0x5BABD0,0x5BAC40,0x5BACA0,0x5BAD00,0x5BAE10,0x5BAE90,
  0x5BAEE0,0x5BAF80,0x5BB1E0,0x5BB240,0x5BB310,0x5BB460,0x5BB580,0x5BB790,0x5BB9C0,0x5BBA50,0x5BBBB0,0x5BBBF0,
  0x5BC1E0,0x5BC460,0x5BC490,0x5BC510,0x5BC5B0,0x5BC640,0x5BC6D0,0x5BC700,0x5BC760,0x5BC790,0x5BC7A0,0x5BC7E0,
  0x5BC870,0x5BCD70,0x5BCD90,0x5BCDA0,0x5BCDB0,0x5BCE50,0x5BD1A0,0x5BD960,0x5BDCB0,0x5BDF90,0x5BE8B0,0x5BF0F0,
  0x5BF2E0,0x5BF410,0x5BF530,0x5BF6A0,0x5BF740,0x5BF780,0x5BF8B0,0x5BFA10,0x5BFA50,0x5BFC70,0x5BFEB0,0x5C00D0,
  0x5C0310,0x5C0940,0x5C0F70,0x5C12F0,0x5C1AE0,0x5C20E0,0x5C23A0,0x5C2740,0x5C2C60,0x5C3390,0x5C3770,0x5C3830,
  0x5C3920,0x5C3B20,0x5C3BB0,0x5C3C60,0x5C3F60,0x5C3FE0,0x5C4060,0x5C4290,0x5C44B0,0x5C4720,0x5C47A0,0x5C4800,
  0x5C4860,0x5C4890,0x5C48D0,0x5C4920,0x5C49A0,0x5C4A20,0x5C4B30,0x5C51B0,0x5C5210,0x5C5320,0x5C5540,0x5C5650,
  0x5C5950,0x5C5A10,0x5C5C10,0x5C5ED0,0x5C61A0,0x5C6200,0x5C63C0,0x5C6440,0x5C64F0,0x5C6540,0x5C65C0,0x5C6710,
  0x5C6860,0x5C6A70,0x5C6B50,0x5C6CD0,0x5C6DA0,0x5C6E60,0x5C6EA0,0x5C8250,0x5C9820,0x5CD590,0x5CD690,0x5CD780,
  0x5CD870,0x5CE2A0,0x5CFB60,0x5D0B50,0x5D0D60,0x5D0E30,0x5D0E70,0x5D10E0,0x5D15C0,0x5D17B0,0x5D1880,0x5D1970,
  0x5D1AE0,0x5D1D70,0x5D1EA0,0x5D1F00,0x5D1F20,0x5D1FF0,0x5D2290,0x5D2440,0x5D2740,0x5D2A50,0x5D2A90,0x5D2CC0,
  0x5D2E00,0x5D3750,0x5D3E10,0x5D3E70,0x5D4570,0x5D4980,0x5D4C90,0x5D4D30,0x5D4D40,0x5D4DAE,0x5D4DBE,0x5D4DE0,
  0x5D4F10,0x5D4FB0,0x5D51A0,0x5D5480,0x5D55C0,0x5D59B0,0x5D5DC0,0x5D5E80,0x5D6480,0x5D64B0,0x5D6590,0x5D6660,
  0x5D6740,0x5D6810,0x5D68A0,0x5D6920,0x5D6A20,0x5D6AF0,0x5D6B50,0x5D6D40,0x5D6D80,0x5D6DD0,0x5D6E40,0x5D6E50,
  0x5D6EC0,0x5D6F00,0x5D6F60,0x5D6FA0,0x5D6FF0,0x5D7040,0x5D70E0,0x5D7180,0x5D71F0,0x5D7260,0x5D7320,0x5D73E0,
  0x5D7440,0x5D74A0,0x5D7570,0x5D75B0,0x5D7610,0x5D77F0,0x5D7830,0x5D7880,0x5D78E0,0x5D7DE0,0x5D8250,0x5D82E0,
  0x5D8360,0x5D85F0,0x5D86AC,0x5D86F1,0x5D875A,0x5D8777,0x5D87B4,0x5D8808,0x5D8822,0x5D88B6,0x5D88E5,0x5D893C,
  0x5D8B5B,0x5D8C4D,0x5D8C69,0x5D8EB2,0x5D8EF2,0x5D8F11,0x5D8F8D,0x5D8F97,0x5D8FB9,0x5D8FDD,0x5D9035,0x5D9087,
  0x5D90C3,0x5D9119,0x5D9168,0x5D91D1,0x5D9251,0x5D92A0,0x5D92B2,0x5D92D7,0x5D92FD,0x5D932A,0x5D937E,0x5D93AB,
  0x5D93D0,0x5D93F6,0x5D9413,0x5D942C,0x5D9459,0x5D9474,0x5D94B3,0x5D94E6,0x5D9504,0x5D95B8,0x5D9620,0x5D96F1,
  0x5D973B,0x5D97ED,0x5D98A1,0x5D992D,0x5D9A64,0x5D9B08,0x5D9DE4,0x5D9E1B,0x5D9EE3,0x5D9EFF,0x5DA281,0x5DA2CE,
  0x5DA345,0x5DA4CD,0x5DA4F7,0x5DA641,0x5DA70C,0x5DA810,0x5DA83D,0x5DAB70,0x5DAB86,0x5DABBA,0x5DAC16,0x5DAC32,
  0x5DACDB,0x5DADB3,0x5DAE0E,0x5DAEA1,0x5DB240,0x5DB25F,0x5DB266,0x5DB292,0x5DB2A0,0x5DB2B1,0x5DB2C0,0x5DB2CF,
  0x5DB2DE,0x5DB2F8,0x5DB31E,0x5DB323,0x5DB328,0x5DB349,0x5DB364,0x5DB3A7,0x5DB3AC,0x5DB3C9,0x5DB3FD,0x5DB413,
  0x5DB478,0x5DB4B1,0x5DB4D7,0x5DB4F8,0x5DB51A,0x5DB56B,0x5DB588,0x5DB5A5,0x5DB5C2,0x5DB60A,0x5DB725,0x5DB742,
  0x5DB770,0x5DB7D2,0x5DB81B,0x5DB840,0x5DB8B8,0x5DB8F3,0x5DB907,0x5DB951,0x5DB9A6,0x5DBA99,0x5DBB80,0x5DBC26,
  0x5DBCD0,0x5DBD40,0x5DBD8A,0x5DBE38,0x5DBF19,0x5DBF35,0x5DC241,0x5DC283,0x5DC2B8,0x5DC2F8,0x5DC317,0x5DC399,
  0x5DC3C7,0x5DC455,0x5DC46C,0x5DC48C,0x5DC493,0x5DC49A,0x5DC50D,0x5DC5AA,0x5DC5C9,0x5DC6E0,0x5DC727,0x5DC789,
  0x5DC78F,0x5DC7CD,0x5DC80A,0x5DC877,0x5DC89A,0x5DC8CC,0x5DC8FE,0x5DC91B,0x5DC94A,0x5DC98B,0x5DCA0A,0x5DCA27,
  0x5DCA39,0x5DCA5F,0x5DCA84,0x5DCAA1,0x5DCABE,0x5DCAF5,0x5DCB07,0x5DCB28,0x5DCBB3,0x5DCC2E,0x5DCC88,0x5DCCEB,
  0x5DCD4F,0x5DCDBB,0x5DCE38,0x5DCE5C,0x5DCE92,0x5DCEC8,0x5DCEEA,0x5DCF17,0x5DCF61,0x5DCF8A,0x5DCFBF,0x5DCFE4,
  0x5DD000,0x5DD088,0x5DD0AA,0x5DD0CD,0x5DD117,0x5DD140,0x5DD17B,0x5DD1F3,0x5DD2A0,0x5DD2EC,0x5DD325,0x5DD34B,
  0x5DD3BE,0x5DD47E,0x5DD499,0x5DD53E,0x5DD5D7,0x5DD618,0x5DD86A,0x5DD9EE,0x5DDAF7,0x5DDB16,0x5DDBD3,0x5DDC6A,
  0x5DDCE6,0x5DDDF5,0x5DDE3B,0x5DDEA2,0x5DDEC9,0x5DDEEC,0x5DDF23,0x5DDF63,0x5DDF8C,0x5DDFFD,0x5DE01A,0x5DE04C,
  0x5DE087,0x5DE0D8,0x5DE179,0x5DE29E,0x5DE35C,0x5DE43F,0x5DE472,0x5DE4BB,0x5DE4E8,0x5DE50E,0x5DE533,0x5DE550,
  0x5DE56D,0x5DE588,0x5DE5A6,0x5DE5C7,0x5DE5F4,0x5DE60D,0x5DE64C,0x5DE67F,0x5DE69D,0x5DE76B,0x5DE805,0x5DE80D,
  0x5DE8B8,0x5DE930,0x5DE9E7,0x5DEAE9,0x5DEB05,0x5DEFA0,0x5DF00C,0x5DF02F,0x5DF15C,0x5DF198,0x5DF1D3,0x5DF1F4,
  0x5DF215,0x5DF236,0x5DF257,0x5DF278,0x5DF299,0x5DF2BA,0x5DF2DB,0x5DF2FC,0x5DF31D,0x5DF33E,0x5DF3E7,0x5DF408,
  0x5DF429,0x5DF44A,0x5DF46B,0x5DF56A,0x5DF5BE,0x5DF633,0x5DF671,0x5DF70E,0x5DF73C,0x5DF7B2,0x5DF7CE,0x5DF7D3,
  0x5DF7F3,0x5DF85E,0x5DF8E2,0x5DF95D,0x5DFA31,0x5DFA51,0x5DFAA3,0x5DFAE4,0x5DFB59,0x5DFBEC,0x5DFC0E,0x5DFC2E,
  0x5DFD29,0x5DFE44,0x5DFE90,0x5DFECE,0x5DFF0F,0x5DFF32,0x5DFF59,0x5DFF7A,0x5DFFA8,0x5E0009,0x5E0045,0x5E0095,
  0x5E00B6,0x5E0108,0x5E016B,0x5E01B9,0x5E0203,0x5E038B,0x5E03A4,0x5E0441,0x5E0487,0x5E04CD,0x5E04FF,0x5E051B,
  0x5E0557,0x5E0573,0x5E05AB,0x5E07F7,0x5E085A,0x5E0876,0x5E08AE,0x5E08CA,0x5E0932,0x5E0984,0x5E09AD,0x5E09CD,
  0x5E09E9,0x5E0A27,0x5E0A39,0x5E0A7D,0x5E0B35,0x5E0BB1,0x5E0C2D,0x5E0CA9,0x5E0D25,0x5E0DA1,0x5E0DB4,0x5E0E30,
  0x5E0EAC,0x5E0F28,0x5E0FA4,0x5E1020,0x5E109C,0x5E1118,0x5E1256,0x5E1270,0x5E1D64,0x5E1ED7,0x5E1F53,0x5E1FCF,
  0x5E204E,0x5E20A2,0x5E20E9,0x5E2122,0x5E214C,0x5E2154,0x5E2170,0x5E21BC,0x5E21D8,0x5E2282,0x5E2343,0x5E241A,
  0x5E24FC,0x5E261D,0x5E2640,0x5E275B,0x5E27F8,0x5E2838,0x5E295F,0x5E2988,0x5E2AA5,0x5E2B21,0x5E2B3D,0x5E2BF0,
  0x5E2C0F,0x5E2CC1,0x5E2D15,0x5E2D5D,0x5E2D74,0x5E2DBA,0x5E2DF4,0x5E2E2E,0x5E2E65,0x5E2E9C,0x5E2EF2,0x5E2F24,
  0x5E3120,0x5E3143,0x5E3183,0x5E31BE,0x5E31DF,0x5E357E,0x5E36CD,0x5E36E0,0x5E36E6,0x5E36F7,0x5E36FB,0x5E372D,
  0x5E3796,0x5E37D4,0x5E3834,0x5E3884,0x5E389C,0x5E38FA,0x5E3960,0x5E39CE,0x5E39E6,0x5E3A1B,0x5E3A5A,0x5E3A81,
  0x5E3B79,0x5E3BA5,0x5E3BD1,0x5E3BE4,0x5E3C12,0x5E3C56,0x5E3CAD,0x5E3CC9,0x5E3D02,0x5E3E8D,0x5E3EF7,0x5E3F49,
  0x5E40AD,0x5E40F2,0x5E4137,0x5E4150,0x5E417A,0x5E41BC,0x5E42B6,0x5E42CB,0x5E42E9,0x5E4326,0x5E4618,0x5E4653,
  0x5E4A14,0x5E4A74,0x5E4AC2,0x5E4C40,0x5E4CA7,0x5E4CD3,0x5E4F44,0x5E5785,0x5E586F,0x5E5D7E,0x5E5D9A,0x5E5F99,
  0x5E5FC2,0x5E600B,0x5E6027,0x5E6085,0x5E60C7,0x5E613F,0x5E63F3,0x5E678F,0x5E67CC,0x5E67F2,0x5E6810,0x5E6835,
  0x5E6869,0x5E689E,0x5E68A4,0x5E69DC,0x5E6A25,0x5E6A52,0x5E6A96,0x5E6B6B,0x5E6D4F,0x5E740D,0x5E742E,0x5E74C1,
  0x5E7607,0x5E765F,0x5E7681,0x5E7690,0x5E76AC,0x5E7CC7,0x5E7EB2,0x5E7F12,0x5E80B0,0x5E810C,0x5E8194,0x5E821A,
  0x5E83FD,0x5E86E5,0x5E8701,0x5E8827,0x5E8848,0x5E8865,0x5E91E2,0x5E983D,0x5E98D6,0x5E9AB1,0x5E9B90,0x5E9BEF,
  0x5E9C25,0x5E9C5A,0x5E9CB3,0x5E9CE9,0x5E9D0B,0x5E9D3C,0x5E9F61,0x5EA13A,0x5EA15F,0x5EA176,0x5EA197,0x5EA38D,
  0x5EA54B,0x5EA5B6,0x5EA5D2,0x5EA5D9,0x5EA65A,0x5EA660,0x5EA666,0x5EA6B4,0x5EA6E1,0x5EA6FE,0x5EA74E,0x5EA78B,
  0x5EA795,0x5EA7F2,0x5EA817,0x5EA852,0x5EA8A5,0x5EA8AD,0x5EA8BE,0x5EA8CD,0x5EA8EF,0x5EA918,0x5EA942,0x5EA99B,
  0x5EA9B3,0x5EAA07,0x5EAA52,0x5EAA86,0x5EAADF,0x5EAB8F,0x5EAD75,0x5EAE5B,0x5EAE68,0x5EAE75,0x5EAE84,0x5EAE95,
  0x5EAEA2,0x5EAED7,0x5EAF4E,0x5EAF6A,0x5EAF87,0x5EAFA7,0x5EAFDD,0x5EB010,0x5EB045,0x5EB079,0x5EB07E,0x5EB0BD,
  0x5EB0E5,0x5EB101,0x5EB11F,0x5EB14C,0x5EB169,0x5EB198,0x5EB1C0,0x5EB1ED,0x5EB208,0x5EB223,0x5EB2AC,0x5EB3FF,
  0x5EB411,0x5EB44F,0x5EB474,0x5EB533,0x5EB566,0x5EB5E4,0x5EB702,0x5EB71E,0x5EB775,0x5EB78F,0x5EB7D9,0x5EB8ED,
  0x5EBA4A,0x5EBA82,0x5EC0BA,0x5EC0C7,0x5EC0D4,0x5EC0E5,0x5EC0F6,0x5EC166,0x5EC232,0x5EC2E6,0x5EC42C,0x5EC452,
  0x5EC46B,0x5EC498,0x5EC4BD,0x5EC4EC,0x5EC62F,0x5EC63C,0x5EC69F,0x5EC6FF,0x5EC718,0x5EC757,0x5EC775,0x5EC7E2,
  0x5EC817,0x5EC873,0x5EC92A,0x5EC957,0x5EC97D,0x5EC9BE,0x5EC9FE,0x5ECA71,0x5ECA83,0x5ECA9C,0x5ECADB,0x5ECAF9,
  0x5ECB4C,0x5ECB54,0x5ECBAF,0x5ECC66,0x5ECC82,0x5ECE45,0x5ECF79,0x5ED37A,0x5ED455,0x5ED4B9,0x5ED4F4,0x5ED4FF,
  0x5ED538,0x5ED55F,0x5ED573,0x5ED57E,0x5ED585,0x5ED59C,0x5ED5D5,0x5ED610,0x5ED722,0x5ED730,0x5ED76E,0x5ED7A2,
  0x5EDB17,0x5EDBBC,0x5EDC15,0x5EDCF7,0x5EDD0F,0x5EDD27,0x5EDD69,0x5EE1A6,0x5EE30E,0x5EE384,0x5EE3D0,0x5EE6EF,
  0x5EE70B,0x5EE7A8,0x5EE9CA,0x5EEBBD,0x5EEBD5,0x5EEC5E,0x5EECA2,0x5EED0D,0x5EEDB1,0x5EEE73,0x5EEF8A,0x5EF05E,
  0x5EF0F0,0x5EF3BE,0x5EF427,0x5EF447,0x5EF4EC,0x5EF85B,0x5EF878,0x5EF882,0x5EF8B3,0x5EF8D8,0x5EF909,0x5EF951,
  0x5EF96D,0x5EF9C3,0x5EFB69,0x5EFB70,0x5EFB95,0x5EFBCA,0x5EFBF7,0x5EFC3B,0x5EFCF5,0x5EFD27,0x5EFD50,0x5EFDB9,
  0x5EFDFC,0x5EFE41,0x5EFE5D,0x5EFEA6,0x5EFEDE,0x5EFF0B,0x5EFF31,0x5EFF5F,0x5EFFAB,0x5EFFE7,0x5F0030,0x5F0044,
  0x5F004B,0x5F006B,0x5F00CA,0x5F0126,0x5F017E,0x5F01EA,0x5F0328,0x5F042E,0x5F0446,0x5F055B,0x5F059A,0x5F05B8,
  0x5F05ED,0x5F063E,0x5F0689,0x5F0867,0x5F08C2,0x5F0B91,0x5F0BD1,0x5F0D68,0x5F0DC5,0x5F0EBB,0x5F0EE6,0x5F1920,
  0x5F1988,0x5F19CD,0x5F1A60,0x5F1B1B,0x5F1B20,0x5F1B5A,0x5F275D,0x5F296A,0x5F29F9,0x5F2A15,0x5F2ABE,0x5F2B75,
  0x5F2BAC,0x5F2C59,0x5F2D09,0x5F2D0E,0x5F2D3D,0x5F2D41,0x5F2D45,0x5F2D53,0x5F2D61,0x5F2D65,0x5F2D9B,0x5F2DC2,
  0x5F2DC6,0x5F2DD8,0x5F2E02,0x5F2E52,0x5F2E58,0x5F2EBC,0x5F2EDE,0x5F2EE6,0x5F2EEE,0x5F2F2D,0x5F2F55,0x5F2FC2,
  0x5F30B9,0x5F31B0,0x5F32A7,0x5F32B4,0x5F32D7,0x5F32F4,0x5F32FF,0x5F332E,0x5F3397,0x5F33C2,0x5F3664,0x5F3782,
  0x5F3904,0x5F3947,0x5F3965,0x5F399E,0x5F39F5,0x5F3A39,0x5F3A59,0x5F3B0A,0x5F3BE0,0x5F3C18,0x5F3C2D,0x5F3C65,
  0x5F3C97,0x5F3CCF,0x5F3E31,0x5F3EBB,0x5F3F18,0x5F3FD7,0x5F401D,0x5F4076,0x5F408B,0x5F40B2,0x5F4102,0x5F4173,
  0x5F41B9,0x5F41D5,0x5F42D9,0x5F4378,0x5F4394,0x5F439F,0x5F43C1,0x5F43E8,0x5F440F,0x5F4436,0x5F4458,0x5F446B,
  0x5F448D,0x5F449F,0x5F44F4,0x5F45CC,0x5F45D2,0x5F461D,0x5F477F,0x5F47D0,0x5F47F2,0x5F4804,0x5F4841,0x5F4870,
  0x5F489F,0x5F48CE,0x5F48FD,0x5F4931,0x5F4960,0x5F498F,0x5F49C3,0x5F4A0F,0x5F4A36,0x5F4A6D,0x5F4A7F,0x5F4A91,
  0x5F4AB3,0x5F4AC4,0x5F4AE6,0x5F4B08,0x5F4B2A,0x5F4B59,0x5F4B88,0x5F4C02,0x5F4C6B,0x5F4F97,0x5F50D4,0x5F5123,
  0x5F526A,0x5F52A4,0x5F530A,0x5F5379,0x5F53BE,0x5F5439,0x5F5460,0x5F5487,0x5F54A9,0x5F54D0,0x5F550E,0x5F554F,
  0x5F5571,0x5F5598,0x5F55AC,0x5F55C0,0x5F55D4,0x5F55E8,0x5F55FC,0x5F5610,0x5F5624,0x5F5638,0x5F5651,0x5F5765,
  0x5F588E,0x5F59AD,0x5F59C9,0x5F59E5,0x5F5A73,0x5F5A8F,0x5F5B6C,0x5F5BC9,0x5F5C0B,0x5F5C92,0x5F5CE9,0x5F5D37,
  0x5F5DAF,0x5F5E06,0x5F5E47,0x5F5E5D,0x5F5E7A,0x5F5EC6,0x5F5F0C,0x5F5FE3,0x5F6013,0x5F6052,0x5F6082,0x5F6151,
  0x5F616E,0x5F6191,0x5F61B1,0x5F6454,0x5F6BD5,0x5F6F40,0x5F7368,0x5F78F6,0x5F7909,0x5F7952,0x5F7967,0x5F79BF,
  0x5F79D9,0x5F7A00,0x5F7A41,0x5F7A63,0x5F7A98,0x5F7ADB,0x5F7B34,0x5F7B52,0x5F7B71,0x5F7B96,0x5F7C49,0x5F7C6B,
  0x5F7F99,0x5F7FD4,0x5F806C,0x5F8082,0x5F80DF,0x5F8118,0x5F8159,0x5F817B,0x5F819A,0x5F81DC,0x5F826F,0x5F8303,
  0x5F8345,0x5F8398,0x5F83D3,0x5F840B,0x5F8472,0x5F8520,0x5F8570,0x5F8592,0x5F85D3,0x5F85F5,0x5F8654,0x5F86EB,
  0x5F8767,0x5F87C7,0x5F8821,0x5F886E,0x5F889B,0x5F88C6,0x5F8AFF,0x5F8B04,0x5F8B24,0x5F8B64,0x5F8B88,0x5F8BC3,
  0x5F8BE5,0x5F8C26,0x5F8C4D,0x5F8CD4,0x5F8D74,0x5F8E2B,0x5F8F3F,0x5F9039,0x5F90E9,0x5F920A,0x5F93E8,0x5F9423,
  0x5F947A,0x5F94A3,0x5F9548,0x5F9657,0x5F965F,0x5F9716,0x5F9BF0,0x5F9C23,0x5F9C54,0x5F9C76,0x5F9CB7,0x5F9CD9,
  0x5F9CFD,0x5F9D34,0x5F9D55,0x5F9D6B,0x5F9DA6,0x5F9DEB,0x5F9E14,0x5F9EEE,0x5F9F0A,0x5F9F21,0x5F9F43,0x5F9F6D,
  0x5F9F84,0x5F9FAB,0x5F9FD1,0x5FA0CF,0x5FA0E6,0x5FA202,0x5FA293,0x5FA2CE,0x5FA976,0x5FAB8D,0x5FAF9E,0x5FAFD9,
  0x5FB030,0x5FB061,0x5FB087,0x5FB0C4,0x5FB0FF,0x5FB115,0x5FB150,0x5FB18B,0x5FB1D0,0x5FB201,0x5FB227,0x5FB24D,
  0x5FB263,0x5FB29E,0x5FB2D9,0x5FB314,0x5FB36B,0x5FB394,0x5FB3B8,0x5FB3DE,0x5FB416,0x5FB451,0x5FB467,0x5FB4A2,
  0x5FB63C,0x5FB642,0x5FB67D,0x5FB6C2,0x5FB712,0x5FB73B,0x5FB75F,0x5FB785,0x5FB7AB,0x5FB7C1,0x5FB7FC,0x5FB884,
  0x5FB88A,0x5FB8A6,0x5FB8C2,0x5FB907,0x5FB958,0x5FB981,0x5FBA5A,0x5FBA7E,0x5FBAA4,0x5FBACA,0x5FBAE6,0x5FBB2B,
  0x5FBB54,0x5FBB78,0x5FBB9E,0x5FBBC4,0x5FBE28,0x5FC2FE,0x5FC39A,0x5FC592,0x5FC638,0x5FC749,0x5FC76F,0x5FC795,
  0x5FC8C5,0x5FC8DE,0x5FC922,0x5FC948,0x5FC95B,0x5FC966,0x5FC987,0x5FC9C1,0x5FC9EC,0x5FCA2E,0x5FCA7A,0x5FCAD9,
  0x5FCB17,0x5FCB4D,0x5FCB7A,0x5FCBA7,0x5FCBC4,0x5FCBC9,0x5FCCA1,0x5FCCD9,0x5FCD3A,0x5FCD57,0x5FCD80,0x5FCDA9,
  0x5FCDCB,0x5FCE0F,0x5FCE47,0x5FCE7F,0x5FCEA4,0x5FCEBC,0x5FCF2F,0x5FCFB7,0x5FD02A,0x5FD05B,0x5FD075,0x5FD0B4,
  0x5FD0CB,0x5FD0E9,0x5FD15C,0x5FD1CF,0x5FD1F9,0x5FD29E,0x5FD343,0x5FD38F,0x5FD3D9,0x5FD414,0x5FD431,0x5FD475,
  0x5FD547,0x5FD599,0x5FD5C7,0x5FD5E3,0x5FD6A5,0x5FD722,0x5FD741,0x5FD78C,0x5FD7D9,0x5FD841,0x5FD8D0,0x5FDB78,
  0x5FDBB8,0x5FDF75,0x5FDFD8,0x5FDFF4,0x5FE318,0x5FE337,0x5FE364,0x5FE393,0x5FE3BB,0x5FE3F1,0x5FE709,0x5FE7C8,
  0x5FE7E5,0x5FE81F,0x5FEA89,0x5FEBBA,0x5FEBD0,0x5FEC35,0x5FEC64,0x5FECBA,0x5FED05,0x5FED5B,0x5FED95,0x5FEDBF,
  0x5FEDE5,0x5FEE2D,0x5FEE5C,0x5FEE8F,0x5FEEC7,0x5FEF18,0x5FEF41,0x5FEF6D,0x5FEF8F,0x5FEFAD,0x5FEFD8,0x5FEFFB,
  0x5FF083,0x5FF0B5,0x5FF0DF,0x5FF165,0x5FF18B,0x5FF266,0x5FF282,0x5FF2AF,0x5FF2DC,0x5FF323,0x5FF4BA,0x5FF4D7,
  0x5FF5AE,0x5FF5CC,0x5FF60B,0x5FF6D9,0x5FF717,0x5FF733,0x5FF789,0x5FF924,0x5FF944,0x5FF96C,0x5FF99F,0x5FF9D3,
  0x5FF9F5,0x5FFA44,0x5FFB22,0x5FFB3E,0x5FFB88,0x5FFC17,0x5FFC33,0x5FFC41,0x5FFDBD,0x5FFDDB,0x5FFE15,0x5FFE1E,
  0x5FFE47,0x5FFF36,0x5FFFBF,0x5FFFE4,0x600028,0x6000EC,0x60011F,0x600139,0x600150,0x600167,0x6001D4,0x600225,
  0x60025A,0x600393,0x60054C,0x600552,0x60062A,0x6006B1,0x6006F9,0x6007F2,0x60080E,0x60095C,0x6009DD,0x6009FE,
  0x600A0E,0x600A14,0x600AAD,0x600ACC,0x600ADE,0x600D8B,0x600EE4,0x600F75,0x600F91,0x601188,0x6011A4,0x60130B,
  0x601311,0x60135A,0x6013AC,0x6013FD,0x60147E,0x6014CA,0x6014DD,0x601549,0x6015AD,0x6015B2,0x601825,0x601986,
  0x6019A4,0x6019D1,0x601BBD,0x601C62,0x601F94,0x601FB4,0x601FF9,0x602021,0x602035,0x602048,0x6020B4,0x6020E7,
  0x60210B,0x60212C,0x602165,0x6024C5,0x6024E7,0x6025AB,0x6025F1,0x602673,0x602707,0x60299E,0x602B59,0x602B76,
  0x602C03,0x602E3F,0x602E64,0x602EFB,0x602F20,0x602F48,0x602F62,0x602F73,0x602FAF,0x602FBB,0x602FD2,0x602FDD,
  0x602FF3,0x602FFE,0x60300A,0x603016,0x6030C1,0x6031A9,0x603269,0x603270,0x60328B,0x6032A9,0x603300,0x60330F,
  0x60331E,0x603418,0x60342F,0x603452,0x603475,0x603491,0x6034FB,0x603517,0x603524,0x60352B,0x603533,0x60356B,
  0x60364E,0x603673,0x603698,0x6036B4,0x6036D0,0x6036EC,0x603708,0x603724,0x60375B,0x603776,0x6037CA,0x6037FC,
  0x60380E,0x60382A,0x603878,0x603912,0x603939,0x60396C,0x60399C,0x603A0F,0x603A62,0x603AB7,0x603AE4,0x603AF6,
  0x603B2E,0x603B6A,0x603B9F,0x603BD3,0x603C0F,0x603C27,0x603CA0,0x603D10,0x603D7F,0x603DC7,0x603E51,0x603EC6,
  0x603F35,0x604009,0x60400E,0x604043,0x604067,0x6040B6,0x604121,0x60414C,0x604152,0x604189,0x6041CB,0x604243,
  0x60428D,0x6042CC,0x604309,0x604324,0x604340,0x604369,0x604392,0x6043BB,0x6043DD,0x6043F8,0x604415,0x604468,
  0x604489,0x6044A4,0x604515,0x60453C,0x60455D,0x6045FF,0x60465D,0x604668,0x6046AF,0x6046BF,0x6047D5,0x604986,
  0x6049DD,0x604A5D,0x604ADD,0x604BA1,0x604C62,0x604C9F,0x604CD9,0x604D2A,0x604D46,0x604D85,0x604E30,0x604E7A,
  0x604F1C,0x605021,0x605106,0x605152,0x605177,0x6051B0,0x6051CB,0x6051E6,0x605201,0x60521C,0x605237,0x605264,
  0x60528A,0x6052AF,0x6052D5,0x605303,0x605330,0x60539B,0x6053E4,0x605411,0x60543E,0x60546B,0x605498,0x6054C5,
  0x6054FB,0x60552A,0x605586,0x6055E8,0x605658,0x60574A,0x6057EE,0x605842,0x6058B8,0x605938,0x605A47,0x605C78,
  0x605D32,0x605DB0,0x605E03,0x606026,0x6060D4,0x6060EE,0x606123,0x606158,0x60618D,0x6061C2,0x6061F7,0x60622C,
  0x606261,0x606296,0x606358,0x606425,0x6064F3,0x606515,0x606537,0x606604,0x606645,0x606667,0x606689,0x6066AB,
  0x6066CD,0x6066EF,0x606708,0x606747,0x606768,0x6067D9,0x6068FC,0x606925,0x60694E,0x606977,0x6069A0,0x6069C9,
  0x6069F2,0x606A1B,0x606A44,0x606B2C,0x606B97,0x606BBC,0x606C50,0x606CE4,0x606D78,0x606E0C,0x606EA0,0x606EEE,
  0x606F13,0x606F40,0x606F57,0x606F80,0x606FBC,0x606FDA,0x607076,0x6070B3,0x6070F0,0x60712D,0x60716A,0x6071A7,
  0x6071E4,0x607221,0x607259,0x6072F0,0x607387,0x60741E,0x6074B5,0x607560,0x60757A,0x6075BE,0x6075D8,0x6075F1,
  0x607630,0x607822,0x607854,0x607893,0x607936,0x607969,0x60799C,0x6079BA,0x607AAA,0x607B03,0x607BF0,0x607CE0,
  0x607D1A,0x607D6C,0x6080E6,0x6080EC,0x6080F4,0x60817A,0x608249,0x6082CF,0x608397,0x608504,0x608627,0x608794,
  0x6088B7,0x60897F,0x608A60,0x608B28,0x608BCA,0x608D0B,0x608EBF,0x608F04,0x608F49,0x608FCC,0x60904D,0x609092,
  0x609191,0x6091C6,0x609200,0x6092A9,0x60930F,0x6093D8,0x609467,0x609519,0x6095D0,0x609629,0x609685,0x6099DC,
  0x609C3A,0x609D97,0x609DEE,0x609E25,0x609E5C,0x609E77,0x60A15C,0x60A1D5,0x60A377,0x60A3CB,0x60A45B,0x60BC4E,
  0x60BCC9,0x60BCE5,0x60BD42,0x60BFBD,0x60C1C9,0x60C441,0x60CA86,0x60CAC9,0x60CC67,0x60D053,0x60D0E5,0x60D169,
  0x60D185,0x60D1E8,0x60D215,0x60D23A,0x60D301,0x60D345,0x60D475,0x60D496,0x60D4D3,0x60D50E,0x60D5CB,0x60D5FF,
  0x60D633,0x60D667,0x60D6AA,0x60D6C6,0x60D6FB,0x60D723,0x60D77F,0x60D7BA,0x60D7E3,0x60D86B,0x60D899,0x60DA33,
  0x60DACF,0x60DAD5,0x60DB8A,0x60DBE5,0x60DCAD,0x60DCD5,0x60DEBB,0x60DEDF,0x60DEFC,0x60DF29,0x60DF84,0x60E02D,
  0x60E0D0,0x60E0F0,0x60E107,0x60E120,0x60E172,0x60E18F,0x60E1C3,0x60E226,0x60E23D,0x60E272,0x60E2AB,0x60E329,
  0x60E365,0x60E3A7,0x60E3E9,0x60E461,0x60E46A,0x60E489,0x60E4A5,0x60E4D4,0x60E523,0x60E53E,0x60E567,0x60E592,
  0x60E61D,0x60E643,0x60E64C,0x60E681,0x60E6C0,0x60E7B5,0x60E7D7,0x60E807,0x60E83D,0x60E8DB,0x60E8EC,0x60E926,
  0x60E933,0x60E985,0x60EA87,0x60EAC4,0x60EB0B,0x60EB5F,0x60EB92,0x60EBC5,0x60EC2A,0x60ECD6,0x60EDEE,0x60EE09,
  0x60EE5E,0x60EF0E,0x60EF99,0x60F00C,0x60F0C9,0x60F0E1,0x60F0F9,0x60F126,0x60F1C0,0x60F21A,0x60F25B,0x60F32B,
  0x60F350,0x60F447,0x60F4D4,0x60F53E,0x60F557,0x60F5F4,0x60F6DF,0x60F7B8,0x60F876,0x60F8AC,0x60F903,0x60F94D,
  0x60F9D1,0x60FB04,0x60FB41,0x60FEA8,0x60FF88,0x60FFC4,0x61002F,0x61008C,0x6100D0,0x610109,0x610152,0x610178,
  0x6101EF,0x610272,0x610278,0x610289,0x6102AF,0x610328,0x610368,0x6103E2,0x610498,0x6104EC,0x61050B,0x610524,
  0x6105E5,0x610728,0x610873,0x6108F3,0x6109D2,0x6109EE,0x610A21,0x610A38,0x610A6C,0x610AA6,0x610AB6,0x610B01,
  0x610B62,0x610BF4,0x610C58,0x610C68,0x610C7A,0x610C8A,0x610CA2,0x610CC0,0x610CD6,0x610D25,0x610D96,0x610E0E,
  0x610E75,0x610EDF,0x610F21,0x610F3D,0x610F42,0x610F9B,0x610FA7,0x610FB0,0x610FDD,0x610FF8,0x61102B,0x61103F,
  0x61105A,0x6110BE,0x6112A9,0x61131A,0x611356,0x611385,0x61139E,0x6113F6,0x6116CC,0x611A72,0x611BDC,0x611C05,
  0x611C17,0x611C3D,0x611C62,0x611C97,0x611CF2,0x611D3D,0x611D5A,0x611D95,0x611E91,0x611EAF,0x611F70,0x611F8B,
  0x6120C1,0x6120EA,0x612108,0x61215B,0x612185,0x6121C5,0x612274,0x61245C,0x6124C2,0x61252F,0x612568,0x61265F,
  0x61268A,0x6126E1,0x6126F4,0x61271D,0x612756,0x61279A,0x612816,0x61282F,0x612C1F,0x612E39,0x612E60,0x612E89,
  0x612EB2,0x612EDB,0x6135D6,0x61364F,0x61366D,0x6136AD,0x6136D1,0x613704,0x613778,0x6137EF,0x613820,0x613866,
  0x6138F2,0x613928,0x61399A,0x6139D8,0x613AFD,0x613B7B,0x613BA5,0x613C59,0x613DBC,0x613DC2,0x613DCA,0x613E45,
  0x613EC0,0x613F3B,0x613FAD,0x613FE4,0x614054,0x61416F,0x614422,0x61443E,0x614470,0x614495,0x6144BF,0x6144FE,
  0x61452E,0x61455E,0x6145BF,0x614620,0x614674,0x6146A8,0x6146E0,0x614702,0x614707,0x6147CB,0x6147E7,0x614824,
  0x614829,0x614839,0x614866,0x61487F,0x6148BE,0x61490D,0x614AA7,0x614AB6,0x614B5F,0x614C71,0x614E1B,0x614E2B,
  0x614EBD,0x61501A,0x615124,0x6151B9,0x6151D6,0x61521B,0x615250,0x61528D,0x6152AE,0x6152F9,0x615326,0x61534C,
  0x615371,0x61539E,0x6153BB,0x6153D8,0x6153F3,0x61542B,0x61546A,0x615487,0x6154E0,0x6154F9,0x615538,0x61556B,
  0x615589,0x6155F2,0x6156A6,0x6157AE,0x6157EA,0x61584E,0x615871,0x615B9F,0x615BCC,0x615C01,0x615C54,0x615C7F,
  0x615C95,0x615CBB,0x615CE0,0x615D60,0x615DBF,0x615DEF,0x615E33,0x615E68,0x615EB5,0x615EEC,0x615F47,0x615F53,
  0x615F75,0x615FA4,0x615FDD,0x616040,0x6160A8,0x61613D,0x6161A4,0x616225,0x6162BE,0x6162F9,0x61632F,0x61637E,
  0x6163C9,0x61645D,0x616496,0x6164BB,0x6164D7,0x61676D,0x61682A,0x616873,0x6168B4,0x6168ED,0x616929,0x616A61,
  0x616A90,0x616AD4,0x616AF0,0x616C70,0x616CC6,0x616D66,0x616F3D,0x616F5C,0x61712E,0x617145,0x617194,0x6171FA,
  0x617207,0x617230,0x61725F,0x61726D,0x617289,0x6172F6,0x6172FE,0x61731D,0x617356,0x6173AF,0x6173FA,0x617445,
  0x6174B9,0x6174D6,0x617526,0x617553,0x617579,0x6175A7,0x6175D4,0x617606,0x617634,0x6176D9,0x6176F4,0x61771D,
  0x617752,0x617787,0x6177A9,0x6177CB,0x617822,0x617839,0x617852,0x6178AE,0x617901,0x61792E,0x617966,0x61798F,
  0x6179B8,0x617A4C,0x617AE3,0x617B77,0x617C0E,0x617C7D,0x617C96,0x617CB2,0x617CEA,0x617D22,0x617D3F,0x617EFA,
  0x6180B5,0x6180EE,0x618132,0x618185,0x61829B,0x6183C3,0x618408,0x618445,0x618461,0x6184A4,0x618520,0x61855F,
  0x61857C,0x618599,0x6185E3,0x618641,0x6186A8,0x6186E0,0x618722,0x6187A3,0x61881F,0x6188D3,0x6188EE,0x61892A,
  0x618AD1,0x618B08,0x618CC1,0x618DAB,0x618DAF,0x618E44,0x618E5C,0x618EFF,0x618F3A,0x618F52,0x618F9E,0x618FC1,
  0x61900A,0x61903F,0x619071,0x61907E,0x6190AC,0x6190DA,0x619108,0x619154,0x6191BC,0x6191D8,0x6191F7,0x619213,
  0x61922F,0x61924B,0x619267,0x6192DD,0x61933C,0x619385,0x6193B4,0x619477,0x619513,0x619562,0x6195EE,0x61962D,
  0x61965A,0x61967E,0x61969F,0x6196D2,0x619720,0x619773,0x6197C0,0x619813,0x619863,0x6198BA,0x6198D8,0x6198F6,
  0x619939,0x619958,0x619977,0x619996,0x6199B5,0x6199EB,0x619A03,0x619A1D,0x619A37,0x619A4E,0x619A65,0x619A7C,
  0x619A93,0x619AAA,0x619ADD,0x619B02,0x619B87,0x619BCC,0x619BF7,0x619C2D,0x619C58,0x619C8E,0x619CE6,0x619D3B,
  0x619D6E,0x619D99,0x619DC4,0x619DEF,0x619E1A,0x619E5E,0x619E8C,0x619EB5,0x619F0E,0x61A10F,0x61A180,0x61A242,
  0x61A380,0x61A3AD,0x61A424,0x61A484,0x61A4BA,0x61A5B5,0x61A66B,0x61A673,0x61A69C,0x61A6B9,0x61A6E6,0x61A713,
  0x61A740,0x61A766,0x61A78B,0x61A7B1,0x61A7D6,0x61A7FC,0x61A83D,0x61A85A,0x61A98E,0x61A9FE,0x61AA48,0x61AA66,
  0x61AB01,0x61AB5F,0x61ABC2,0x61AC87,0x61ACF3,0x61AD63,0x61ADD3,0x61AE43,0x61AF37,0x61AFAB,0x61B025,0x61B083,
  0x61B103,0x61B17D,0x61B2DF,0x61B379,0x61B396,0x61B45C,0x61B47E,0x61B4B6,0x61B4E0,0x61B50A,0x61B534,0x61B55B,
  0x61B645,0x61B66A,0x61B697,0x61B6FC,0x61B745,0x61B7C1,0x61B7F1,0x61B80C,0x61B865,0x61B8B3,0x61B92E,0x61B95F,
  0x61B97E,0x61B9A5,0x61B9F9,0x61BA3C,0x61BA74,0x61BA93,0x61BAFD,0x61BB25,0x61BB4D,0x61BB75,0x61BB94,0x61BBB4,
  0x61BBD4,0x61BBF4,0x61BC32,0x61BC63,0x61BC94,0x61BCC6,0x61BCF8,0x61BD2A,0x61BE81,0x61BF6D,0x61BF8A,0x61BFFD,
  0x61C070,0x61C0B5,0x61C117,0x61C14C,0x61C16E,0x61C1F6,0x61C27C,0x61C32F,0x61C35C,0x61C389,0x61C3F4,0x61C40D,
  0x61C426,0x61C43F,0x61C480,0x61C4A1,0x61C51A,0x61C547,0x61C581,0x61C5E0,0x61C679,0x61C6AF,0x61C716,0x61C79F,
  0x61CC0C,0x61CC35,0x61CCDA,0x61CD03,0x61CE29,0x61CE44,0x61CE62,0x61CE84,0x61CF0C,0x61CF92,0x61CFD6,0x61D003,
  0x61D01A,0x61D052,0x61D069,0x61D0C2,0x61D0EB,0x61D146,0x61D182,0x61D1D1,0x61D1EF,0x61D21B,0x61D264,0x61D295,
  0x61D322,0x61D36C,0x61D3A4,0x61D3C1,0x61D3F6,0x61D51C,0x61D58F,0x61D602,0x61D620,0x61D664,0x61D6AE,0x61D6C9,
  0x61D6E2,0x61D6FB,0x61D712,0x61D733,0x61D772,0x61D7C3,0x61D850,0x61D88F,0x61D8AC,0x61D8D5,0x61D97A,0x61D998,
  0x61D9B6,0x61DA29,0x61DA9C,0x61DB17,0x61DB51,0x61DB90,0x61DD6C,0x61DD7E,0x61DE17,0x61DE61,0x61DF06,0x61DFBA,
  0x61E071,0x61E123,0x61E166,0x61E1C0,0x61E22A,0x61E38E,0x61E3B7,0x61E3EE,0x61E425,0x61E45C,0x61E477,0x61E4AE,
  0x61E575,0x61E66F,0x61E6F3,0x61E774,0x61E78F,0x61E7EE,0x61E9CD,0x61EB52,0x61EC81,0x61ECAE,0x61ECD6,0x61ED51,
  0x61EDE5,0x61EE28,0x61EE6B,0x61EE9A,0x61EEB6,0x61F11F,0x61F181,0x61F199,0x61F300,0x61F315,0x61F4B6,0x61F4C6,
  0x61F505,0x61F523,0x61F595,0x61F612,0x61F67A,0x61F739,0x61F766,0x61F78C,0x61F7CD,0x61FAF2,0x61FB0B,0x61FB4A,
  0x61FB68,0x61FD21,0x61FE38,0x61FEEC,0x61FF08,0x61FF3F,0x61FFF2,0x62017F,0x62042C,0x620433,0x620485,0x6204C8,
  0x6204FE,0x620542,0x6205C5,0x6205F2,0x620618,0x620662,0x6207E0,0x6207F9,0x62083E,0x6208BA,0x620951,0x620990,
  0x6209AE,0x620A0E,0x620A58,0x620B07,0x620B6A,0x620BF4,0x620CAB,0x620CC7,0x620CFE,0x620D61,0x620D6C,0x620D95,
  0x620DC2,0x620E09,0x620E67,0x620E94,0x620EC9,0x620F3B,0x620F5D,0x620F86,0x621052,0x621102,0x621147,0x6211EE,
  0x6212FE,0x62131D,0x62135E,0x6213A5,0x6213B3,0x6213CF,0x6213F0,0x621411,0x62145C,0x6214AE,0x6214E7,0x62151A,
  0x621557,0x621578,0x6215CD,0x62161D,0x621755,0x6217B8,0x6217DD,0x62180A,0x62183F,0x62188A,0x6218BF,0x6218E1,
  0x621928,0x621944,0x62197A,0x6219A3,0x621A37,0x621ACE,0x621B06,0x621CC6,0x621D10,0x621D2D,0x621D8C,0x621DA8,
  0x621E3A,0x621EC3,0x621F44,0x62200F,0x622068,0x622120,0x62212F,0x622153,0x62215B,0x622163,0x6221E0,0x62220F,
  0x62222F,0x622249,0x622299,0x622349,0x6223CB,0x6223FF,0x622430,0x622463,0x6224C5,0x62251A,0x622574,0x6225CE,
  0x62262D,0x622661,0x622698,0x6226DD,0x622713,0x62273C,0x622744,0x622764,0x62279C,0x62282A,0x6228DE,0x62296B,
  0x6229A4,0x6229C6,0x6229FE,0x622A59,0x622A72,0x622ACD,0x622AF2,0x622B3B,0x622B5C,0x622C3D,0x622C88,0x622D42,
  0x622D7D,0x622DB2,0x622DD0,0x622E37,0x622E5C,0x622E78,0x622EA5,0x622EF7,0x622F36,0x622F73,0x6230B6,0x623100,
  0x623139,0x6231CA,0x62320E,0x623257,0x62327C,0x6232A1,0x6232C6,0x623303,0x62337C,0x6233B5,0x6233EE,0x62347F,
  0x6234C8,0x62350C,0x623550,0x623594,0x6235B0,0x6235E2,0x6236AE,0x6236DE,0x6236F6,0x623790,0x62379B,0x6237C0,
  0x6238F2,0x6239B9,0x6239D7,0x6239FE,0x623A48,0x623A89,0x623AD3,0x623B47,0x623C4C,0x623CED,0x623D8E,0x623DC7,
  0x623E5F,0x623EA8,0x623ED2,0x623F92,0x6240DF,0x624151,0x624159,0x6241C6,0x6241CE,0x62423A,0x624280,0x6242FB,
  0x624348,0x6243AD,0x6243B5,0x624401,0x62440C,0x624514,0x62464B,0x624670,0x6246A9,0x6246E9,0x62473B,0x62478C,
  0x624879,0x6248C5,0x6248D7,0x6248F6,0x6249D8,0x624A2B,0x624A47,0x624A7C,0x624B0C,0x624C4C,0x624EE1,0x624F95,
  0x624FFD,0x625071,0x625114,0x625122,0x625130,0x625149,0x6251A3,0x6251BE,0x6251F5,0x625214,0x625219,0x62521E,
  0x625223,0x6252BE,0x6252E4,0x625378,0x625382,0x62539A,0x6253BF,0x6253FD,0x62541E,0x625456,0x6254A1,0x62550D,
  0x625524,0x625547,0x62559C,0x6255BF,0x62563B,0x625663,0x625685,0x625759,0x625804,0x625833,0x625841,0x625886,
  0x625AA4,0x625AC1,0x625AF1,0x625C38,0x625C6F,0x625CD6,0x625CDE,0x625D21,0x625D37,0x625D4F,0x625D5A,0x625D86,
  0x625DA7,0x625DB2,0x625DBD,0x625DC8,0x625DD3,0x625DDE,0x625DF4,0x625DFF,0x625E0A,0x625E15,0x625E20,0x625E36,
  0x625ED0,0x625EF8,0x625F36,0x625F54,0x625F7C,0x625F9F,0x625FC2,0x625FF2,0x62602B,0x62605D,0x62607B,0x626087,
  0x6260A9,0x6260E1,0x6261A1,0x6261B9,0x6261E2,0x626355,0x626362,0x6263AF,0x6263DC,0x626423,0x62648E,0x6264BC,
  0x6264E1,0x6265D2,0x626797,0x62679C,0x6267C7,0x62681E,0x62684D,0x626938,0x6269CD,0x626A0D,0x626A87,0x626E1F,
  0x627062,0x62710D,0x627367,0x6274F3,0x627518,0x627586,0x6275A1,0x6275CA,0x6275EE,0x62760A,0x627630,0x62765C,
  0x627677,0x627692,0x6276AD,0x627707,0x62772D,0x62775E,0x627C1F,0x6282B4,0x6282F0,0x628650,0x62869E,0x628882,
  0x62891C,0x62899F,0x6289E7,0x628A15,0x628A42,0x628A6F,0x628AAA,0x628AC1,0x628ADD,0x628B0D,0x628B3A,0x628BAA,
  0x628BAF,0x628BB4,0x628BBA,0x628BD6,0x628C29,0x628C5B,0x628DC3,0x628EEA,0x628F18,0x628F1F,0x628F27,0x628F2F,
  0x628F37,0x62902E,0x629051,0x6290AA,0x6290C7,0x629657,0x62971B,0x629750,0x629B11,0x629B4A,0x629B73,0x629B95,
  0x629BCA,0x629BF9,0x629C1E,0x629C76,0x629CDB,0x629D02,0x629DA6,0x629DD9,0x629F34,0x62A11A,0x62A2C9,0x62A413,
  0x62A7CC,0x62A804,0x62A83F,0x62A864,0x62A91C,0x62A94D,0x62A984,0x62AA40,0x62AAD4,0x62AB74,0x62ABC7,0x62AC17,
  0x62B197,0x62B385,0x62B921,0x62BA64,0x62BA8B,0x62BBAB,0x62BC28,0x62BCBF,0x62BE18,0x62BE56,0x62BE8E,0x62BEA8,
  0x62BEEC,0x62C0A7,0x62C0D8,0x62C105,0x62C137,0x62C13D,0x62C159,0x62CAE0,0x62CB2E,0x62CE6D,0x62CE75,0x62D232,
  0x62D44C,0x62D7EA,0x62DC3E,0x62DCE4,0x62E4E8,0x62EE6D,0x62EEA2,0x62EF07,0x62F051,0x62F0DE,0x62F10F,0x62F14F,
  0x62F166,0x62F188,0x62F1A4,0x62F397,0x62F91A,0x62FEE6,0x62FF03,0x62FF4C,0x62FFC8,0x62FFFE,0x630023,0x6302ED,
  0x6308A4,0x6308F3,0x6311A0,0x6311ED,0x6314CD,0x6316EF,0x631CE8,0x631D04,0x631D3C,0x631E1F,0x631E88,0x631F0B,
  0x631F32,0x631F88,0x631F9E,0x631FDC,0x63203F,0x63225D,0x632269,0x632286,0x6322A5,0x6322C1,0x6322CC,0x6322F6,
  0x632341,0x632392,0x63239D,0x632409,0x63252F,0x63256F,0x6325A0,0x632709,0x63273B,0x63276D,0x632778,0x6328EE,
  0x632937,0x63293D,0x63294D,0x632954,0x632964,0x632986,0x63298C,0x632994,0x6329B0,0x632B2A,0x632BFF,0x632CD5,
  0x632DAA,0x632E80,0x632EAD,0x632EDA,0x632F07,0x632F46,0x632F62,0x632FC2,0x632FDE,0x63303E,0x63305A,0x6330BA,
  0x6330D6,0x633136,0x633152,0x6331B2,0x6331CE,0x63322E,0x63324A,0x6332AA,0x6332C6,0x633326,0x633342,0x6333A2,
  0x6333BE,0x63341E,0x63343A,0x63349A,0x6334B6,0x633516,0x633532,0x633592,0x6335AE,0x63360E,0x63362A,0x63368A,
  0x6336A6,0x633706,0x633722,0x633782,0x63379E,0x6337FE,0x63381A,0x63387A,0x633896,0x6338F6,0x633912,0x633972,
  0x63398E,0x6339EE,0x633A0A,0x633A6A,0x633A86,0x633AE6,0x633B02,0x633B62,0x633B7E,0x633BDE,0x633BFA,0x633C5A,
  0x633C76,0x633CD6,0x633CF2,0x633D52,0x633D6E,0x633DCE,0x633DEA,0x633E4A,0x633E66,0x633EC6,0x633EE2,0x633F42,
  0x633F5E,0x633FBE,0x633FDA,0x63403A,0x634056,0x6340B6,0x6340D2,0x634132,0x63414E,0x6341AE,0x6341CA,0x63422A,
  0x634246,0x6342A6,0x6342C2,0x634322,0x63433E,0x63439E,0x6343BA,0x63441A,0x634436,0x634496,0x6344B2,0x634512,
  0x63452E,0x63458E,0x6345AA,0x63460A,0x634626,0x634686,0x6346A2,0x634702,0x63471E,0x63477E,0x63479A,0x6347FA,
  0x634816,0x634876,0x634892,0x6348F2,0x63490E,0x63496E,0x63498A,0x6349EA,0x634A06,0x634A66,0x634A82,0x634AE2,
  0x634AFE,0x634B5E,0x634B7A,0x634BDA,0x634BF6,0x634C56,0x634C72,0x634CD2,0x634CEE,0x634D4E,0x634D6A,0x634DCA,
  0x634DE6,0x634E46,0x634E62,0x634EC2,0x634EDE,0x634F3E,0x634F5A,0x634FBA,0x634FD6,0x635036,0x635052,0x6350B2,
  0x6350CE,0x63512E,0x63514A,0x6351AA,0x6351C6,0x635226,0x635242,0x6352A2,0x6352BE,0x63531E,0x63533A,0x63539A,
  0x6353B6,0x635416,0x635432,0x635492,0x6354AE,0x63550E,0x63552A,0x63558A,0x6355A6,0x635606,0x635622,0x635682,
  0x63569E,0x6356FE,0x63571A,0x63577A,0x635796,0x6357F6,0x635812,0x635872,0x63588E,0x6358EE,0x63590A,0x63596A,
  0x635986,0x6359E6,0x635A02,0x635A62,0x635A7E,0x635AFA,0x635B27,0x635B54,0x635B6E,0x635B8A,0x635BD4,0x635CEF,
  0x635CF5,0x635D11,0x635E1A,0x635E49,0x635E7E,0x635F0B,0x635F11,0x635F2D,0x63608A,0x6361DC,0x636205,0x63622E,
  0x636257,0x636280,0x6362B8,0x6362DF,0x63630B,0x636337,0x636363,0x63638F,0x636404,0x636479,0x6364EE,0x636563,
  0x6365D8,0x63664D,0x6366C2,0x636737,0x6367AC,0x636821,0x636896,0x63690B,0x636980,0x6369F5,0x636A6A,0x636ADF,
  0x636B54,0x636BC9,0x636C3E,0x636CB3,0x636D28,0x636D9D,0x636E12,0x636E87,0x636EFC,0x636F71,0x636FE6,0x63705B,
  0x6370D0,0x637145,0x6371BA,0x63722F,0x6372A4,0x637319,0x63738E,0x637403,0x637478,0x6374ED,0x637562,0x6375D7,
  0x63764C,0x6376C1,0x637736,0x6377AB,0x637820,0x637895,0x63790A,0x63797F,0x6379F4,0x637A69,0x637ADE,0x637B53,
  0x637BD3,0x637C48,0x637CBD,0x637D32,0x637DA7,0x637E1C,0x637E91,0x637F06,0x637F7B,0x637FF0,0x638065,0x6380DA,
  0x63814F,0x6381CF,0x638244,0x6382B9,0x63832E,0x6383A3,0x638418,0x63848D,0x638502,0x638577,0x6385EC,0x638661,
  0x6386D6,0x63874B,0x6387C0,0x638835,0x6388AA,0x63891F,0x638994,0x638A09,0x638A7E,0x638AF3,0x638B68,0x638BDD,
  0x638C52,0x638CD0,0x638CF9,0x638D22,0x638F9F,0x638FB1,0x638FF8,0x63900A,0x639042,0x63907A,0x6390B2,0x6390F4,
  0x63911E,0x6391AB,0x639231,0x6392BE,0x63934B,0x639363,0x63937F,0x6393B7,0x6393EF,0x63943A,0x639442,0x63945E,
  0x6394AD,0x6394DC,0x6394FD,0x63952C,0x63956B,0x6395C4,0x63961D,0x639676,0x6396CF,0x639718,0x639757,0x639792,
  0x6397E0,0x639826,0x639842,0x639881,0x639959,0x63995F,0x63997B,0x6399B4,0x6399E8,0x639A19,0x639A4E,0x639A83,
  0x639AC7,0x639AFC,0x639B6E,0x639BC8,0x639BF1,0x639C0A,0x639C47,0x639C7C,0x639CB1,0x639CF8,0x639EF0,0x639F67,
  0x639F9F,0x63A264,0x63A2C5,0x63A305,0x63A395,0x63A39D,0x63A3A2,0x63A3F2,0x63A439,0x63A480,0x63A49C,0x63A562,
  0x63A5AB,0x63A5C4,0x63A5DD,0x63A5F9,0x63A615,0x63A631,0x63A6CD,0x63A706,0x63A745,0x63A784,0x63A7CD,0x63A816,
  0x63A85F,0x63A899,0x63A8BA,0x63A8D6,0x63A8F7,0x63A913,0x63A94C,0x63A985,0x63A9E4,0x63AA1B,0x63AA57,0x63AA8E,
  0x63AAAA,0x63AAE1,0x63AAFD,0x63AB34,0x63AB50,0x63AB8C,0x63ABC1,0x63ABE2,0x63AC0B,0x63AC27,0x63AC5C,0x63AC99,
  0x63ACDD,0x63ACF6,0x63AD4F,0x63CCB4,0x63CE3A,0x63CEB1,0x63CFEB,0x63D157,0x63F0AE,0x63F0E2,0x63F122,0x63F135,
  0x63F141,0x63F14D,0x63F19A,0x63F202,0x63F3BF,0x63F3C0,0x63F416,0x63F457,0x63F473,0x63F4E2,0x63F588,0x63F61B,
  0x63F667,0x63F67D,0x63F68D,0x63F6BF,0x63F787,0x63F7D8,0x63F803,0x63F81B,0x63F826,0x63F854,0x63F8A1,0x63F8BE,
  0x63F8CF,0x63F8DD,0x63F92F,0x63F936,0x63F9A8,0x63F9EB,0x63FA19,0x63FA20,0x63FAD8,0x63FADF,0x63FAE6,0x63FAED,
  0x63FB18,0x63FB36,0x63FBD4,0x63FC22,0x63FC32,0x63FC57,0x63FC8C,0x63FD4E,0x63FD97,0x63FF94,0x63FFB5,0x6400BA,
  0x640166,0x640350,0x640446,0x64048F,0x6404C2,0x6404DA,0x6404F6,0x64050F,0x64054E,0x640628,0x640910,0x64092A,
  0x640958,0x64097A,0x6409A7,0x6409EF,0x640A2E,0x640A46,0x640A62,0x640A7A,0x640A9A,0x640B58,0x640BF3,0x640E0B,
  0x640E6E,0x640E86,0x640EAB,0x640ED0,0x640F8F,0x640FF6,0x64105B,0x641080,0x641160,0x64126F,0x641329,0x64138B,
  0x64148E,0x64159D,0x6416AC,0x6417DC,0x641854,0x641911,0x64193F,0x641DB9,0x641DED,0x641F33,0x641F8D,0x641FA8,
  0x641FC6,0x641FE4,0x642002,0x64201C,0x642037,0x642055,0x642073,0x6420B2,0x6420C8,0x642147,0x642182,0x6422D2,
  0x642408,0x64253E,0x642674,0x6427AA,0x6427C8,0x6427E6,0x642916,0x642945,0x6429AD,0x643D5D,0x643D63,0x644102,
  0x644394,0x6443B0,0x6443D4,0x6444B6,0x6444BF,0x6444DC,0x6444FA,0x644558,0x6446A1,0x644735,0x644832,0x6448AC,
  0x644B98,0x644BFC,0x644C62,0x644C7B,0x644CC2,0x644D8A,0x644ECE,0x644FD0,0x64501B,0x6450DD,0x645132,0x645143,
  0x64520C,0x645287,0x6452B0,0x6452D5,0x64533E,0x6453B4,0x64547D,0x645487,0x6454AE,0x645521,0x645554,0x645577,
  0x64558B,0x645596,0x6455A1,0x6455BE,0x6455DB,0x6455F3,0x645622,0x645655,0x6456B9,0x6456E7,0x645709,0x645716,
  0x645750,0x6457F5,0x64594B,0x645976,0x645999,0x6459CB,0x6459F5,0x645A07,0x645A2D,0x645A5A,0x645A89,0x645AAB,
  0x645DAD,0x645F65,0x645F9D,0x645FD6,0x645FE2,0x64603F,0x646064,0x646094,0x6460F1,0x646148,0x646165,0x64617D,
  0x646198,0x6461AE,0x6461CA,0x6461F2,0x64620E,0x64623B,0x646252,0x646278,0x6462D1,0x6462E3,0x64631C,0x646341,
  0x646363,0x6463F4,0x64640E,0x646469,0x64648E,0x6464F6,0x646556,0x646582,0x64659A,0x6465CA,0x6465EF,0x646612,
  0x64662C,0x6466DE,0x646760,0x646771,0x64712E,0x647193,0x6471EC,0x647347,0x64737E,0x6473BE,0x647826,0x64782E,
  0x647939,0x647ABF,0x6481CD,0x6481EC,0x648371,0x64849E,0x6488D8,0x64897C,0x64899A,0x648A0C,0x648A68,0x648A81,
  0x648B13,0x648B25,0x648B53,0x648B6B,0x648B7C,0x648BA7,0x648CF1,0x648F31,0x6490A0,0x649114,0x649212,0x649242,
  0x649279,0x6492B0,0x6495DE,0x6497EC,0x649A2A,0x649DAB,0x649E5C,0x64A02C,0x64A47A,0x64A48C,0x64A492,0x64A74B,
  0x64BB2C,0x64C39A,0x64CEFA,0x64DFA5,0x64DFDA,0x64DFDE,0x64DFEB,0x64DFF6,0x64E03B,0x64EB5F,0x64EEB5,0x650078,
  0x6507B9,0x6507E3,0x6507E8,0x65082D,0x650AB1,0x65197C,0x6519A6,0x6519AF,0x6519C2,0x6519CA,0x6519CE,0x651A13,
  0x652909,0x652925,0x652A56,0x652A80,0x652AC5,0x652B8C,0x652BAC,0x652BF1,0x652BF7,0x6530AC,0x6530B4,0x6530DE,
  0x6530FA,0x653114,0x653151,0x653157,0x653173,0x6531CE,0x653257,0x6532EC,0x653365,0x653381,0x6533C9,0x6533E5,
  0x65349A,0x653593,0x65363E,0x653716,0x6537DB,0x6538DB,0x653AF3,0x653B25,0x653B4F,0x653B94,0x653B9A,0x653BB6,
  0x653C20,0x653C4A,0x653C8F,0x653C95,0x653CB1,0x653DE0,0x653DE5,0x653E01,0x653E06,0x653EBA,0x653FC7,0x6540C0,
  0x65417B,0x6541E0,0x6541FC,0x6542BC,0x654375,0x6543E4,0x65448E,0x6544DB,0x654537,0x6545F7,0x65470B,0x65479C,
  0x6548BC,0x6548D8,0x654904,0x65492E,0x654973,0x654A1D,0x654A59,0x654A86,0x654AB3,0x654B36,0x654C1D,0x654CC4,
  0x654D33,0x654D4E,0x654D6A,0x654D9A,0x654DB6,0x654DE6,0x654E02,0x654E3C,0x654EA3,0x654F8E,0x654FD1,0x654FED,
  0x655009,0x655039,0x655055,0x655085,0x65511F,0x6551A4,0x655222,0x65535A,0x655400,0x6554EE,0x65550A,0x655543,
  0x655597,0x6555E4,0x65563C,0x6556EB,0x655707,0x65573A,0x6557F0,0x655820,0x6558B7,0x65592C,0x655A0C,0x655A56,
  0x655A7F,0x655AA8,0x655AB0,0x655AE9,0x655B0B,0x655C3F,0x655C5B,0x655C8B,0x655CA7,0x655CD7,0x655CF3,0x655D28,
  0x655D44,0x655D83,0x655D9F,0x655DFE,0x655E1A,0x655E4A,0x655E66,0x655EEE,0x655F0A,0x655F72,0x655F8E,0x655FCD,
  0x655FE9,0x65601C,0x656038,0x65607D,0x656093,0x656100,0x65611C,0x656151,0x656156,0x656172,0x6561AC,0x6561E4,
  0x65621C,0x656350,0x65644C,0x656480,0x6564B6,0x6564E7,0x6564F7,0x65667C,0x656693,0x656719,0x656730,0x656747,
  0x656760,0x656779,0x6567A1,0x6567C9,0x656875,0x656891,0x65693B,0x656957,0x6569AD,0x656A0A,0x656A9E,0x656B16,
  0x656B8B,0x656B93,0x656C36,0x656C64,0x656C81,0x656CB2,0x656CE7,0x656D03,0x656D68,0x656DD5,0x656DF1,0x656E26,
  0x656E42,0x656E9F,0x656ED5,0x656EF1,0x656F4A,0x656FA6,0x656FCF,0x656FE6,0x656FFE,0x657049,0x657065,0x6570FE,
  0x65713C,0x657179,0x6571FF,0x65723C,0x65727B,0x6572BA,0x65734B,0x657367,0x6573EB,0x657404,0x657420,0x657479,
  0x65747E,0x657506,0x657556,0x657572,0x6575D8,0x6575F4,0x657694,0x6576FF,0x65776F,0x65786F,0x65788B,0x65797D,
  0x657999,0x6579C9,0x65BC83,0x65BCBE,0x65BCDA,0x65BCEF,0x65BD07,0x65BD3C,0x65BD58,0x65BDF6,0x65BE2B,0x65BE44,
  0x65BE82,0x65BF2F,0x65BF51,0x65BF59,0x65C06F,0x65C088,0x65C0A1,0x65C165,0x65C19B,0x65C1EA,0x65C3B4,0x65C3BD,
  0x65C3E2,0x65C42C,0x65C476,0x65C529,0x65C5D3,0x65C67E,0x65C97A,0x65CBEF,0x65CC2A,0x65CE0F,0x65CE9E,0x65CF05,
  0x65CFF6,0x65D03B,0x65D058,0x65D189,0x65D386,0x65D3F5,0x65D604,0x65D6CB,0x65D6E3,0x65D757,0x65D773,0x65D78D,
  0x65D846,0x65D851,0x65D86D,0x65D8AE,0x65D8CD,0x65D8DC,0x65D8FB,0x65D908,0x65D917,0x65D926,0x65D930,0x65D938,
  0x65D947,0x65D956,0x65D95E,0x65D96D,0x65D97A,0x65D995,0x65D9B0,0x65D9CB,0x65D9E2,0x65D9F1,0x65DA01,0x65DA11,
  0x65DA16,0x65DA20,0x65DA43,0x65DA71,0x65DA9F,0x65DACD,0x65DAFB,0x65DB29,0x65DB57,0x65DB71,0x65DB9D,0x65DBB6,
  0x65DBC7,0x65DBD8,0x65DBFC,0x65DC9C,0x65DCE3,0x65DD0F,0x65DE5E,0x65DF0A,0x65DF2E,0x65DF7A,0x65DF89,0x65DF98,
  0x65DFDE,0x65E022,0x65E06B,0x65E0B6,0x65E101,0x65E168,0x65E1C8,0x65E218,0x65E234,0x65E2EF,0x65E45A,0x65E66B,
  0x65E729,0x65E7F7,0x65E803,0x65E82A,0x65E851,0x65E8AA,0x65E8D0,0x65E8FD,0x65E90A,0x65E980,0x65E9E9,0x65EAC3,
  0x65EB57,0x65EB68,0x65EB79,0x65EB8A,0x65EB9B,0x65ECAA,0x65ECB6,0x65ECB9,0x65ECBC,0x65ECCA,0x65ECD5,0x65ECE8,
  0x65ED04,0x65F034,0x65F0A2,0x65F0D7,0x65F0EA,0x65F337,0x65F4A2,0x65F4DC,0x65F551,0x65F5FA,0x65F755,0x65F87F,
  0x65F8A0,0x65F945,0x65F99E,0x65F9D8,0x65FB20,0x65FC63,0x65FC7F,0x65FD2E,0x65FDCC,0x65FF96,0x65FFCA,0x6600C1,
  0x6602BF,0x6602EE,0x66031B,0x660338,0x66035E,0x660383,0x6603BA,0x66045B,0x6604D9,0x6604FA,0x660539,0x660710,
  0x6607AA,0x66085C,0x660893,0x660AC1,0x660AD5,0x660AF2,0x660AFE,0x660B18,0x660B3E,0x660B85,0x660BB4,0x660BEF,
  0x660C4B,0x660C72,0x660CA4,0x660D1A,0x660D2C,0x660D71,0x660DB2,0x660DC6,0x660DD6,0x660E04,0x660E31,0x660E4A,
  0x660E5F,0x660E71,0x660E83,0x660E93,0x660EB1,0x660EC6,0x660F1A,0x660F9A,0x661027,0x66103C,0x661069,0x66107F,
  0x6610A4,0x6610B0,0x6610E2,0x66110A,0x66114D,0x66116B,0x66118D,0x6611B9,0x6611DD,0x6611FD,0x661220,0x66122D,
  0x661254,0x6612AC,0x6612CE,0x661305,0x661317,0x661359,0x66137C,0x66139C,0x6613D3,0x66146A,0x661484,0x6614BC,
  0x6614D3,0x661546,0x66158D,0x6615E5,0x661673,0x6616AC,0x661869,0x6618E6,0x66195E,0x6619BB,0x6619D5,0x661A02,
  0x661C09,0x661CD6,0x661CF0,0x661CFB,0x661D19,0x661D4B,0x661E04,0x661E3B,0x661E50,0x661E92,0x661EFE,0x661F4B,
  0x661F67,0x661F85,0x6620A2,0x662117,0x662134,0x66217E,0x6621F4,0x6622A9,0x6622C7,0x6622E6,0x662317,0x662332,
  0x66234D,0x662364,0x66237D,0x662398,0x6623DB,0x662411,0x66243F,0x66246B,0x6624C9,0x6624E5,0x66250B,0x662552,
  0x662592,0x662597,0x6625A4,0x6625DA,0x6625E8,0x66261F,0x66263F,0x66264E,0x66266A,0x6626CB,0x662745,0x66276B,
  0x6627AF,0x6627CB,0x6627F0,0x66281A,0x662834,0x66288A,0x6628CD,0x6628F4,0x662916,0x662934,0x66297C,0x662997,
  0x66299F,0x6629D3,0x662A0E,0x662A21,0x662A5C,0x662B07,0x662B28,0x662B3C,0x662B50,0x662B58,0x662B6C,0x662B80,
  0x662CAC,0x662CC6,0x662D0B,0x662D70,0x662D98,0x662DA5,0x662DAC,0x662DB3,0x662DD9,0x662E01,0x662E2B,0x662EA9,
  0x662EB1,0x662EEE,0x662F26,0x662F61,0x662FC8,0x663053,0x66306E,0x663082,0x66309C,0x6630A9,0x6630D7,0x663128,
  0x663171,0x6631AE,0x6631BF,0x66329B,0x6632C9,0x6632E9,0x66330C,0x663365,0x6633EE,0x66341C,0x6634BF,0x66352C,
  0x663541,0x6635AB,0x6635F4,0x66362D,0x66365E,0x6636C8,0x6636D9,0x663802,0x6638FC,0x6639CF,0x663C6B,0x663D70,
  0x663E32,0x663EF4,0x663F48,0x663F83,0x664000,0x66403D,0x664127,0x664321,0x66434E,0x6643B6,0x6643FC,0x664453,
  0x664485,0x6644E6,0x664533,0x664579,0x6645F3,0x66461F,0x664657,0x66468F,0x6646F5,0x66472E,0x664767,0x6647A7,
  0x6647E0,0x664819,0x664852,0x66488A,0x6648B6,0x6648E2,0x66491A,0x664952,0x66498A,0x6649C6,0x664ABF,0x664B19,
  0x664B93,0x664C11,0x664CB3,0x664CD6,0x664D12,0x664D5D,0x664D7E,0x664E18,0x664F63,0x664F93,0x665074,0x6650CC,
  0x665186,0x6652A8,0x6652BE,0x6652E4,0x66531C,0x665342,0x66535A,0x6653DC,0x665429,0x6654AD,0x6654C7,0x665777,
  0x6658D3,0x665921,0x665A83,0x665C33,0x6668CA,0x666FA3,0x66708E,0x667144,0x667174,0x66721E,0x667290,0x6672D8,
  0x667323,0x66737F,0x6673C7,0x667416,0x667BEF,0x667C76,0x667E4D,0x667E94,0x667ED1,0x667FC9,0x66803C,0x668096,
  0x6680B2,0x66810B,0x668167,0x66823E,0x668268,0x66826E,0x6682B1,0x668303,0x66831A,0x66844A,0x668AF8,0x668D8E,
  0x668E94,0x6695EF,0x669932,0x66A4FC,0x66A518,0x66A56C,0x66A5CF,0x66A61A,0x66A7EC,0x66B1D0,0x66B271,0x66B2F5,
  0x66B379,0x66B3FD,0x66B4DF,0x66B564,0x66B636,0x66B6B8,0x66B72D,0x66B7A2,0x66B817,0x66B88C,0x66B907,0x66B9AF,
  0x66BA11,0x66BA69,0x66BAC1,0x66BB9D,0x66BC68,0x66BD33,0x66BEE5,0x66BF4C,0x66C03D,0x66C0B9,0x66C148,0x66C1C9,
  0x66C24E,0x66C2BF,0x66C495,0x66C4CA,0x66C536,0x66C5A4,0x66C609,0x66C66E,0x66C6E3,0x66C748,0x66D16E,0x66D658,
  0x66D6D5,0x66D7C9,0x66D85F,0x66D8F5,0x66DA5F,0x66DE02,0x66E078,0x66E0AA,0x66E0DC,0x66E12A,0x66E166,0x66E1D3,
  0x66E20A,0x66E233,0x66E39A,0x66E4CE,0x66E506,0x66E524,0x66E58F,0x66E8E1,0x66E8FF,0x66E9A5,0x66EAF0,0x66EB0C,
  0x66EB12,0x66EB42,0x66EB5E,0x66EC74,0x66ECB9,0x66ECBF,0x66ECD0,0x66ECE1,0x66ECEB,0x66ECF9,0x66ECFE,0x66F0E1,
  0x66F0FD,0x66F10D,0x66F117,0x66F121,0x66F125,0x66F13C,0x66F154,0x66F171,0x66F177,0x66F189,0x66F1A8,0x66F218,
  0x66F230,0x66F248,0x66F26A,0x66F296,0x66F2AC,0x66F2C8,0x66F403,0x66F468,0x66F492,0x66F4E5,0x66F51D,0x66F58E,
  0x66F5E5,0x66F603,0x66F748,0x66F791,0x66F7BD,0x66F86C,0x66F888,0x66F959,0x66FA3C,0x66FB8F,0x66FBAB,0x66FC27,
  0x66FDD3,0x66FE91,0x66FF7C,0x66FF85,0x670216,0x6702E5,0x6702FC,0x670313,0x670317,0x67031F,0x67033B,0x670366,
  0x670392,0x67048A,0x6704A2,0x6704EE,0x67051B,0x67052E,0x67055A,0x670570,0x670913,0x67093E,0x6709A2,0x670A06,
  0x670A50,0x670AA2,0x670AF4,0x670B11,0x670E09,0x670EA2,0x670ED3,0x670FA0,0x670FDE,0x671142,0x6712A6,0x6712E8,
  0x671302,0x671352,0x67138F,0x6713A8,0x6713E1,0x6713E6,0x671402,0x6714C0,0x67171D,0x671790,0x6717C4,0x6717E0,
  0x671804,0x671841,0x6718FB,0x671913,0x671948,0x671979,0x6719A6,0x6719CD,0x6719FA,0x671A3F,0x671A73,0x671AB6,
  0x671B20,0x671B8C,0x671C25,0x671CBA,0x671D09,0x671D7A,0x671DE4,0x671DFD,0x671E36,0x671E56,0x671EC6,0x671ED8,
  0x671F16,0x671F32,0x671F62,0x671F73,0x671F84,0x671FB0,0x671FD5,0x6721CC,0x6723C3,0x6725C9,0x6725DC,0x67262C,
  0x672645,0x67266F,0x6726B9,0x6726E6,0x672713,0x67273A,0x6727B0,0x672823,0x6728A1,0x6728D7,0x67290D,0x672943,
  0x672973,0x6729A3,0x6729E9,0x672A2F,0x672A51,0x672A73,0x672AEE,0x672B5B,0x672B96,0x672BBB,0x672BEB,0x672C32,
  0x672C55,0x672C6B,0x672C81,0x672C97,0x672CC0,0x672CDB,0x672CF1,0x672D0F,0x672D28,0x672D5E,0x672D77,0x672DFB,
  0x672ED1,0x672F0D,0x672F44,0x672F68,0x672F9A,0x672FAF,0x672FC4,0x67309D,0x6730E1,0x673114,0x6732DC,0x67396E,
  0x673990,0x6739AC,0x6739CE,0x6739E0,0x673A7B,0x673B2E,0x673F6D,0x67429A,0x674445,0x67449C,0x674504,0x674566,
  0x6745D2,0x67460B,0x674673,0x6746FD,0x674727,0x67476B,0x6747C2,0x674818,0x6748B7,0x674ADE,0x674B1F,0x674F88,
  0x674FAE,0x674FD8,0x674FFE,0x675095,0x6750DC,0x6750FA,0x675181,0x6751A3,0x67561E,0x675655,0x6756A1,0x675749,
  0x6757BB,0x67580E,0x675996,0x6760CA,0x6760F9,0x67626A,0x676346,0x67651E,0x67654E,0x6765B9,0x676711,0x67679B,
  0x676865,0x67689A,0x6768FF,0x6769D9,0x676A23,0x676A8A,0x676B30,0x676B5A,0x676B73,0x676B8C,0x676BA5,0x676BBE,
  0x676BD7,0x676C7D,0x676EC0,0x677026,0x677898,0x6778F4,0x677994,0x677C0C,0x677CF9,0x677F6D,0x6780DF,0x67838F,
  0x678505,0x678578,0x67866C,0x678721,0x67876B,0x6787DA,0x678816,0x678926,0x67896F,0x6789B4,0x678A04,0x678B94,
  0x678BD5,0x678C69,0x678F54,0x678F96,0x678FA7,0x679129,0x679336,0x67939F,0x679512,0x67963A,0x67967F,0x6796DA,
  0x67971B,0x679994,0x67999A,0x6799A2,0x6799E3,0x679A04,0x679A76,0x679AC2,0x679AE8,0x67A327,0x67A343,0x67A544,
  0x67B4B7,0x67B7AA,0x67BDC0,0x67BE90,0x67C1FB,0x67C482,0x67C533,0x67C54B,0x67C561,0x67C5F3,0x67C630,0x67C63D,
  0x67C65A,0x67C694,0x67C73A,0x67C81E,0x67CAC6,0x67CC85,0x67CEA9,0x67D08D,0x67D1AA,0x67D1C4,0x67D1E6,0x67D208,
  0x67D359,0x67D3C2,0x67D400,0x67D4CE,0x67D4F0,0x67D519,0x67D56E,0x67D5A0,0x67D637,0x67D6A5,0x67D6C8,0x67D6E1,
  0x67D734,0x67D742,0x67D774,0x67D7B0,0x67D7EC,0x67D916,0x67D949,0x67DA48,0x67DAE6,0x67DB7E,0x67DBC4,0x67DBF7,
  0x67DCC9,0x67DDC1,0x67DDD3,0x67DFCE,0x67E05B,0x67E078,0x67E323,0x67E5CE,0x67E879,0x67EB24,0x67EDCF,0x67EDFA,
  0x67EEB4,0x67EF1F,0x67F1DF,0x67F2D0,0x67F42C,0x67F4C2,0x67F4F6,0x67F52B,0x67F55F,0x67F594,0x67F600,0x67F63F,
  0x67F6F0,0x67F738,0x67F76C,0x67F799,0x67F7E5,0x67F920,0x67F942,0x67F991,0x67F9B2,0x67FC5D,0x67FC6F,0x67FC94,
  0x67FCAD,0x67FCCA,0x67FCE5,0x67FD00,0x67FD1B,0x67FFA6,0x6802D0,0x680322,0x68044E,0x680717,0x680753,0x68089A,
  0x6808ED,0x680A0B,0x680A75,0x680B70,0x680C29,0x680D38,0x680E15,0x6811EC,0x681211,0x68123A,0x681281,0x6812EE,
  0x68135E,0x681383,0x6813B3,0x6813E2,0x681401,0x68141D,0x6819D9,0x681A58,0x681ABB,0x681BE6,0x681CEB,0x681F0A,
  0x681FEE,0x6821A9,0x6821CA,0x682202,0x682220,0x68223E,0x68227F,0x68229C,0x6823A6,0x6823C2,0x6824FB,0x682541,
  0x6825F6,0x682654,0x682679,0x68272E,0x68284F,0x6828A8,0x682900,0x68293F,0x682979,0x6829B0,0x682C9E,0x682D4C,
  0x682F3D,0x682F8D,0x682FC3,0x683055,0x6831BE,0x683237,0x683253,0x683333,0x683393,0x6834B8,0x683694,0x6836B6,
  0x6836E7,0x683735,0x683789,0x683807,0x683955,0x683A32,0x683A96,0x683AB8,0x683ADA,0x683AF4,0x683B19,0x683B30,
  0x683BB7,0x683BD9,0x683C2D,0x683C4C,0x683CAE,0x683D53,0x683D89,0x683F8C,0x684356,0x684387,0x6843BD,0x6843DE,
  0x684412,0x68449B,0x6845C7,0x6846D5,0x6848A7,0x6848AD,0x6848B5,0x6849BB,0x6849F8,0x684BAA,0x684BCA,0x684CBA,
  0x6851F1,0x6854FD,0x6858A2,0x6858BE,0x68592D,0x685D60,0x685D9D,0x685E07,0x685E2F,0x685E35,0x685E3B,0x685E40,
  0x685E62,0x685E7D,0x685EA5,0x685EB0,0x685F98,0x68601D,0x686160,0x6861E9,0x68628B,0x6862B6,0x686309,0x686311,
  0x686355,0x6863F6,0x686412,0x686459,0x6864EA,0x686668,0x6866CE,0x6867F4,0x68683B,0x68685B,0x686871,0x6868A8,
  0x6868D5,0x6868EE,0x686914,0x686939,0x686982,0x6869BC,0x6869D8,0x686A60,0x686A65,0x686A82,0x686B2E,0x686BF5,
  0x686D3C,0x686D65,0x686D8E,0x686DC6,0x686EA5,0x686F4D,0x686F85,0x686FBD,0x687059,0x6871E7,0x6873F7,0x687481,
  0x687566,0x6875FB,0x6876B4,0x6876BA,0x6876C2,0x687743,0x687748,0x6878D7,0x6879ED,0x687B12,0x687C4C,0x687C85,
  0x68825D,0x688280,0x688338,0x688354,0x68836C,0x688384,0x6886A9,0x6886E0,0x688D3C,0x688D54,0x688DB0,0x688E67,
  0x688E9D,0x688EB9,0x688EEC,0x688F08,0x688F21,0x688F3A,0x688F6C,0x688F99,0x688FC4,0x689024,0x689045,0x68907D,
  0x6890A9,0x6890C0,0x6890E9,0x689116,0x68913C,0x689170,0x6891A4,0x6891DA,0x68921D,0x689239,0x689271,0x6892A2,
  0x6892E1,0x68931C,0x689350,0x68938E,0x6893E2,0x689417,0x689470,0x689509,0x689575,0x6896F2,0x6897B9,0x68982F,
  0x68984B,0x6898A6,0x6898E3,0x6899A8,0x6899E7,0x689A05,0x689A4E,0x689B36,0x689BB3,0x689C53,0x689C8C,0x689D3E,
  0x689D7E,0x689D9A,0x689D9F,0x689E3C,0x689EA6,0x689F08,0x689F40,0x689F77,0x689F96,0x68A151,0x68A274,0x68A2B8,
  0x68A37F,0x68A40E,0x68A4FD,0x68A52A,0x68A546,0x68A56B,0x68A590,0x68A5C0,0x68A5DA,0x68A5F8,0x68A650,0x68A6C3,
  0x68A6E0,0x68A6FD,0x68A72A,0x68A74F,0x68A798,0x68A83E,0x68AB07,0x68AC7C,0x68AD69,0x68AD89,0x68ADA6,0x68AE08,
  0x68AE28,0x68AE48,0x68AEC6,0x68AED9,0x68AF0C,0x68AF8E,0x68B150,0x68B1AE,0x68B21D,0x68B244,0x68B2CB,0x68B303,
  0x68B31D,0x68B331,0x68B34C,0x68B36F,0x68B399,0x68B3AB,0x68B3BD,0x68B3CF,0x68B3F1,0x68B401,0x68B411,0x68B425,
  0x68B43B,0x68B44B,0x68B45B,0x68B46B,0x68B47F,0x68B491,0x68B4A4,0x68B4AF,0x68B4BB,0x68B4C6,0x68B53C,0x68B56A,
  0x68B581,0x68B58C,0x68B5B9,0x68B5C4,0x68B5FA,0x68B619,0x68B634,0x68B645,0x68B666,0x68B678,0x68B68A,0x68B6A1,
  0x68B6B6,0x68B6CB,0x68B6ED,0x68B6F5,0x68B71F,0x68B749,0x68B760,0x68B777,0x68B7E8,0x68B810,0x68B862,0x68B8A3,
  0x68B8D3,0x68B907,0x68B934,0x68B961,0x68B98E,0x68B9E9,0x68BA2A,0x68BA5C,0x68BA75,0x68BAA6,0x68BAE0,0x68BB14,
  0x68BB4B,0x68BB6A,0x68BB9D,0x68BBE0,0x68BBF4,0x68BC01,0x68BC38,0x68BC64,0x68BCBD,0x68BD71,0x68BDA5,0x68BDD0,
  0x68BDF9,0x68BE18,0x68BE3C,0x68BE59,0x68BE6B,0x68BE7D,0x68BE84,0x68BE90,0x68BE97,0x68BEB1,0x68BEED,0x68BF11,
  0x68BF2A,0x68BF44,0x68BF75,0x68C02E,0x68C053,0x68C05A,0x68C0C5,0x68C154,0x68C17D,0x68C18F,0x68C213,0x68C223,
  0x68C234,0x68C26D,0x68C2B0,0x68C2C2,0x68C2D4,0x68C2E6,0x68C31C,0x68C327,0x68C363,0x68C383,0x68C3A3,0x68C3C3,
  0x68C3E6,0x68C409,0x68C42C,0x68C461,0x68C4A6,0x68C54E,0x68C562,0x68C5AF,0x68C650,0x68C6C8,0x68C6EE,0x68C706,
  0x68C75C,0x68C7B2,0x68C7C1,0x68C7E9,0x68C818,0x68C82D,0x68C842,0x68C866,0x68C878,0x68C89B,0x68C8DE,0x68C91B,
  0x68C933,0x68C9AC,0x68CAF7,0x68CB85,0x68CBBC,0x68CBE2,0x68CC09,0x68CC38,0x68CC53,0x68CC6C,0x68CC91,0x68CCD2,
  0x68CD31,0x68CD5B,0x68CD89,0x68CDB9,0x68CDE3,0x68CE19,0x68CE4F,0x68CE85,0x68CEBB,0x68CEFE,0x68CF34,0x68CF88,
  0x68CF8E,0x68CFAA,0x68CFE7,0x68D02C,0x68D032,0x68D04E,0x68D0A2,0x68D0E7,0x68D0ED,0x68D109,0x68D133,0x68D178,
  0x68D17E,0x68D19A,0x68D1EB,0x68D230,0x68D236,0x68D252,0x68D2D1,0x68D30E,0x68D40B,0x68D440,0x68D4D0,0x68D524,
  0x68D58C,0x68D607,0x68D64A,0x68D6A6,0x68D7AB,0x68D8A8,0x68D8D7,0x68D8F7,0x68D91A,0x68D950,0x68DA67,0x68DAD6,
  0x68DAE6,0x68DB19,0x68DB35,0x68DCD5,0x68DD46,0x68DD73,0x68DDB2,0x68DDF1,0x68DE58,0x68DECA,0x68DEEC,0x68DF11,
  0x68DF46,0x68DF5B,0x68DFF5,0x68E040,0x68E083,0x68E0C2,0x68E114,0x68E16A,0x68E197,0x68E31F,0x68E43B,0x68E4E2,
  0x68E5A3,0x68E67A,0x68E754,0x68E807,0x68EBE9,0x68EC25,0x68EC3B,0x68EDD0,0x68EE53,0x68EEA5,0x68EEC3,0x68EF2F,
  0x68EF58,0x68F0EC,0x68F1A8,0x68F259,0x68F2F1,0x68F37F,0x68F39F,0x68F3BF,0x68F3F2,0x68F430,0x68F6CF,0x68F9DB,
  0x68FA0F,0x68FA3D,0x68FB63,0x68FBD3,0x68FC06,0x68FC2F,0x68FC5A,0x68FC98,0x68FCC4,0x68FD31,0x68FD6C,0x68FD99,
  0x68FDC8,0x68FDF7,0x68FE3F,0x68FE6E,0x68FEB6,0x68FEE5,0x68FF46,0x68FFBD,0x68FFD6,0x68FFEF,0x69001D,0x690039,
  0x690053,0x69005F,0x6901AE,0x69024C,0x69029B,0x6902F5,0x6902FA,0x69035C,0x69036C,0x6903B6,0x690532,0x690584,
  0x69067B,0x690728,0x690772,0x6907BD,0x6907D7,0x6907F1,0x690A42,0x690AB9,0x690AE5,0x690B11,0x690B8C,0x690BD2,
  0x690E4E,0x690E97,0x690F02,0x691014,0x691059,0x691106,0x6911B7,0x69121A,0x691269,0x691421,0x691438,0x6914B7,
  0x691526,0x69156B,0x6915E4,0x691602,0x6916BF,0x6916CD,0x691784,0x6917BB,0x69192F,0x69194E,0x691A2F,0x691A73,
  0x691AA3,0x691B15,0x691B82,0x691BAB,0x691BD7,0x691C46,0x691D82,0x691D9F,0x691DB1,0x691E10,0x691E71,0x691ED5,
  0x691F0C,0x691F2A,0x691F7F,0x691FCE,0x69200A,0x6920AD,0x69213E,0x692223,0x692313,0x6923B7,0x692432,0x692443,
  0x69264D,0x692A45,0x692A75,0x692ACC,0x692B43,0x692B7B,0x692BA0,0x692CDC,0x692E18,0x692F57,0x692F84,0x69300C,
  0x69305D,0x6930A2,0x6930A8,0x6930C9,0x69317D,0x69320D,0x69355D,0x6936C7,0x6936E4,0x6936FE,0x6937C0,0x693817,
  0x69388B,0x6938BD,0x693919,0x6939DF,0x693A1A,0x693A6E,0x693A9A,0x693B55,0x693B94,0x693BF2,0x693C2D,0x693C86,
  0x693CAB,0x693CCD,0x693D0C,0x694154,0x694183,0x694233,0x6943ED,0x6944A5,0x694569,0x6945DA,0x694636,0x694692,
  0x69472D,0x694914,0x694A45,0x694BF8,0x694C0D,0x694CCC,0x694F06,0x694FB4,0x695003,0x695031,0x69504B,0x695070,
  0x6950F3,0x69519A,0x695209,0x695338,0x695475,0x6955BC,0x695A06,0x696057,0x69609F,0x696183,0x6961C5,0x6961F1,
  0x696266,0x6962DB,0x6964FD,0x69675C,0x696800,0x6968BC,0x696E63,0x696F0A,0x696FD2,0x697890,0x6979D9,0x697AEB,
  0x697B41,0x697B6E,0x697BF0,0x697C09,0x697E50,0x697EB6,0x697F0F,0x697F28,0x698DC9,0x698DFC,0x698E6F,0x698E7D,
  0x698EC3,0x698F06,0x699282,0x699349,0x699368,0x699513,0x69954A,0x699671,0x6996DC,0x6998D0,0x69990F,0x69A6EA,
  0x69A6F0,0x69A6F4,0x69A6F8,0x69A705,0x69A70D,0x69A71C,0x69A72E,0x69A73A,0x69A73E,0x69A742,0x69A751,0x69A760,
  0x69AB22,0x69AB8B,0x69ABA7,0x69ACA0,0x69ADFA,0x69AE01,0x69AE14,0x69AE53,0x69AE9E,0x69AEB1,0x69AF00,0x69AF61,
  0x69AFD8,0x69B01C,0x69B061,0x69B06D,0x69B0A3,0x69B0B1,0x69B0E1,0x69B0F8,0x69B1C3,0x69B1FE,0x69B20F,0x69B236,
  0x69B25B,0x69B262,0x69B288,0x69B28F,0x69B2D8,0x69B2DF,0x69B2F2,0x69B2F9,0x69B310,0x69B327,0x69B3ED,0x69B3F4,
  0x69B459,0x69B460,0x69B467,0x69B4A4,0x69B4CC,0x69B4E4,0x69B507,0x69B56D,0x69B585,0x69B5A1,0x69B5A8,0x69B5B0,
  0x69B5C7,0x69B5DA,0x69B5ED,0x69B6A8,0x69B73D,0x69B745,0x69B76C,0x69B788,0x69B7A0,0x69B7B7,0x69B7BE,0x69B9A5,
  0x69B9C8,0x69B9EB,0x69BA52,0x69BAA8,0x69BAF9,0x69BB0C,0x69BB14,0x69BBDE,0x69BC16,0x69BC28,0x69BC33,0x69BC4D,
  0x69BC58,0x69BC6E,0x69BC96,0x69BCFA,0x69BD27,0x69BD53,0x69BD8B,0x69BDC0,0x69BE01,0x69BE9C,0x69BF04,0x69BF39,
  0x69BF98,0x69BFA3,0x69BFAE,0x69C00D,0x69C018,0x69C023,0x69C03D,0x69C060,0x69C07A,0x69C0A7,0x69C0D4,0x69C0F1,
  0x69C117,0x69C146,0x69C18D,0x69C1A5,0x69C271,0x69C2D3,0x69C31C,0x69C338,0x69C374,0x69C3C2,0x69C440,0x69C483,
  0x69C4B3,0x69C5E6,0x69C817,0x69C860,0x69CAF1,0x69CB04,0x69CB31,0x69CB62,0x69CB93,0x69CBBE,0x69CC99,0x69CCC4,
  0x69CCEC,0x69CD51,0x69CDAA,0x69CE5F,0x69D1AD,0x69D1D4,0x69D27E,0x69D601,0x69D674,0x69D82D,0x69D90C,0x69DA23,
  0x69DB40,0x69DC5B,0x69DD65,0x69DDAD,0x69DE0B,0x69DE56,0x69E06D,0x69E0AA,0x69E190,0x69E1D2,0x69E224,0x69E277,
  0x69E29E,0x69E320,0x69E3A2,0x69E424,0x69E453,0x69E5BB,0x69E703,0x69E8D0,0x69E974,0x69EA1F,0x69EA43,0x69EA67,
  0x69EA6F,0x69EA98,0x69EAC1,0x69EB58,0x69EB91,0x69EBAE,0x69EC44,0x69EC60,0x69ECAF,0x69ECFE,0x69ED33,0x69F0AB,
  0x69F1AC,0x69F29B,0x69F34F,0x69F3F4,0x69F4A9,0x69F54F,0x69F637,0x69FDA4,0x69FE2C,0x69FF00,0x69FF85,0x6A01B7,
  0x6A01D3,0x6A021D,0x6A023F,0x6A030D,0x6A038F,0x6A03A9,0x6A050C,0x6A0544,0x6A057C,0x6A05A4,0x6A05C1,0x6A05DD,
  0x6A060A,0x6A0628,0x6A06B0,0x6A06E6,0x6A0713,0x6A0738,0x6A077A,0x6A091A,0x6A0A5E,0x6A0BC0,0x6A16E6,0x6A1778,
  0x6A1875,0x6A1B70,0x6A1BB7,0x6A1C9E,0x6A1CC0,0x6A1CE2,0x6A1D16,0x6A1D40,0x6A1D75,0x6A1D9A,0x6A1DBC,0x6A1E14,
  0x6A1E49,0x6A1EA0,0x6A1EC5,0x6A1EE1,0x6A1F03,0x6A1F4D,0x6A24D2,0x6A24E8,0x6A251E,0x6A253A,0x6A2568,0x6A2591,
  0x6A25B6,0x6A25CD,0x6A2606,0x6A264F,0x6A26A1,0x6A2735,0x6A27CC,0x6A27F9,0x6A2A88,0x6A2AE5,0x6A3B59,0x6A3B77,
  0x6A420C,0x6A4260,0x6A43FE,0x6A469C,0x6A46D7,0x6A4728,0x6A475E,0x6A485F,0x6A4897,0x6A48B3,0x6A4956,0x6A498F,
  0x6A49CA,0x6A4B85,0x6A4BBA,0x6A4BDC,0x6A4C61,0x6A4CA4,0x6A4DD9,0x6A4E27,0x6A4F4A,0x6A5013,0x6A50C8,0x6A50E5,
  0x6A510E,0x6A514E,0x6A51E2,0x6A5279,0x6A5310,0x6A536C,0x6A5500,0x6A5723,0x6A60C1,0x6A617A,0x6A6199,0x6A6354,
  0x6A6434,0x6A67E2,0x6A67EA,0x6A6A90,0x6A6AAD,0x6A7315,0x6A7331,0x6A73C6,0x6A79B2,0x6A7AC7,0x6A7ACD,0x6A7AF6,
  0x6A7AFE,0x6A7B3E,0x6A7B9F,0x6A7C01,0x6A7C3E,0x6A7C51,0x6A7C6D,0x6A7C86,0x6A7F6A,0x6A7F79,0x6A7FAA,0x6A7FDA,
  0x6A7FEB,0x6A7FFC,0x6A8033,0x6A8066,0x6A8099,0x6A80C2,0x6A8183,0x6A81AF,0x6A81E3,0x6A823A,0x6A83CE,0x6A8448,
  0x6A844E,0x6A8466,0x6A8494,0x6A84C5,0x6A84DB,0x6A84F3,0x6A850B,0x6A8541,0x6A8559,0x6A85B6,0x6A85EE,0x6A8630,
  0x6A8695,0x6A8755,0x6A8788,0x6A87F5,0x6A8803,0x6A8839,0x6A8867,0x6A88C5,0x6A88CF,0x6A88F2,0x6A88FA,0x6A8916,
  0x6A89A5,0x6A8A2D,0x6A8F42,0x6A9248,0x6A926A,0x6A92EC,0x6A9313,0x6A936A,0x6A93AF,0x6A93F7,0x6A94A6,0x6A94D6,
  0x6A950B,0x6A953E,0x6A957E,0x6A95B3,0x6A95CD,0x6A95E6,0x6A9603,0x6A964A,0x6A9673,0x6A96A0,0x6A9702,0x6A978E,
  0x6A97C6,0x6A97EB,0x6A9807,0x6A9982,0x6A9999,0x6A99CB,0x6A9A17,0x6A9A60,0x6A9AA9,0x6A9B77,0x6A9C14,0x6A9C52,
  0x6A9D1B,0x6A9D21,0x6A9D9C,0x6A9E2C,0x6A9E48,0x6A9EAD,0x6A9FF0,0x6AA030,0x6AA13D,0x6AA15C,0x6AA23F,0x6AA274,
  0x6AA278,0x6AA2A5,0x6AA2F4,0x6AA2F8,0x6AA31E,0x6AA355,0x6AA3A7,0x6AA3CC,0x6AA40A,0x6AA432,0x6AA450,0x6AA504,
  0x6AA56D,0x6AA590,0x6AA5B3,0x6AA5CA,0x6AA5F5,0x6AA61B,0x6AA636,0x6AA64F,0x6AA671,0x6AA688,0x6AA6CD,0x6AA6E1,
  0x6AA6F3,0x6AA707,0x6AA719,0x6AA72B,0x6AA7B2,0x6AA7C1,0x6AA7CE,0x6AA7DA,0x6AA7F1,0x6AA80E,0x6AA820,0x6AA847,
  0x6AA858,0x6AA8CE,0x6AA8EC,0x6AA8F4,0x6AA8FB,0x6AA91D,0x6AA931,0x6AA939,0x6AA957,0x6AA975,0x6AA980,0x6AA9C2,
  0x6AAA2E,0x6AAA52,0x6AAA6D,0x6AAAAF,0x6AAAD2,0x6AAAD9,0x6AAAE0,0x6AAAE7,0x6AAAEE,0x6AAAFF,0x6AAB44,0x6AAB6E,
  0x6AAB85,0x6AAB97,0x6AABB2,0x6AABE0,0x6AAC05,0x6AAC22,0x6AAC3D,0x6AAC44,0x6AAC4B,0x6AAC52,0x6AAC66,0x6AAC78,
  0x6AACB3,0x6AACF0,0x6AAD1A,0x6AAD50,0x6AAD91,0x6AAE79,0x6AAF3B,0x6AAFC3,0x6AB0D0,0x6AB148,0x6AB1D8,0x6AB249,
  0x6AB2B1,0x6AB2E1,0x6AB311,0x6AB3B4,0x6AB457,0x6AB4EB,0x6AB5AE,0x6AB5E0,0x6AB638,0x6AB657,0x6AB681,0x6AB6BE,
  0x6AB706,0x6AB77D,0x6AB7BB,0x6AB7E0,0x6AB7E8,0x6AB8B3,0x6ABA9C,0x6ABABD,0x6ABAF7,0x6ABB41,0x6ABB6A,0x6ABBB7,
  0x6ABC10,0x6ABC5C,0x6ABCC7,0x6ABD0B,0x6ABD44,0x6ABD73,0x6ABDC2,0x6ABDF7,0x6ABE2C,0x6ABE5B,0x6ABE7C,0x6ABFF9,
  0x6AC06F,0x6AC207,0x6AC22F,0x6AC25F,0x6AC287,0x6AC2AF,0x6AC302,0x6AC32D,0x6AC4CD,0x6AC4D8,0x6AC4E5,0x6AC4F2,
  0x6AC516,0x6AC552,0x6AC576,0x6AC593,0x6AC5D0,0x6AC5F0,0x6AC654,0x6AC6A8,0x6AC6B0,0x6AC722,0x6AC74F,0x6AC77A,
  0x6AC7C5,0x6AC856,0x6AC8BC,0x6AC8FF,0x6AC927,0x6AC9D6,0x6AC9F9,0x6ACA3D,0x6ACA85,0x6ACA9F,0x6ACAC7,0x6ACAE3,
  0x6ACB39,0x6ACC78,0x6ACD40,0x6ACD5F,0x6ACD8E,0x6ACD96,0x6ACD9E,0x6ACE0F,0x6ACE2F,0x6ACE35,0x6ACE71,0x6ACE8D,
  0x6ACEAF,0x6ACEF4,0x6ACF0E,0x6ACFA3,0x6AD0D9,0x6AD0F8,0x6AD142,0x6AD180,0x6AD1B0,0x6AD22B,0x6AD26F,0x6AD2B5,
  0x6AD3E6,0x6AD3FA,0x6AD48E,0x6AD555,0x6AD5CA,0x6AD677,0x6AD722,0x6AD78F,0x6AD7DF,0x6AD845,0x6AD8A7,0x6AD967,
  0x6ADA08,0x6ADA1B,0x6ADA3E,0x6ADA8D,0x6ADAD8,0x6ADAFD,0x6ADB12,0x6ADB3E,0x6ADB8A,0x6ADB9D,0x6ADBE5,0x6ADBEB,
  0x6ADC43,0x6ADCC3,0x6ADD22,0x6ADD80,0x6AE011,0x6AE112,0x6AE186,0x6AE332,0x6AE36F,0x6AE3A7,0x6AE3CC,0x6AE412,
  0x6AE483,0x6AE546,0x6AE60C,0x6AE698,0x6AE74C,0x6AE7CB,0x6AE810,0x6AE82A,0x6AE86E,0x6AE8AB,0x6AE8D2,0x6AE94E,
  0x6AE96A,0x6AE9B7,0x6AEA95,0x6AEAC0,0x6AEAEB,0x6AED21,0x6AED4B,0x6AEDE6,0x6AEE11,0x6AEE22,0x6AEEED,0x6AEF6E,
  0x6AEF7F,0x6AEFBE,0x6AF037,0x6AF070,0x6AF0C8,0x6AF0E4,0x6AF11A,0x6AF120,0x6AF150,0x6AF1AC,0x6AF216,0x6AF269,
  0x6AF3C8,0x6AF484,0x6AF4B1,0x6AF598,0x6AF99E,0x6AFB2E,0x6AFBBC,0x6AFC92,0x6AFCE3,0x6AFD2D,0x6AFE32,0x6AFF2F,
  0x6AFF6F,0x6AFFE4,0x6B001D,0x6B0039,0x6B0060,0x6B00F3,0x6B0104,0x6B0123,0x6B013B,0x6B0171,0x6B0197,0x6B01BC,
  0x6B01EE,0x6B0207,0x6B0239,0x6B07EF,0x6B12FF,0x6B155B,0x6B1688,0x6B16C7,0x6B16EC,0x6B1806,0x6B183D,0x6B1992,
  0x6B1A1C,0x6B1A5B,0x6B1A79,0x6B1CB9,0x6B1CBF,0x6B1CC7,0x6B1CCF,0x6B1CE4,0x6B1F55,0x6B200C,0x6B2028,0x6B205F,
  0x6B2C67,0x6B2D40,0x6B2D94,0x6B2DC4,0x6B2DC8,0x6B2ED1,0x6B2EFA,0x6B2F24,0x6B2F35,0x6B2FBF,0x6B2FE9,0x6B300B,
  0x6B3025,0x6B3044,0x6B304F,0x6B3066,0x6B3095,0x6B30C5,0x6B311C,0x6B3148,0x6B3174,0x6B31A6,0x6B31D8,0x6B328B,
  0x6B32B3,0x6B32D7,0x6B3360,0x6B33AE,0x6B33FB,0x6B3486,0x6B34EE,0x6B351E,0x6B354C,0x6B3557,0x6B3569,0x6B359B,
  0x6B35DD,0x6B3603,0x6B3631,0x6B36D8,0x6B374F,0x6B379E,0x6B3822,0x6B3868,0x6B387F,0x6B3894,0x6B38AB,0x6B38D2,
  0x6B3967,0x6B398F,0x6B39C3,0x6B39DA,0x6B39EC,0x6B3A41,0x6B3AA0,0x6B3AA6,0x6B3ACB,0x6B3AFD,0x6B3B53,0x6B3B5E,
  0x6B3B69,0x6B3B74,0x6B3B7F,0x6B3BD3,0x6B3BEA,0x6B3C34,0x6B3C80,0x6B3CC6,0x6B3D1D,0x6B3E0E,0x6B3E7C,0x6B3EDD,
  0x6B3F95,0x6B3FD7,0x6B3FEF,0x6B4019,0x6B4030,0x6B4061,0x6B4074,0x6B40B6,0x6B40EB,0x6B4138,0x6B414B,0x6B41AC,
  0x6B41F7,0x6B422B,0x6B4285,0x6B429B,0x6B42CA,0x6B42EF,0x6B4440,0x6B4494,0x6B44FF,0x6B455E,0x6B45C7,0x6B4706,
  0x6B4779,0x6B47AA,0x6B47C8,0x6B47DC,0x6B4848,0x6B4876,0x6B48CE,0x6B48F2,0x6B4933,0x6B49CB,0x6B4A1E,0x6B4A6E,
  0x6B4B00,0x6B4B39,0x6B4BEC,0x6B4D04,0x6B4D1E,0x6B4D41,0x6B4D58,0x6B4D85,0x6B4DB2,0x6B4DED,0x6B4E16,0x6B4E3C,
  0x6B4E57,0x6B4E8F,0x6B4EBE,0x6B4F04,0x6B4F69,0x6B4F84,0x6B4F9F,0x6B4FCC,0x6B4FFE,0x6B5061,0x6B50E6,0x6B5113,
  0x6B5131,0x6B51DE,0x6B5262,0x6B5274,0x6B5286,0x6B5351,0x6B53A4,0x6B540B,0x6B546B,0x6B5600,0x6B5646,0x6B568C,
  0x6B56CC,0x6B56F8,0x6B57B0,0x6B57E7,0x6B5847,0x6B58D5,0x6B5929,0x6B59A9,0x6B59CA,0x6B5A6B,0x6B5B54,0x6B5BD3,
  0x6B5C0B,0x6B5C5B,0x6B5DE0,0x6B5E3E,0x6B5E90,0x6B5F1C,0x6B5F78,0x6B6025,0x6B605F,0x6B60A3,0x6B60E1,0x6B610A,
  0x6B6133,0x6B615C,0x6B6179,0x6B61A6,0x6B61EA,0x6B6257,0x6B62C7,0x6B6331,0x6B63A4,0x6B63CD,0x6B63F6,0x6B646B,
  0x6B6497,0x6B653C,0x6B6564,0x6B656A,0x6B65A2,0x6B65F7,0x6B6657,0x6B66EF,0x6B674D,0x6B6815,0x6B6856,0x6B68B3,
  0x6B68F3,0x6B6ACC,0x6B6BA1,0x6B6C08,0x6B6C45,0x6B6C7D,0x6B6CB6,0x6B6CEE,0x6B6D18,0x6B6D3A,0x6B6D67,0x6B6D85,
  0x6B6DAA,0x6B6DDB,0x6B6E06,0x6B6E1E,0x6B6E3C,0x6B6E6D,0x6B6EE0,0x6B6F18,0x6B6F50,0x6B6FC3,0x6B6FDA,0x6B7043,
  0x6B7091,0x6B70BC,0x6B70E8,0x6B70EE,0x6B710A,0x6B7139,0x6B7229,0x6B73CD,0x6B74D5,0x6B750A,0x6B7560,0x6B759F,
  0x6B7606,0x6B7664,0x6B7702,0x6B774C,0x6B77AC,0x6B7822,0x6B78F2,0x6B7938,0x6B796B,0x6B79D8,0x6B7A17,0x6B7ADD,
  0x6B7BAA,0x6B7C53,0x6B7C92,0x6B7CD1,0x6B7D06,0x6B7D2F,0x6B7D54,0x6B7D7E,0x6B7DB1,0x6B7DDE,0x6B7E19,0x6B7ECD,
  0x6B7EF0,0x6B7FB1,0x6B8054,0x6B806D,0x6B8084,0x6B80C6,0x6B8123,0x6B8277,0x6B8372,0x6B8395,0x6B839A,0x6B83DF,
  0x6B851C,0x6B8713,0x6B875F,0x6B87A9,0x6B87E9,0x6B8862,0x6B88F1,0x6B893E,0x6B897F,0x6B89D4,0x6B8C07,0x6B8C33,
  0x6B8CBC,0x6B8CF4,0x6B8D35,0x6B8D4E,0x6B8E00,0x6B8E2D,0x6B8E53,0x6B8E8A,0x6B8ED5,0x6B8F0A,0x6B8F3C,0x6B8F85,
  0x6B8FBF,0x6B90A7,0x6B914D,0x6B918B,0x6B91C6,0x6B921E,0x6B923A,0x6B9284,0x6B92CB,0x6B9341,0x6B93F1,0x6B943A,
  0x6B94C6,0x6B9527,0x6B955E,0x6B9595,0x6B95BB,0x6B9679,0x6B969A,0x6B96C4,0x6B97D8,0x6B98E0,0x6B99D6,0x6B9AAC,
  0x6B9B01,0x6B9B65,0x6B9BCD,0x6B9C37,0x6B9C6E,0x6B9C88,0x6B9CAB,0x6B9D12,0x6B9D2F,0x6B9D4C,0x6B9D90,0x6B9DC2,
  0x6B9DEF,0x6B9E14,0x6B9E74,0x6B9EE9,0x6B9F16,0x6B9F53,0x6B9F80,0x6BA20E,0x6BA214,0x6BA21C,0x6BA47A,0x6BA5C5,
  0x6BA652,0x6BA65D,0x6BA70F,0x6BA784,0x6BA8C9,0x6BA994,0x6BABA8,0x6BAE56,0x6BAEB6,0x6BB118,0x6BB2EF,0x6BB3B5,
  0x6BB501,0x6BB66E,0x6BB70D,0x6BB7E0,0x6BB819,0x6BB859,0x6BB876,0x6BB8AD,0x6BB8C8,0x6BB8F5,0x6BB927,0x6BB92D,
  0x6BB949,0x6BB983,0x6BB99F,0x6BB9FB,0x6BBA1C,0x6BBBFD,0x6BBD1F,0x6BBD55,0x6BBF3A,0x6BC07B,0x6BC124,0x6BC143,
  0x6BC15C,0x6BC175,0x6BC19C,0x6BC223,0x6BC248,0x6BC274,0x6BC4E3,0x6BC5B6,0x6BC5F5,0x6BC634,0x6BC667,0x6BC685,
  0x6BC6BA,0x6BC6FD,0x6BC718,0x6BC7F0,0x6BCDBB,0x6BCE1F,0x6BCE48,0x6BCEFF,0x6BD00F,0x6BD055,0x6BD0D5,0x6BD2B2,
  0x6BD34B,0x6BD3B7,0x6BD3D0,0x6BD3F3,0x6BD816,0x6BD855,0x6BD97E,0x6BDD98,0x6BDEC7,0x6BDF67,0x6BE09E,0x6BE15D,
  0x6BE1A9,0x6BE20A,0x6BE467,0x6BE50E,0x6BE6A6,0x6BF366,0x6BF386,0x6BF3A5,0x6BF3DE,0x6BF479,0x6BF47F,0x6BF4A4,
  0x6BF5BB,0x6BF657,0x6BF678,0x6BF71A,0x6BF878,0x6BF8BB,0x6BF914,0x6BF91F,0x6BF945,0x6BF96D,0x6BFAE6,0x6BFAEE,
  0x6BFB88,0x6BFC41,0x6BFC79,0x6BFCB2,0x6BFD3B,0x6BFD5D,0x6BFE7C,0x6BFEFD,0x6BFF13,0x6BFF31,0x6BFF7B,0x6C0061,
  0x6C00DD,0x6C019A,0x6C0205,0x6C023C,0x6C0291,0x6C02A1,0x6C02C0,0x6C02F9,0x6C031E,0x6C033A,0x6C0377,0x6C038B,
  0x6C03CE,0x6C0417,0x6C0545,0x6C0622,0x6C0671,0x6C06AA,0x6C06FA,0x6C0751,0x6C0814,0x6C0876,0x6C0912,0x6C0930,
  0x6C0946,0x6C0986,0x6C09A2,0x6C09E1,0x6C0A19,0x6C0BD2,0x6C0C07,0x6C0C82,0x6C0CF4,0x6C0D13,0x6C0D53,0x6C0E4D,
  0x6C0E8D,0x6C0EAE,0x6C0EE9,0x6C0F00,0x6C0F17,0x6C0F2E,0x6C0F45,0x6C106C,0x6C1096,0x6C10C0,0x6C10EA,0x6C1114,
  0x6C113E,0x6C1198,0x6C11B2,0x6C11CD,0x6C11E8,0x6C1202,0x6C121D,0x6C1238,0x6C1252,0x6C126D,0x6C1288,0x6C12A2,
  0x6C12BD,0x6C12D8,0x6C12F2,0x6C130D,0x6C1328,0x6C1342,0x6C135D,0x6C1478,0x6C1598,0x6C15E5,0x6C15FD,0x6C1612,
  0x6C171B,0x6C1760,0x6C17FA,0x6C181B,0x6C183C,0x6C1876,0x6C18C6,0x6C1925,0x6C1959,0x6C198D,0x6C19A4,0x6C19B6,
  0x6C1A06,0x6C1A32,0x6C1A5E,0x6C1AF1,0x6C1B52,0x6C1C18,0x6C1CD1,0x6C1CFC,0x6C1DD5,0x6C1E0C,0x6C1E29,0x6C1E65,
  0x6C1E6F,0x6C1EA2,0x6C1F28,0x6C2018,0x6C2170,0x6C21BC,0x6C230A,0x6C2336,0x6C236B,0x6C23AD,0x6C290B,0x6C295B,
  0x6C29E4,0x6C2AA7,0x6C2AAC,0x6C2B66,0x6C2C46,0x6C302D,0x6C3139,0x6C33B2,0x6C3444,0x6C349F,0x6C35A6,0x6C3A64,
  0x6C5DEA,0x6C5DF2,0x6C5E35,0x6C5E4C,0x6C5E75,0x6C5EB1,0x6C5EED,0x6C5F06,0x6C5F1D,0x6C5F81,0x6C5FF1,0x6C605C,
  0x6C60D7,0x6C6111,0x6C612D,0x6C616C,0x6C61C5,0x6C61E0,0x6C625B,0x6C629E,0x6C6380,0x6C6397,0x6C63D8,0x6C63F0,
  0x6C644C,0x6C6623,0x6C6743,0x6C67C4,0x6C689D,0x6C6975,0x6C6A09,0x6C6A24,0x6C6A4E,0x6C6B0D,0x6C6B6E,0x6C6C24,
  0x6C6C79,0x6C6C8A,0x6C6CD7,0x6C6D76,0x6C6DB1,0x6C6E7C,0x6C6F01,0x6C708B,0x6C70D8,0x6C720A,0x6C7328,0x6C7344,
  0x6C74C2,0x6C750B,0x6C7518,0x6C7581,0x6C75B5,0x6C760A,0x6C7677,0x6C7779,0x6C778A,0x6C779B,0x6C77B2,0x6C77E4,
  0x6C7807,0x6C7836,0x6C78D9,0x6C7928,0x6C7946,0x6C79DA,0x6C7B95,0x6C7BEB,0x6C7C0A,0x6C7C27,0x6C7CD3,0x6C7D4F,
  0x6C7EC5,0x6C7EDD,0x6C7F9A,0x6C7FB3,0x6C7FE6,0x6C801C,0x6C8058,0x6C80A9,0x6C80E5,0x6C813E,0x6C81B0,0x6C81D9,
  0x6C820B,0x6C8246,0x6C824C,0x6C827A,0x6C8300,0x6C831C,0x6C8356,0x6C83FD,0x6C84C9,0x6C85CA,0x6C8652,0x6C8A4E,
  0x6C9013,0x6C9147,0x6C949F,0x6C9589,0x6C95BD,0x6C97F9,0x6C98E6,0x6C9951,0x6C9961,0x6C9992,0x6C99C6,0x6C99E2,
  0x6C9BCE,0x6C9C50,0x6C9C9A,0x6C9CDC,0x6C9D04,0x6C9D46,0x6C9D99,0x6C9E7A,0x6C9F5B,0x6CA03E,0x6CA066,0x6CA0C0,
  0x6CA144,0x6CA14B,0x6CA159,0x6CA161,0x6CA178,0x6CA232,0x6CA241,0x6CA248,0x6CA2BB,0x6CA2C3,0x6CA2DB,0x6CA31B,
  0x6CA32D,0x6CA33E,0x6CA3DA,0x6CA415,0x6CA434,0x6CA45B,0x6CA4B5,0x6CA4E9,0x6CA525,0x6CA5A8,0x6CA61F,0x6CA69A,
  0x6CA701,0x6CA738,0x6CA771,0x6CA7AC,0x6CA83B,0x6CA8BD,0x6CA900,0x6CA921,0x6CA935,0x6CA974,0x6CA9BF,0x6CAA78,
  0x6CAB32,0x6CAB85,0x6CB490,0x6CB559,0x6CB569,0x6CB58E,0x6CB5AB,0x6CB608,0x6CB662,0x6CB690,0x6CB6EA,0x6CB779,
  0x6CB7BD,0x6CB81A,0x6CB85A,0x6CB98E,0x6CB9F7,0x6CBAAB,0x6CBADE,0x6CBB1A,0x6CBB54,0x6CBB8C,0x6CBBC3,0x6CBFF1,
  0x6CC07C,0x6CC2B4,0x6CC37B,0x6CC399,0x6CC5DF,0x6CC622,0x6CC653,0x6CC6DD,0x6CC779,0x6CC79C,0x6CC915,0x6CCF2E,
  0x6CCF5D,0x6CD016,0x6CD0BE,0x6CD11F,0x6CD142,0x6CD1FD,0x6CD298,0x6CD301,0x6CD36B,0x6CD3CE,0x6CD431,0x6CD494,
  0x6CD4FE,0x6CD561,0x6CD5C4,0x6CD627,0x6CD691,0x6CD6F4,0x6CD757,0x6CD7C1,0x6CD824,0x6CD887,0x6CD8EA,0x6CD94D,
  0x6CD9B0,0x6CDA13,0x6CDA76,0x6CDB57,0x6CDB73,0x6CDBF3,0x6CDCE7,0x6CDD10,0x6CDDB8,0x6CDE89,0x6CE1C6,0x6CE300,
  0x6CE31C,0x6CE39C,0x6CE82E,0x6CE873,0x6CE8B9,0x6CE95D,0x6CEA67,0x6CECAA,0x6CECC6,0x6CEE0F,0x6CEE4C,0x6CEE89,
  0x6CEF6D,0x6CF328,0x6CF34B,0x6CF38E,0x6CF3AE,0x6CF3D2,0x6CF407,0x6CF43F,0x6CF475,0x6CF4D6,0x6CF530,0x6CF590,
  0x6CF64E,0x6CF681,0x6CF81A,0x6CF836,0x6CF844,0x6CF860,0x6CF86E,0x6CF8DA,0x6CF952,0x6CF985,0x6CF9B0,0x6CFA47,
  0x6CFA8F,0x6CFAC2,0x6CFB12,0x6CFB40,0x6CFB56,0x6CFB77,0x6CFB98,0x6CFBD6,0x6CFBF9,0x6CFC76,0x6CFC95,0x6CFCB4,
  0x6CFCEC,0x6CFD22,0x6CFD47,0x6CFD5F,0x6CFD7A,0x6CFDB1,0x6CFDE3,0x6CFE3A,0x6CFE53,0x6CFE6C,0x6CFE8C,0x6CFEEF,
  0x6CFF0C,0x6CFF29,0x6CFF46,0x6CFF73,0x6CFFA0,0x6CFFCD,0x6CFFDF,0x6CFFF1,0x6D00DF,0x6D0106,0x6D0137,0x6D018C,
  0x6D01C1,0x6D01FB,0x6D021E,0x6D023B,0x6D025E,0x6D0289,0x6D033B,0x6D03AE,0x6D0421,0x6D044A,0x6D0473,0x6D049C,
  0x6D04B9,0x6D04E6,0x6D0508,0x6D052A,0x6D0542,0x6D0554,0x6D0581,0x6D0593,0x6D05C0,0x6D0625,0x6D0664,0x6D0689,
  0x6D06B8,0x6D06D6,0x6D06F4,0x6D0716,0x6D0741,0x6D076E,0x6D0791,0x6D07D5,0x6D07F3,0x6D080C,0x6D0839,0x6D0866,
  0x6D0893,0x6D08C0,0x6D0933,0x6D09A6,0x6D09DB,0x6D0A4E,0x6D0A6C,0x6D0A8A,0x6D0AEA,0x6D0B68,0x6D0BA1,0x6D0C89,
  0x6D0D71,0x6D0DE4,0x6D0E57,0x6D0ECA,0x6D0EE3,0x6D0EFC,0x6D0F1A,0x6D0F38,0x6D0F61,0x6D0FD4,0x6D1047,0x6D1086,
  0x6D10A4,0x6D10DE,0x6D11C3,0x6D120A,0x6D12E5,0x6D1305,0x6D133D,0x6D140B,0x6D147E,0x6D14F1,0x6D153E,0x6D160C,
  0x6D165E,0x6D1795,0x6D17D5,0x6D17F3,0x6D1811,0x6D1843,0x6D1870,0x6D189D,0x6D18CA,0x6D18E9,0x6D19B7,0x6D19D4,
  0x6D19FA,0x6D1A20,0x6D1A93,0x6D1AE8,0x6D1B5B,0x6D1B88,0x6D1BB5,0x6D1BE4,0x6D1CB2,0x6D1D80,0x6D2733,0x6D27AD,
  0x6D2880,0x6D2AD4,0x6D2EB4,0x6D2EDE,0x6D2F2B,0x6D2F49,0x6D2FC0,0x6D2FF0,0x6D3020,0x6D3050,0x6D306C,0x6D30D6,
  0x6D315D,0x6D31D4,0x6D3204,0x6D320A,0x6D321C,0x6D3261,0x6D328E,0x6D32E4,0x6D3308,0x6D332C,0x6D33AB,0x6D33F3,
  0x6D343B,0x6D3481,0x6D34A0,0x6D34E6,0x6D3527,0x6D3544,0x6D356F,0x6D359B,0x6D35C5,0x6D35ED,0x6D361E,0x6D363F,
  0x6D3670,0x6D36A6,0x6D36C9,0x6D370B,0x6D37D7,0x6D385A,0x6D3864,0x6D3888,0x6D38CB,0x6D3926,0x6D3985,0x6D39A1,
  0x6D3A02,0x6D3A8E,0x6D3AAA,0x6D3AD5,0x6D3BA5,0x6D3C2C,0x6D3C3F,0x6D3CA9,0x6D3D0D,0x6D3DAC,0x6D3DCE,0x6D3E51,
  0x6D3FDD,0x6D4355,0x6D4360,0x6D4379,0x6D4383,0x6D4399,0x6D4419,0x6D443A,0x6D44BB,0x6D455F,0x6D4589,0x6D45A6,
  0x6D45F2,0x6D45FA,0x6D4602,0x6D4609,0x6D4619,0x6D4625,0x6D4648,0x6D465A,0x6D4671,0x6D46C1,0x6D46E1,0x6D46F6,
  0x6D470B,0x6D4728,0x6D473D,0x6D4750,0x6D4759,0x6D4771,0x6D4789,0x6D47A5,0x6D4883,0x6D4894,0x6D489C,0x6D48C7,
  0x6D48E1,0x6D4904,0x6D491E,0x6D4941,0x6D495B,0x6D497E,0x6D49AB,0x6D4A18,0x6D4B6E,0x6D4CE3,0x6D4D68,0x6D5116,
  0x6D5132,0x6D527E,0x6D5397,0x6D53F6,0x6D541C,0x6D5445,0x6D54BA,0x6D5587,0x6D55EA,0x6D561F,0x6D5654,0x6D5689,
  0x6D56A4,0x6D56AC,0x6D56B4,0x6D56BC,0x6D56E1,0x6D577C,0x6D5A9D,0x6D5B23,0x6D5BD9,0x6D5C0F,0x6D600F,0x6D60BF,
  0x6D60E1,0x6D6152,0x6D61BC,0x6D6367,0x6D63B4,0x6D65FE,0x6D6606,0x6D6623,0x6D6671,0x6D66F7,0x6D6745,0x6D67CE,
  0x6D67EA,0x6D72C3,0x6D72DF,0x6D73C2,0x6D7622,0x6D762A,0x6D7B33,0x6D7B4B,0x6D7B83,0x6D7B9E,0x6D7BBC,0x6D7BE9,
  0x6D7C28,0x6D7C40,0x6D7C58,0x6D7CE6,0x6D7D00,0x6D7D6F,0x6D7D91,0x6D7DC2,0x6D7E27,0x6D7E47,0x6D7EE6,0x6D7EEC,
  0x6D7F0A,0x6D8064,0x6D817E,0x6D820B,0x6D82A1,0x6D82BD,0x6D82D9,0x6D832B,0x6D8347,0x6D83AB,0x6D8426,0x6D8442,
  0x6D8468,0x6D8583,0x6D861C,0x6D863B,0x6D86D2,0x6D86D8,0x6D86FC,0x6D870D,0x6D8711,0x6D871C,0x6D876A,0x6D879A,
  0x6D881F,0x6D8882,0x6D88FA,0x6D8960,0x6D89F2,0x6D8AFC,0x6D8B06,0x6D8B15,0x6D8B21,0x6D8BC1,0x6D8C0D,0x6D8C29,
  0x6D8C53,0x6D8D1C,0x6D8D43,0x6D8DA5,0x6D8DAD,0x6D8E0F,0x6D8E2B,0x6D8EBE,0x6D9004,0x6D9042,0x6D9242,0x6D933A,
  0x6D93EB,0x6D954C,0x6D962D,0x6D980F,0x6D98DE,0x6D98FA,0x6D9991,0x6D9A71,0x6D9B4D,0x6D9BF3,0x6D9E1D,0x6D9EB9,
  0x6D9ED9,0x6D9FDC,0x6DA00D,0x6DA03A,0x6DA0B4,0x6DA0E3,0x6DA1DC,0x6DA205,0x6DA222,0x6DA280,0x6DA2B8,0x6DA2D9,
  0x6DA34C,0x6DA381,0x6DA4A7,0x6DA4DE,0x6DA4FA,0x6DA5D3,0x6DA64A,0x6DA64E,0x6DA65D,0x6DA664,0x6DA66B,0x6DA67E,
  0x6DA6A7,0x6DA6C3,0x6DA6EC,0x6DA774,0x6DA77E,0x6DA782,0x6DA79C,0x6DA7AA,0x6DA80E,0x6DA85B,0x6DA95E,0x6DA9B2,
  0x6DAA1B,0x6DAB6B,0x6DABB9,0x6DABCB,0x6DAC4B,0x6DAC5C,0x6DAC64,0x6DAD2E,0x6DAD59,0x6DAD81,0x6DAD89,0x6DADCC,
  0x6DAE8B,0x6DAECE,0x6DB0F1,0x6DB12B,0x6DB1C2,0x6DB1DE,0x6DB221,0x6DB2A5,0x6DB31E,0x6DB46A,0x6DB4EA,0x6DB566,
  0x6DB5B3,0x6DB62D,0x6DB6A7,0x6DB725,0x6DB7A3,0x6DB821,0x6DB98A,0x6DB9B9,0x6DBA01,0x6DBC27,0x6DBC44,0x6DBC6A,
  0x6DBCB0,0x6DBCB5,0x6DBCBB,0x6DBCC3,0x6DBD12,0x6DBD7A,0x6DBD9E,0x6DBE1E,0x6DBE3A,0x6DBE5F,0x6DBE93,0x6DBEC7,
  0x6DBEFB,0x6DBF2F,0x6DBF63,0x6DBF97,0x6DBFCB,0x6DBFFF,0x6DC033,0x6DC071,0x6DC0B2,0x6DC0F2,0x6DC132,0x6DC221,
  0x6DC310,0x6DC457,0x6DC595,0x6DC5A9,0x6DC5C0,0x6DC5DC,0x6DC620,0x6DC6C5,0x6DC794,0x6DC9C8,0x6DC9E9,0x6DCA00,
  0x6DCA05,0x6DCA84,0x6DCAFC,0x6DCB11,0x6DCB35,0x6DCB85,0x6DCBB0,0x6DCBFF,0x6DCCEC,0x6DCD71,0x6DCDE9,0x6DCE1C,
  0x6DCE3B,0x6DCEB6,0x6DCEFD,0x6DCF31,0x6DCFDF,0x6DD05A,0x6DD083,0x6DD0AB,0x6DD0C1,0x6DD0DE,0x6DD1B2,0x6DD29B,
  0x6DD398,0x6DD40E,0x6DD471,0x6DD5E9,0x6DD65C,0x6DD6C4,0x6DD6F1,0x6DD740,0x6DD795,0x6DD85E,0x6DD8D5,0x6DD916,
  0x6DD947,0x6DDB0B,0x6DDCB0,0x6DDE0F,0x6DDE78,0x6DDEA5,0x6DDECA,0x6DDF2F,0x6DE06D,0x6DE077,0x6DE0F9,0x6DE12C,
  0x6DE14E,0x6DE21C,0x6DE27E,0x6DE2F4,0x6DE38D,0x6DE498,0x6DE7DD,0x6DE8C6,0x6DE8F1,0x6DEA25,0x6DEBF7,0x6DEC36,
  0x6DED81,0x6DEE53,0x6DEF0D,0x6DEF4E,0x6DEF79,0x6DEFB1,0x6DEFD0,0x6DF421,0x6DF45B,0x6DF4D1,0x6DF5E3,0x6DF67C,
  0x6DF682,0x6DF68A,0x6DF73E,0x6DFF97,0x6DFFC0,0x6E0140,0x6E02E8,0x6E02EE,0x6E03D7,0x6E03F3,0x6E04AD,0x6E096F,
  0x6E099C,0x6E09C5,0x6E0A42,0x6E0A76,0x6E0AE4,0x6E0B4A,0x6E0B8C,0x6E0BE6,0x6E0C1D,0x6E0C77,0x6E0D46,0x6E0D92,
  0x6E0DC1,0x6E0EA2,0x6E0F10,0x6E0FC4,0x6E1062,0x6E10CA,0x6E12F8,0x6E1315,0x6E1342,0x6E1376,0x6E140F,0x6E148B,
  0x6E1508,0x6E1573,0x6E1597,0x6E161B,0x6E163F,0x6E17E2,0x6E181B,0x6E181F,0x6E185A,0x6E1867,0x6E1887,0x6E188C,
  0x6E1894,0x6E189C,0x6E18A6,0x6E18B8,0x6E18DA,0x6E1911,0x6E1940,0x6E1970,0x6E1986,0x6E19A1,0x6E1A18,0x6E1A1E,
  0x6E1A40,0x6E1A85,0x6E1AA4,0x6E1B0E,0x6E1B4C,0x6E1B71,0x6E1BB0,0x6E1CF7,0x6E1D8C,0x6E1DD7,0x6E1DEE,0x6E1E34,
  0x6E1EC4,0x6E1EEF,0x6E1F2F,0x6E1F6C,0x6E1FD8,0x6E2006,0x6E2085,0x6E20B2,0x6E21AE,0x6E21CF,0x6E2229,0x6E2250,
  0x6E22C3,0x6E2333,0x6E2378,0x6E23EF,0x6E2430,0x6E24C0,0x6E2589,0x6E2625,0x6E267E,0x6E2783,0x6E280F,0x6E281B,
  0x6E28BF,0x6E28F3,0x6E291D,0x6E297D,0x6E299F,0x6E29C8,0x6E29F5,0x6E2A24,0x6E2A4C,0x6E2A79,0x6E2AE6,0x6E2B59,
  0x6E2B8F,0x6E2BC6,0x6E2BDD,0x6E2C06,0x6E2C42,0x6E2C60,0x6E2C7C,0x6E2CC0,0x6E2D16,0x6E2D92,0x6E2E18,0x6E301F,
  0x6E309A,0x6E318C,0x6E3191,0x6E31C9,0x6E31E7,0x6E3212,0x6E322F,0x6E3269,0x6E3282,0x6E3299,0x6E32BA,0x6E3300,
  0x6E331D,0x6E333A,0x6E33C5,0x6E3402,0x6E34C6,0x6E34F3,0x6E352D,0x6E3549,0x6E359D,0x6E35FD,0x6E3663,0x6E36A7,
  0x6E37E5,0x6E387C,0x6E38F0,0x6E398A,0x6E3A08,0x6E3A3B,0x6E3A59,0x6E3AD7,0x6E3AF2,0x6E3C8B,0x6E3E44,0x6E3F50,
  0x6E400F,0x6E408A,0x6E40A6,0x6E40E0,0x6E4123,0x6E42CF,0x6E42DA,0x6E445E,0x6E47EC,0x6E4853,0x6E48C2,0x6E4A61,
  0x6E4A7F,0x6E4A99,0x6E4ABE,0x6E4AE6,0x6E4B10,0x6E4B21,0x6E4B3E,0x6E4B6D,0x6E4B75,0x6E4C20,0x6E4CA7,0x6E4D08,
  0x6E4D2C,0x6E4DC7,0x6E4DED,0x6E4E2E,0x6E4E49,0x6E511C,0x6E5184,0x6E51A0,0x6E51E7,0x6E520E,0x6E523D,0x6E5245,
  0x6E524D,0x6E5255,0x6E525D,0x6E5265,0x6E526D,0x6E5275,0x6E531B,0x6E5326,0x6E5331,0x6E533C,0x6E5347,0x6E5352,
  0x6E535D,0x6E5368,0x6E5406,0x6E5498,0x6E55A9,0x6E55E9,0x6E560C,0x6E562F,0x6E563A,0x6E5658,0x6E566C,0x6E568F,
  0x6E56AB,0x6E56B3,0x6E56BB,0x6E56C3,0x6E56CB,0x6E56D3,0x6E56DB,0x6E56E3,0x6E56EB,0x6E56F3,0x6E574B,0x6E5793,
  0x6E57DD,0x6E5827,0x6E5862,0x6E5897,0x6E58D4,0x6E5918,0x6E59A9,0x6E5A22,0x6E5B36,0x6E5B7F,0x6E5BE4,0x6E5C43,
  0x6E5C9D,0x6E5DBA,0x6E5E16,0x6E5E72,0x6E5ECD,0x6E5F27,0x6E5FB3,0x6E604D,0x6E60B1,0x6E6179,0x6E61D4,0x6E6298,
  0x6E62FC,0x6E6357,0x6E63A0,0x6E6434,0x6E65E6,0x6E6709,0x6E6798,0x6E6817,0x6E6896,0x6E68F6,0x6E6986,0x6E69D9,
  0x6E6A74,0x6E6A7F,0x6E6AAD,0x6E6B34,0x6E6B6F,0x6E6B9E,0x6E6BCD,0x6E6BD5,0x6E6BF8,0x6E6C2C,0x6E6C4D,0x6E6C82,
  0x6E6E69,0x6E7209,0x6E726E,0x6E72B8,0x6E7304,0x6E7350,0x6E738C,0x6E7405,0x6E74FD,0x6E7548,0x6E7563,0x6E757E,
  0x6E75A2,0x6E7614,0x6E7640,0x6E76D7,0x6E76EE,0x6E773B,0x6E776D,0x6E77BF,0x6E77E5,0x6E7806,0x6E7836,0x6E784F,
  0x6E7866,0x6E78E3,0x6E7903,0x6E794D,0x6E7997,0x6E79D1,0x6E7A03,0x6E7A63,0x6E7B47,0x6E7BA4,0x6E7BFD,0x6E7C65,
  0x6E7C80,0x6E7C9C,0x6E7CD8,0x6E7D5B,0x6E7D9E,0x6E7E3D,0x6E7EEA,0x6E7F85,0x6E7F98,0x6E801B,0x6E8033,0x6E8074,
  0x6E80B5,0x6E80DF,0x6E810B,0x6E8190,0x6E8200,0x6E82B3,0x6E82C8,0x6E82FD,0x6E83C5,0x6E83CC,0x6E8419,0x6E8454,
  0x6E8498,0x6E84C2,0x6E8523,0x6E8559,0x6E85A4,0x6E85B0,0x6E85E9,0x6E85FB,0x6E860C,0x6E861E,0x6E8630,0x6E8676,
  0x6E86D2,0x6E8707,0x6E87F9,0x6E8845,0x6E8885,0x6E88B1,0x6E88F3,0x6E8926,0x6E8937,0x6E89B3,0x6E89EE,0x6E8A14,
  0x6E8B44,0x6E8BBA,0x6E8CE6,0x6E8D88,0x6E8DD5,0x6E8E19,0x6E8ED3,0x6E8F82,0x6E8FA9,0x6E9038,0x6E9070,0x6E9119,
  0x6E9275,0x6E92A6,0x6E9356,0x6E9406,0x6E945A,0x6E94B2,0x6E95B2,0x6E96D5,0x6E97CC,0x6E98CC,0x6E99CC,0x6E9B92,
  0x6E9E66,0x6E9F86,0x6E9FF8,0x6EA04D,0x6EA076,0x6EA0A1,0x6EA0CB,0x6EA0EC,0x6EA1F2,0x6EA42D,0x6EA48A,0x6EA4E7,
  0x6EA5B2,0x6EA767,0x6EA7EF,0x6EA857,0x6EA88A,0x6EACB9,0x6EACDF,0x6EAD0E,0x6EAD32,0x6EAD61,0x6EAD90,0x6EADB6,
  0x6EAE05,0x6EAE41,0x6EAF14,0x6EAF79,0x6EB02D,0x6EB151,0x6EB2EF,0x6EB792,0x6EBAA0,0x6EBE89,0x6EBFB7,0x6EC048,
  0x6EC069,0x6EC096,0x6EC0D1,0x6EC0F4,0x6EC18E,0x6EC1B7,0x6EC204,0x6EC231,0x6EC270,0x6EC2AF,0x6EC56B,0x6EC827,
  0x6EC866,0x6EC898,0x6EC8CA,0x6EC8F2,0x6EC931,0x6ECAC7,0x6ECB06,0x6ECC06,0x6ECF1D,0x6ECF65,0x6ECFC5,0x6ECFDE,
  0x6ECFFE,0x6ED023,0x6ED049,0x6ED071,0x6ED0A0,0x6ED0FB,0x6ED12F,0x6ED163,0x6ED21E,0x6ED46C,0x6ED798,0x6ED843,
  0x6EDC8D,0x6EDDAB,0x6EDEC9,0x6EDFD7,0x6EE12D,0x6EE234,0x6EE3E8,0x6EE496,0x6EE524,0x6EE5E3,0x6EE600,0x6EE6DD,
  0x6EE84E,0x6EEAF5,0x6EEB80,0x6EEBC1,0x6EF173,0x6EF225,0x6EF275,0x6EF30E,0x6EF346,0x6EF387,0x6EF3C3,0x6EF591,
  0x6EF804,0x6EF865,0x6EF8A8,0x6EFA14,0x6EFBB8,0x6EFD35,0x6EFD6A,0x6EFD81,0x6EFDAA,0x6EFDD3,0x6EFDE7,0x6EFE10,
  0x6EFE24,0x6EFE9F,0x6F0156,0x6F0195,0x6F032B,0x6F03B1,0x6F04B1,0x6F05B1,0x6F06B1,0x6F06D4,0x6F06F6,0x6F0718,
  0x6F0741,0x6F0874,0x6F0889,0x6F0AFE,0x6F0B27,0x6F0DA3,0x6F1584,0x6F1A31,0x6F1B2A,0x6F1B3E,0x6F1C90,0x6F1F0D,
  0x6F1FED,0x6F2025,0x6F2050,0x6F207B,0x6F208F,0x6F20B2,0x6F20D5,0x6F2114,0x6F2153,0x6F2192,0x6F21AB,0x6F2233,
  0x6F22BB,0x6F2341,0x6F2364,0x6F25FE,0x6F2799,0x6F2956,0x6F2D31,0x6F2F51,0x6F2F8F,0x6F2FC3,0x6F2FFF,0x6F3032,
  0x6F3082,0x6F30BC,0x6F30E6,0x6F3110,0x6F31D4,0x6F320F,0x6F3335,0x6F334C,0x6F344C,0x6F354C,0x6F35F8,0x6F35FE,
  0x6F3606,0x6F37B3,0x6F3C72,0x6F3C87,0x6F3F95,0x6F43B1,0x6F442C,0x6F4446,0x6F4487,0x6F44A0,0x6F44BD,0x6F44FC,
  0x6F4557,0x6F4777,0x6F479F,0x6F49BC,0x6F4AF2,0x6F4B1A,0x6F4B45,0x6F4B66,0x6F4BAB,0x6F4BD0,0x6F4DA3,0x6F4F9D,
  0x6F4FCE,0x6F4FE5,0x6F503B,0x6F53AF,0x6F5519,0x6F5547,0x6F57A1,0x6F57C3,0x6F58C3,0x6F5A5E,0x6F5BB0,0x6F5EF3,
  0x6F5F65,0x6F61BD,0x6F6286,0x6F6454,0x6F66D9,0x6F6C18,0x6F6D57,0x6F70D5,0x6F7467,0x6F74D0,0x6F7938,0x6F7E3E,
  0x6F7F3E,0x6F7F7D,0x6F807D,0x6F817D,0x6F827D,0x6F83EB,0x6F8540,0x6F85A6,0x6F8601,0x6F9829,0x6F9850,0x6F9F71,
  0x6FA2A4,0x6FA560,0x6FA733,0x6FA9EF,0x6FAA2E,0x6FAA6D,0x6FB231,0x6FB67A,0x6FB754,0x6FB869,0x6FC18E,0x6FC9DA,
  0x6FCE1A,0x6FD06F,0x6FDDE5,0x6FDE38,0x6FE456,0x6FE7CB,0x6FEBED,0x6FEC18,0x6FEC5E,0x6FEC63,0x6FEEF7,0x6FF1B6,
  0x6FF24C,0x6FF265,0x6FF2CC,0x6FF3A2,0x6FF412,0x6FF49C,0x6FF619,0x6FF651,0x6FF67C,0x6FF6A7,0x6FF76F,0x6FF7A4,
  0x6FF7FA,0x6FF9D8,0x6FF9E9,0x6FFAB2,0x6FFAB8,0x6FFAD4,0x6FFB1C,0x6FFB68,0x6FFBEF,0x6FFE8D,0x6FFF71,0x6FFF8C,
  0x700007,0x700023,0x700062,0x70007E,0x7000AB,0x70011F,0x7001DB,0x700264,0x70030B,0x700311,0x700319,0x700396,
  0x70042A,0x700476,0x700498,0x7004B4,0x7004D9,0x700509,0x7006D7,0x700F52,0x7012E9,0x701305,0x701323,0x701382,
  0x7013C2,0x701443,0x70146A,0x7014AC,0x70151F,0x70153B,0x7015FB,0x7017DB,0x7017F4,0x7018C9,0x7018E0,0x7019A0,
  0x701B3D,0x701BFD,0x701C65,0x701C6D,0x701C89,0x701CA5,0x701CC0,0x701CE7,0x701E05,0x701E22,0x701E6E,0x701EBA,
  0x701F7B,0x701F81,0x702055,0x702075,0x7020BA,0x7020E7,0x7021A2,0x7022BF,0x702453,0x7024E3,0x70254F,0x702617,
  0x702689,0x70291E,0x702A6A,0x702A85,0x702AA3,0x702AC5,0x702B59,0x702BF0,0x702C31,0x702CAB,0x702D09,0x702DBC,
  0x702E2B,0x703058,0x703213,0x703286,0x7032F9,0x703329,0x703394,0x7033B2,0x70341D,0x703466,0x7034D1,0x70351A,
  0x703549,0x703578,0x7035C4,0x703610,0x703650,0x7036AE,0x7036CB,0x703770,0x7037E3,0x703856,0x703A11,0x703A50,
  0x703A71,0x703AB0,0x703AD1,0x703B2F,0x703B8D,0x703BFF,0x703C2E,0x703C91,0x703CEF,0x703D7A,0x703E1F,0x703E3C,
  0x703E69,0x703E80,0x703EAD,0x703EC4,0x703EED,0x703F16,0x703F52,0x703F8E,0x703FAC,0x703FDA,0x7040C6,0x704352,
  0x704456,0x704471,0x70448C,0x7044F8,0x704574,0x7045B8,0x7045FC,0x704615,0x70462E,0x704645,0x70465C,0x704700,
  0x70495C,0x7049A8,0x704A62,0x704B2E,0x704B49,0x704B6A,0x704BA4,0x704BDE,0x7051BD,0x7052BE,0x705540,0x705579,
  0x7055B4,0x7055F1,0x70564D,0x7056A9,0x705AB2,0x705AF6,0x705B11,0x705B2C,0x705B59,0x705BA2,0x705C1D,0x705C98,
  0x705CC2,0x705D05,0x705D48,0x705DDC,0x705E73,0x705F19,0x7063A2,0x7063C4,0x70657F,0x70659C,0x706639,0x706A71,
  0x706B74,0x706F1E,0x706F80,0x707002,0x7070CE,0x707108,0x70711C,0x707122,0x707141,0x7071CA,0x707264,0x707305,
  0x70730B,0x707313,0x70731B,0x707323,0x70732B,0x707333,0x70738B,0x7073A7,0x7073BF,0x7073D7,0x7073EF,0x707407,
  0x70741F,0x707437,0x7074C7,0x7074DF,0x7074F7,0x70750F,0x707527,0x70753F,0x707557,0x70756F,0x707587,0x70759F,
  0x7075CF,0x7075E7,0x7075FF,0x707617,0x70762F,0x707647,0x70765F,0x707677,0x70768F,0x7076A7,0x7076BF,0x7076D7,
  0x7076EF,0x70771F,0x70774F,0x707767,0x70777F,0x707797,0x7077AF,0x7077C7,0x7077DF,0x7077F7,0x70780F,0x707827,
  0x70783F,0x707857,0x70786F,0x707887,0x70789F,0x7078B7,0x7078CF,0x7078E7,0x7078FF,0x707926,0x707958,0x7079ED,
  0x707A07,0x707AD3,0x707AFC,0x707B7E,0x707CA0,0x707DFF,0x707F3E,0x707F57,0x707F99,0x707F9F,0x707FA7,0x707FE3,
  0x707FFF,0x70821D,0x708270,0x7082DC,0x7082E2,0x7082F7,0x708395,0x7083B9,0x708401,0x70842E,0x708435,0x708444,
  0x708457,0x708474,0x7084EB,0x708503,0x708548,0x708567,0x708590,0x7085D5,0x7085F2,0x708602,0x70861A,0x70862C,
  0x708642,0x708664,0x708686,0x7086A8,0x7086ED,0x70873F,0x70881F,0x70887A,0x7088DD,0x70891F,0x70893B,0x708949,
  0x7089D5,0x708B02,0x708B6E,0x708B8A,0x708BC6,0x708BFB,0x708CF6,0x708D8F,0x708E2D,0x708F65,0x708FCC,0x70901F,
  0x7091AD,0x7091D9,0x709218,0x709256,0x7092AC,0x70942F,0x709462,0x709515,0x709571,0x7096C8,0x70983C,0x709896,
  0x7098BA,0x70991A,0x709925,0x709942,0x7099A4,0x7099D8,0x709A0C,0x709B02,0x709BF4,0x709CE6,0x709DD8,0x709E40,
  0x709E66,0x709ED3,0x709F43,0x709F77,0x70A1AD,0x70A1CB,0x70A1F0,0x70A282,0x70A29A,0x70A2B2,0x70A2CA,0x70A2E2,
  0x70A301,0x70A3F1,0x70A5B0,0x70A5EC,0x70A75A,0x70A762,0x70A76D,0x70A778,0x70A783,0x70A78E,0x70A799,0x70A7A4,
  0x70A7AF,0x70A8AB,0x70A932,0x70AAB3,0x70AAD9,0x70AB77,0x70B51F,0x70B55B,0x70B5B1,0x70B5CC,0x70B5E6,0x70B600,
  0x70B83D,0x70B882,0x70B8A1,0x70B8AE,0x70B8C7,0x70B909,0x70B9C4,0x70B9E0,0x70BA23,0x70BA38,0x70BA76,0x70BBA3,
  0x70BC6B,0x70BC8F,0x70BCE7,0x70BFD1,0x70C0AD,0x70C201,0x70C31E,0x70C4FE,0x70C50C,0x70C548,0x70C55D,0x70C569,
  0x70C56E,0x70C5C3,0x70C627,0x70C637,0x70C745,0x70C7D6,0x70C7FB,0x70C80C,0x70C835,0x70C875,0x70C8AB,0x70C8C7,
  0x70C939,0x70C9C4,0x70CA48,0x70CA90,0x70CAAC,0x70CAD5,0x70CB0A,0x70CB46,0x70CD24,0x70CE0D,0x70CE4A,0x70CE80,
  0x70CE93,0x70CED6,0x70CF29,0x70CF79,0x70CFC1,0x70D005,0x70D034,0x70D098,0x70D0D7,0x70D0EC,0x70D136,0x70D149,
  0x70D15F,0x70D1F8,0x70D20C,0x70D244,0x70D264,0x70D2F3,0x70D311,0x70D31C,0x70D330,0x70D34D,0x70D379,0x70D41A,
  0x70D429,0x70D42E,0x70D4E3,0x70D694,0x70D6EE,0x70D756,0x70D793,0x70D800,0x70D875,0x70D8B8,0x70D8E6,0x70D904,
  0x70D929,0x70D95D,0x70D975,0x70D98D,0x70D9A5,0x70D9BD,0x70D9D2,0x70D9E1,0x70D9F0,0x70D9FF,0x70DA17,0x70DB6B,
  0x70DC07,0x70DC0F,0x70DC17,0x70DC1F,0x70DC27,0x70DC2F,0x70DC37,0x70DC3F,0x70DD7C,0x70DE03,0x70DE29,0x70DFE3,
  0x70DFF9,0x70DFFF,0x70E013,0x70E02B,0x70E045,0x70E05F,0x70E079,0x70E093,0x70E09C,0x70E0B8,0x70E12D,0x70E19A,
  0x70E1B8,0x70E1D0,0x70E1E8,0x70E34A,0x70E3FC,0x70E433,0x70E56D,0x70E575,0x70E57D,0x70E588,0x70E593,0x70E59E,
  0x70E5A9,0x70E5B4,0x70E5BF,0x70E5CA,0x70E666,0x70E6ED,0x70E8EB,0x70E911,0x70EB5A,0x70EB9A,0x70EBA4,0x70EBCB,
  0x70EC17,0x70ECE1,0x70ECFB,0x70ED15,0x70EDEF,0x70EE07,0x70EE32,0x70EE5C,0x70EEC8,0x70EF49,0x70EF74,0x70F009,
  0x70F034,0x70F09C,0x70F104,0x70F15A,0x70F1A3,0x70F353,0x70F403,0x70F5DF,0x70F62E,0x70F64A,0x70F836,0x70FCC0,
  0x70FD72,0x70FE22,0x70FF76,0x70FFA4,0x710085,0x7100B6,0x710107,0x710429,0x71047C,0x71077B,0x7107F0,0x71083F,
  0x710888,0x710A70,0x710A85,0x710AF2,0x710B10,0x710B2D,0x710B64,0x710BA9,0x710BD3,0x710BE8,0x710C04,0x710C17,
  0x710C2E,0x710C63,0x710C9E,0x710CC0,0x710CF9,0x710D16,0x710D30,0x710D86,0x710DB8,0x710DF6,0x710E2D,0x710E4B,
  0x710E88,0x710EB8,0x710EEC,0x710F8B,0x710FA7,0x710FF6,0x711008,0x711034,0x711056,0x711097,0x7110B3,0x7110EA,
  0x711104,0x71111A,0x711130,0x711146,0x71115C,0x711179,0x711197,0x7111B5,0x7111CB,0x7111E5,0x7111F8,0x71286F,
  0x7128C3,0x712928,0x712960,0x712CAB,0x712CC7,0x712CE3,0x712CFF,0x712D75,0x712E05,0x712E7B,0x712E9A,0x712ED0,
  0x7131AD,0x713242,0x71343E,0x713814,0x7138B0,0x713928,0x713955,0x713972,0x7139A1,0x7139C9,0x7139E6,0x714512,
  0x714545,0x714563,0x7145CB,0x71468A,0x714698,0x7146D2,0x7147A8,0x7148D6,0x714942,0x7149A1,0x714A09,0x714A4A,
  0x714A66,0x714A98,0x714ACA,0x714B00,0x714B21,0x714B42,0x714B67,0x714C18,0x714C44,0x714C6A,0x714CAF,0x714CD2,
  0x714D39,0x714E42,0x714E4F,0x714E6D,0x714EB4,0x714EFB,0x714F33,0x714F6B,0x714FC4,0x714FE4,0x715004,0x715028,
  0x71504F,0x715076,0x71510E,0x7151DA,0x715201,0x715211,0x715365,0x7153AB,0x7153D1,0x7153E4,0x715403,0x715436,
  0x71544E,0x71548D,0x7154B3,0x71552B,0x7155A0,0x7155AA,0x7155B9,0x7155CA,0x71562B,0x715633,0x71563A,0x7156B3,
  0x7156DB,0x715703,0x71572B,0x715753,0x71575A,0x715761,0x715768,0x71576F,0x715776,0x71577D,0x715784,0x71578B,
  0x715914,0x715918,0x715924,0x715972,0x715979,0x715996,0x71599D,0x7159BF,0x7159D3,0x7159DA,0x7159E7,0x7159F4,
  0x7159FB,0x715A02,0x715A1C,0x715A2F,0x715A42,0x715A84,0x715BA9,0x715C81,0x715CA5,0x715CC7,0x715CE9,0x715D0D,
  0x715D32,0x715D57,0x715D7B,0x715DA0,0x715DD2,0x715DD9,0x715DF7,0x715E15,0x715E26,0x715E49,0x715E5E,0x715E79,
  0x715EB8,0x715F54,0x715FA4,0x716022,0x7160BE,0x716112,0x71616A,0x7161AE,0x7161B9,0x71620A,0x716224,0x7162B2,
  0x7162D4,0x71638C,0x7163A8,0x7163F0,0x71643D,0x716491,0x7164DB,0x7164E5,0x716506,0x71655B,0x716567,0x716589,
  0x716615,0x7166B0,0x71670A,0x716735,0x71675E,0x7167B6,0x7167C9,0x7167FA,0x716D0D,0x716E02,0x717086,0x717106,
  0x717394,0x7173BC,0x717426,0x717ABA,0x717DE0,0x71849A,0x7185C0,0x718757,0x718BF5,0x718CF4,0x718D93,0x718E99,
  0x718F02,0x718F81,0x718FDF,0x719041,0x7190B4,0x7193FD,0x719463,0x719479,0x7194D6,0x719500,0x71951C,0x719550,
  0x719588,0x7195B7,0x7195E4,0x71960A,0x71962F,0x719673,0x7196A0,0x719793,0x7197D2,0x719886,0x719907,0x719964,
  0x7199B5,0x719A67,0x719A83,0x719B1A,0x719B59,0x719BE4,0x719BFC,0x719C1D,0x719C53,0x719C5D,0x719C69,0x719DEE,
  0x719E65,0x719E8F,0x719EBE,0x719F43,0x719F49,0x719F51,0x719F6D,0x719FDB,0x71A024,0x71A04F,0x71A09E,0x71A0D6,
  0x71A0DE,0x71A13D,0x71A1A7,0x71A2E3,0x71A3BD,0x71A3CB,0x71A3DB,0x71A43F,0x71A454,0x71A496,0x71A4B7,0x71A4BD,
  0x71A4CE,0x71A4DF,0x71A500,0x71A525,0x71A53F,0x71A56C,0x71A5B3,0x71A5C7,0x71A5DE,0x71A625,0x71A63F,0x71A64E,
  0x71A658,0x71A670,0x71A688,0x71A69D,0x71A6AF,0x71A6D5,0x71A6FA,0x71A727,0x71A7C7,0x71A7FB,0x71A87D,0x71A89F,
  0x71A8DC,0x71A8F9,0x71A901,0x71A963,0x71A9E0,0x71A9F6,0x71AA22,0x71AA69,0x71AA94,0x71AAB5,0x71AAEC,0x71AB1D,
  0x71ABF4,0x71ABFC,0x71AC47,0x71AC61,0x71ACE7,0x71AD02,0x71AD29,0x71AD41,0x71AE2D,0x71AEDF,0x71AF26,0x71AF63,
  0x71AFA0,0x71AFBD,0x71B02A,0x71B0B5,0x71B0EC,0x71B10A,0x71B12F,0x71B169,0x71B1B6,0x71B202,0x71B222,0x71B26B,
  0x71B2D0,0x71B310,0x71B39E,0x71B408,0x71B42F,0x71B456,0x71B495,0x71B4C8,0x71B582,0x71B5EB,0x71B5FF,0x71B774,
  0x71B77A,0x71B7A1,0x71B7F7,0x71B858,0x71B90C,0x71B928,0x71BA27,0x71BA5E,0x71BB55,0x71BC70,0x71BE8F,0x71BFD9,
  0x71C1DB,0x71C2EA,0x71C2FB,0x71C311,0x71C34F,0x71C366,0x71C3A1,0x71C439,0x71C492,0x71C49A,0x71C4EA,0x71C4EF,
  0x71C4F4,0x71C554,0x71C610,0x71C62F,0x71C663,0x71C675,0x71C6AA,0x71C6AF,0x71C71C,0x71C72E,0x71C7AE,0x71C7C9,
  0x71C7E4,0x71C81A,0x71C86F,0x71C8E7,0x71C8F9,0x71C94C,0x71C958,0x71C9CB,0x71CA31,0x71CAB9,0x71CB0D,0x71CDA5,
  0x71CDD3,0x71CE3A,0x71CEA0,0x71CF0A,0x71CF3E,0x71D18F,0x71D297,0x71D2E8,0x71D381,0x71D393,0x71D625,0x71D652,
  0x71D66F,0x71D69C,0x71D6B5,0x71D6EA,0x71D706,0x71D79F,0x71D7C4,0x71D875,0x71D8BE,0x71DD68,0x71E0F7,0x71E130,
  0x71E180,0x71E1C4,0x71E1E7,0x71EBDA,0x71EFA2,0x71EFC8,0x71EFF9,0x71F207,0x71F4A2,0x71F52D,0x71F5A6,0x71F5E6,
  0x71F69A,0x71F933,0x71F97B,0x71FA12,0x71FA48,0x71FC08,0x71FE64,0x7201A6,0x72022F,0x72028B,0x7202E3,0x720302,
  0x720530,0x72054C,0x7206B7,0x7206D5,0x7210EC,0x721142,0x721154,0x721194,0x7211DA,0x721247,0x721318,0x7213E9,
  0x721437,0x721443,0x72146E,0x721499,0x7215B1,0x721613,0x7216B6,0x7217F2,0x7219D5,0x721A3E,0x721A58,0x721A87,
  0x721AF4,0x721B45,0x721BA1,0x721C2D,0x721E75,0x721EDA,0x721FA9,0x721FDD,0x722040,0x722077,0x7220D3,0x722191,
  0x722447,0x7224D8,0x72260B,0x722745,0x722D8C,0x722DD9,0x722E30,0x722EEE,0x722F35,0x722F6B,0x722F97,0x722FBC,
  0x72324C,0x7234EC,0x7237F8,0x723B03,0x723B10,0x723BF6,0x723C54,0x723CEE,0x723D4F,0x723DB0,0x723E7C,0x723EAF,
  0x7240AC,0x7240E5,0x724133,0x72414F,0x724160,0x724187,0x7241A9,0x7241CB,0x7241EC,0x724251,0x72428A,0x7242C5,
  0x7242FE,0x724337,0x72435C,0x72437D,0x7243A6,0x7243CD,0x7243FD,0x724411,0x724495,0x724671,0x72476D,0x7247AF,
  0x724811,0x724865,0x7248B9,0x725004,0x725065,0x72508E,0x7250A3,0x7250C0,0x7250EC,0x725110,0x725134,0x725182,
  0x7257D2,0x7257E9,0x725800,0x72581A,0x725834,0x72584E,0x725868,0x7258E1,0x7259BB,0x7259C4,0x7259E8,0x725A25,
  0x725A4D,0x725AF2,0x725D6B,0x725D96,0x725DCC,0x725E3F,0x725EEA,0x7261A6,0x7261BF,0x7261E4,0x72620A,0x726231,
  0x726253,0x72626E,0x7262AC,0x7262C7,0x7262E0,0x7262FD,0x726316,0x726341,0x7263C9,0x7263DE,0x7263F3,0x72641E,
  0x726531,0x726585,0x7265DB,0x7266AD,0x7267D0,0x7268DE,0x726BE5,0x726C40,0x726D36,0x726DD4,0x726E0A,0x726E49,
  0x726E98,0x726EBE,0x727081,0x727A0B,0x728632,0x728736,0x72882F,0x728867,0x7289E1,0x728A02,0x728ABA,0x728ADF,
  0x728C1F,0x728CCD,0x728D28,0x728D76,0x728DE1,0x728E41,0x728ED6,0x728FD0,0x729033,0x729076,0x729219,0x72923F,
  0x729337,0x72937E,0x729534,0x729579,0x72958C,0x72961A,0x729661,0x72967F,0x7296A7,0x7296FF,0x729761,0x72977F,
  0x72979C,0x7297CC,0x72981E,0x72983C,0x729854,0x729896,0x7298A3,0x729D9A,0x729E4A,0x729E91,0x729EA7,0x729F0C,
  0x729F40,0x729F6B,0x729F96,0x729FD2,0x729FFD,0x72A027,0x72A08C,0x72A153,0x72A29D,0x72A33C,0x72A3FF,0x72A4C8,
  0x72A4E8,0x72A4EF,0x72A5FF,0x72A661,0x72A6C3,0x72A72A,0x72A731,0x72A739,0x72A741,0x72A75D,0x72A7AF,0x72A802,
  0x72A849,0x72A8FB,0x72AB92,0x72ABE7,0x72AC59,0x72ACDF,0x72AD9E,0x72AF18,0x72AF3B,0x72B0B8,0x72B0C0,0x72B0C8,
  0x72B229,0x72B271,0x72B279,0x72B281,0x72B2C5,0x72B306,0x72B325,0x72B38C,0x72B433,0x72B570,0x72B645,0x72B776,
  0x72B794,0x72B7B1,0x72B7F2,0x72B82B,0x72B84F,0x72B94C,0x72B952,0x72B9C7,0x72B9EC,0x72BAEB,0x72BB1B,0x72BB37,
  0x72BBEF,0x72BC67,0x72BD18,0x72BD45,0x72BD6D,0x72BDA7,0x72BDE3,0x72BE12,0x72BE4A,0x72BE77,0x72BEA1,0x72BED5,
  0x72BF09,0x72BF24,0x72C3AB,0x72C43C,0x72C643,0x72C6FB,0x72C716,0x72C728,0x72C75E,0x72C784,0x72C7A9,0x72C7CF,
  0x72C7F4,0x72C851,0x72C8BE,0x72C92E,0x72C946,0x72C99A,0x72C9C7,0x72C9CF,0x72C9F7,0x72CA92,0x72CACB,0x72CCC7,
  0x72CDAB,0x72CED4,0x72CF0F,0x72CF44,0x72CF62,0x72CF87,0x72CFA2,0x72CFCF,0x72CFF5,0x72D01A,0x72D039,0x72D05B,
  0x72D09A,0x72D1B1,0x72D72F,0x72D76E,0x72D7F1,0x72D846,0x72D88A,0x72D8C9,0x72D8F2,0x72D925,0x72D943,0x72D958,
  0x72D971,0x72D9D1,0x72D9EE,0x72DA82,0x72DA9F,0x72DBB3,0x72DC29,0x72DC80,0x72DCB3,0x72DCBB,0x72DD27,0x72DD5F,
  0x72DDA9,0x72DE60,0x72DE91,0x72DEAF,0x72DF46,0x72DF7D,0x72DFAA,0x72DFDA,0x72E055,0x72E0EC,0x72E1F7,0x72E339,
  0x72E36E,0x72E3BC,0x72E3F6,0x72E449,0x72E4FD,0x72E6C1,0x72E6E3,0x72E71E,0x72E75B,0x72E7AF,0x72E84F,0x72EA0D,
  0x72EA27,0x72EA66,0x72EAB4,0x72EBD4,0x72EC2A,0x72EC7E,0x72EC9B,0x72ECD2,0x72ED84,0x72EDB9,0x72EE41,0x72EE71,
  0x72EEC1,0x72EF05,0x72F0F3,0x72F18C,0x72F1CC,0x72F201,0x72F355,0x72F3FF,0x72F4B7,0x72F4CC,0x72F631,0x72F668,
  0x72F691,0x72F717,0x72F730,0x72F762,0x72F78D,0x72F7B3,0x72F9DA,0x72FE23,0x72FE92,0x72FECA,0x72FEE5,0x72FF07,
  0x7300BE,0x73016D,0x7301AC,0x7301C9,0x7301E6,0x7301EE,0x7302A5,0x7302C0,0x7302F7,0x7303EB,0x73042B,0x73044D,
  0x730482,0x73050A,0x730533,0x7305D2,0x73060F,0x7306FF,0x730705,0x73070D,0x730721,0x7307D0,0x7308CE,0x730E1C,
  0x7311FB,0x7313B3,0x73161C,0x73173A,0x7318A1,0x73193D,0x731E30,0x731E40,0x731ED4,0x731F3C,0x731FA9,0x732019,
  0x732037,0x73205C,0x7320BA,0x7320E8,0x732103,0x732187,0x732283,0x73228B,0x73232B,0x7323CE,0x73243D,0x732455,
  0x73246F,0x73248D,0x7324AB,0x7324C5,0x7324D8,0x7324E7,0x732502,0x73251C,0x73253A,0x732554,0x732582,0x7325E7,
  0x732663,0x732667,0x73266B,0x7326CC,0x7327BC,0x7327CF,0x7327E5,0x732801,0x732806,0x732828,0x732840,0x732888,
  0x73290B,0x732926,0x732BAD,0x732CBB,0x732DE7,0x732FF0,0x73302A,0x733042,0x733086,0x7330AB,0x7330DD,0x733126,
  0x73316F,0x733224,0x73328F,0x7332B4,0x7332F6,0x733328,0x733373,0x7333BE,0x733432,0x73346A,0x733497,0x7334BC,
  0x7334D9,0x733504,0x733532,0x7335D7,0x7335E7,0x733610,0x73363D,0x733694,0x7336AB,0x7336DB,0x73373A,0x733755,
  0x7337AD,0x7337DA,0x73385A,0x73391E,0x73393C,0x7339AB,0x7339C4,0x7339DB,0x733A1A,0x733A72,0x733AAB,0x733AEC,
  0x733B2B,0x733BF9,0x733C1C,0x733C63,0x733CC1,0x733CE6,0x733D05,0x733DBC,0x733DE9,0x733E0F,0x733E34,0x733E61,
  0x733E7C,0x733EB3,0x733F27,0x733FAF,0x734022,0x7340D9,0x73411F,0x7341CA,0x734201,0x734289,0x734403,0x734478,
  0x73449A,0x73459A,0x734780,0x7347AF,0x7347DA,0x734805,0x73484E,0x734874,0x7348B4,0x7348DA,0x734B0E,0x734B30,
  0x734B54,0x734B76,0x734B88,0x734B9A,0x734BB7,0x734BE6,0x734C0E,0x734C2B,0x734C51,0x734C76,0x734C93,0x734CF0,
  0x734D62,0x734DFC,0x73511D,0x735388,0x7353BD,0x73543E,0x735572,0x7355A6,0x73563A,0x735741,0x7358B2,0x7358CB,
  0x735941,0x735A1D,0x735AE9,0x735E9B,0x735F53,0x73617F,0x736DF5,0x737581,0x7375A7,0x7375F6,0x737654,0x7378DA,
  0x737954,0x7379CB,0x7379FA,0x737ABF,0x737B97,0x7383AB,0x7383E5,0x73841C,0x738481,0x7384DD,0x738556,0x738717,
  0x73876B,0x7387A9,0x73894E,0x738AAA,0x738AED,0x738BB0,0x738BE5,0x738C0C,0x738C39,0x738C5F,0x738C84,0x738CD2,
  0x738D1D,0x738D72,0x738DFA,0x738E2C,0x738E4E,0x738E85,0x738F31,0x738F4E,0x738FB3,0x738FCA,0x738FE3,0x739042,
  0x73909A,0x7390C7,0x7390E0,0x7390FB,0x739112,0x739188,0x7391C9,0x739208,0x73923B,0x739259,0x739292,0x7392F6,
  0x73939B,0x7393A1,0x739450,0x739507,0x73954E,0x739569,0x739585,0x7395E3,0x73961A,0x7396A2,0x7396E8,0x7397A3,
  0x739ABD,0x739B3A,0x739C10,0x73A0D5,0x73A2D6,0x73A302,0x73A368,0x73A386,0x73A396,0x73A403,0x73A429,0x73A46F,
  0x73A4B6,0x73A4DC,0x73A5C9,0x73A68A,0x73A74B,0x73A9C2,0x73AA94,0x73AB45,0x73ACAF,0x73ACEF,0x73AD07,0x73AD1F,
  0x73AE79,0x73AECB,0x73AF3F,0x73AF89,0x73AFE3,0x73B01D,0x73B071,0x73B0E8,0x73B15F,0x73B192,0x73B217,0x73B22F,
  0x73B279,0x73B29E,0x73B2C4,0x73B2E9,0x73B304,0x73B36C,0x73B41F,0x73B43C,0x73B46E,0x73B4A0,0x73B4FF,0x73B549,
  0x73B6D5,0x73B706,0x73B723,0x73B7CB,0x73B82F,0x73B862,0x73B91F,0x73B956,0x73BA0D,0x73BB7D,0x73BBE9,0x73BC25,
  0x73BC98,0x73BCBF,0x73BDA3,0x73BE09,0x73BE4B,0x73BFAA,0x73BFE8,0x73C014,0x73C02A,0x73C040,0x73C0B1,0x73C0D4,
  0x73C125,0x73C13C,0x73C160,0x73C191,0x73C1BF,0x73C1E5,0x73C222,0x73C25F,0x73C39E,0x73C5FE,0x73C621,0x73C644,
  0x73C667,0x73C692,0x73C6DB,0x73C73F,0x73C77B,0x73C7D2,0x73C82B,0x73C85D,0x73C88C,0x73C8B4,0x73C910,0x73C96C,
  0x73CAA0,0x73CAEC,0x73CB3B,0x73CB8F,0x73CBC8,0x73CD03,0x73CD38,0x73CD88,0x73CDD8,0x73CE2A,0x73CE7E,0x73CEEA,
  0x73CF31,0x73CFEF,0x73D027,0x73D0A3,0x73D0BA,0x73D1FA,0x73D21F,0x73D257,0x73D28F,0x73D2D8,0x73D2F6,0x73D479,
  0x73D4EE,0x73D5C2,0x73D7F7,0x73D82F,0x73D867,0x73D89F,0x73D917,0x73D99B,0x73D9AB,0x73D9C6,0x73D9E1,0x73DA07,
  0x73DA2C,0x73DA52,0x73DA77,0x73DB0C,0x73DBB2,0x73DC47,0x73DCED,0x73DD18,0x73DD2A,0x73DD59,0x73DD89,0x73DDAF,
  0x73DDE6,0x73DE2A,0x73DE50,0x73E011,0x73E1D2,0x73E215,0x73E24D,0x73E280,0x73E2B3,0x73E33A,0x73E456,0x73E4A0,
  0x73E565,0x73E582,0x73E59F,0x73E633,0x73E6D7,0x73E909,0x73E99B,0x73E9DF,0x73EA17,0x73EA60,0x73EB17,0x73EB70,
  0x73EBC8,0x73EC5F,0x73ED06,0x73ED7E,0x73EDD0,0x73EE1B,0x73EE52,0x73EE93,0x73EED2,0x73EF3B,0x73F24D,0x73F50D,
  0x73F517,0x73F5CD,0x73F684,0x73F6A0,0x73F6B9,0x73F6D2,0x73F789,0x73FA52,0x73FA68,0x73FA9F,0x73FB3F,0x73FB7A,
  0x7402D1,0x7402ED,0x7403A4,0x7403D6,0x74040D,0x740483,0x7404E0,0x74053D,0x7405B1,0x740659,0x7407EB,0x740844,
  0x74084A,0x74088F,0x7408A8,0x74094C,0x740954,0x7409DD,0x7409F9,0x740A31,0x740A56,0x740AE5,0x740B38,0x740C39,
  0x740C97,0x740CAD,0x740CB3,0x740CD0,0x740CD6,0x740CF3,0x740D14,0x740D1A,0x740D3B,0x740D41,0x740D66,0x740D6C,
  0x740D9F,0x740DA5,0x740DCA,0x740DD0,0x740DED,0x740DF3,0x740E10,0x740E16,0x740E33,0x740E39,0x740E61,0x740E67,
  0x740E8F,0x740E95,0x740EBA,0x740ECD,0x740ED8,0x740EDE,0x740EFB,0x740F01,0x740F26,0x740F2C,0x740F51,0x740F57,
  0x740F74,0x740F7A,0x740F9E,0x740FA4,0x740FC0,0x740FC6,0x740FE2,0x740FE8,0x741009,0x74100F,0x741037,0x74103D,
  0x741059,0x74105F,0x74107B,0x741081,0x74109B,0x7410BC,0x7410C2,0x7410DF,0x7410E5,0x741106,0x74110C,0x74112D,
  0x741133,0x741158,0x74115E,0x741183,0x741189,0x7411A6,0x7411AC,0x7411C9,0x7411CF,0x7411F8,0x7411FE,0x741213,
  0x741281,0x741426,0x74143B,0x741450,0x7414AB,0x7414B6,0x7414BC,0x7414C7,0x7414CD,0x74151A,0x741520,0x74152B,
  0x741531,0x74153C,0x741542,0x74154D,0x741553,0x74155E,0x741564,0x7415B1,0x7415B7,0x7415C2,0x7415C8,0x7415E9,
  0x7415EF,0x74164A,0x741675,0x741689,0x74168E,0x741724,0x741745,0x741783,0x741798,0x741812,0x74184A,0x741850,
  0x7418B2,0x7418D8,0x741923,0x7419F9,0x741A04,0x741A0A,0x741A2B,0x741A7B,0x741AA0,0x741AA6,0x741AD0,0x741B05,
  0x741B27,0x741B5C,0x741B91,0x741BDC,0x741C0B,0x741C2A,0x741C48,0x741C7D,0x741C88,0x741C8E,0x741CA9,0x741CEF,
  0x741D1C,0x741D3E,0x741D5A,0x741D60,0x741D89,0x741DBE,0x741DD9,0x741E0E,0x741E38,0x741EF3,0x741FD0,0x742052,
  0x7420C7,0x7420F1,0x7420F9,0x742144,0x7421C7,0x742229,0x742271,0x74243F,0x742495,0x742589,0x7425D4,0x7425D8,
  0x7425DE,0x742610,0x742661,0x7426D0,0x74271B,0x742721,0x7427EA,0x74280F,0x742821,0x742848,0x7428D6,0x7428F3,
  0x74292D,0x74297E,0x7429EC,0x742AC5,0x742B2D,0x742B6E,0x742BB6,0x742BE8,0x742C26,0x742C56,0x742CEA,0x742CEF,
  0x742D42,0x742D52,0x742D63,0x742DAE,0x742DD0,0x742DED,0x742DFC,0x742E35,0x742E4A,0x742E55,0x742E5B,0x742E9A,
  0x742EF5,0x742F56,0x742F73,0x742FB6,0x743011,0x7430B1,0x74313F,0x74318C,0x7431E7,0x743287,0x7432E0,0x743326,
  0x74334C,0x743395,0x7433B0,0x7433E3,0x743437,0x74347D,0x7434B1,0x7434E9,0x74352D,0x74356A,0x74364C,0x743670,
  0x743738,0x74373D,0x743742,0x74379D,0x7437B7,0x743818,0x74383E,0x743849,0x743864,0x74388C,0x743890,0x7438EB,
  0x74397D,0x7439B9,0x743A14,0x743AA6,0x743B40,0x743B77,0x743BD2,0x743C14,0x743C48,0x743CA3,0x743D0F,0x743D4F,
  0x743D72,0x743DA9,0x743E6C,0x743EB4,0x743F05,0x743F2F,0x743F6F,0x743F75,0x743FA3,0x743FC2,0x74401C,0x744039,
  0x74403F,0x7440AE,0x7440CB,0x7440D1,0x74410F,0x74414D,0x7441AC,0x7441E0,0x74420D,0x744229,0x744246,0x74426B,
  0x744271,0x744295,0x7442B2,0x7442CF,0x7442F4,0x744310,0x744375,0x744379,0x7443BA,0x7443C0,0x7443FB,0x744401,
  0x744451,0x744457,0x744497,0x74449D,0x7444D7,0x7444DD,0x74451B,0x744521,0x744572,0x74458E,0x7445AF,0x7445B5,
  0x7445FD,0x744603,0x74464E,0x74466A,0x744670,0x744698,0x74469E,0x7446C0,0x7446C6,0x7446FD,0x74471A,0x744720,
  0x744742,0x744748,0x744777,0x74477D,0x7447AC,0x7447B2,0x7447D3,0x7447D9,0x7447FA,0x744800,0x744818,0x74481E,
  0x744836,0x74483C,0x744859,0x74485F,0x74487B,0x744897,0x7448B3,0x7448D8,0x7448DE,0x7448FB,0x744901,0x744926,
  0x74492C,0x744948,0x744964,0x744980,0x74499C,0x7449B8,0x7449D4,0x7449F9,0x7449FF,0x744A1C,0x744A22,0x744A43,
  0x744A49,0x744A78,0x744A7E,0x744A96,0x744AAA,0x744B25,0x744B55,0x744B71,0x744D52,0x744D6E,0x744FE6,0x745002,
  0x74512A,0x745146,0x74515D,0x745223,0x74523F,0x7452B2,0x7452CE,0x745471,0x74548D,0x7455B4,0x7455D0,0x7456A5,
  0x7456C1,0x7456DD,0x74576A,0x7457DF,0x7458EC,0x745901,0x745991,0x7459B7,0x745A64,0x745B3F,0x745BFE,0x745C34,
  0x745C50,0x745C6C,0x745EF1,0x745F9F,0x745FBB,0x746058,0x746168,0x74616C,0x7463E8,0x746783,0x7468D5,0x74697A,
  0x746A99,0x746AFE,0x746C2A,0x746C69,0x746DB6,0x7471CF,0x747582,0x7475AC,0x7475D6,0x7475F2,0x7476CE,0x74771D,
  0x747723,0x747944,0x747993,0x747999,0x7479B7,0x747A3A,0x747A86,0x747AE2,0x747AFE,0x747B4F,0x747C37,0x747CD1,
  0x747D04,0x747DFD,0x747EAA,0x747EF4,0x748230,0x748318,0x748348,0x748418,0x748590,0x7485E3,0x748650,0x748676,
  0x74868F,0x7486A8,0x7486C1,0x7486DA,0x7486DF,0x7486F7,0x7486FD,0x74898B,0x7489B6,0x748A60,0x748AF6,0x748B14,
  0x748C0B,0x748D8A,0x748E46,0x74933F,0x749344,0x74943C,0x749497,0x74949C,0x7494D8,0x74952D,0x749593,0x7495F9,
  0x749628,0x749693,0x7497FA,0x74983C,0x749898,0x7498EA,0x749938,0x749966,0x7499EE,0x749A3E,0x749D46,0x74A29F,
  0x74A33C,0x74A3E2,0x74A49B,0x74A4EE,0x74A594,0x74AC07,0x74AC0C,0x74ACAD,0x74AD8E,0x74AF91,0x74AFED,0x74B1B2,
  0x74B1B7,0x74B1D6,0x74B6F2,0x74B716,0x74B77D,0x74B800,0x74B85F,0x74B9BB,0x74B9E0,0x74B9FC,0x74BA18,0x74BAB6,
  0x74BAE4,0x74BB00,0x74BB46,0x74BB62,0x74BB7E,0x74BB9A,0x74BD02,0x74BD43,0x74BD6D,0x74BEBA,0x74BEE7,0x74BF4F,
  0x74C1E8,0x74C250,0x74C258,0x74C4A7,0x74C8BE,0x74C911,0x74C9FF,0x74CABC,0x74CB2F,0x74CB33,0x74CB46,0x74CB4C,
  0x74CBBD,0x74CD94,0x74CE5D,0x74CED6,0x74D25D,0x74D326,0x74D3F4,0x74D433,0x74D46D,0x74D68C,0x74D6EA,0x74D7C7,
  0x74D826,0x74D892,0x74D8EF,0x74D9CE,0x74DA04,0x74DA10,0x74DA73,0x74DA8F,0x74DAAB,0x74DADA,0x74E083,0x74E151,
  0x74E259,0x74E328,0x74E381,0x74E3E7,0x74E48A,0x74E53F,0x74E594,0x74E6CE,0x74E9DD,0x74EB5C,0x74ECD9,0x74EE36,
  0x74EF4B,0x74F21A,0x74F594,0x74F599,0x74F872,0x74F88C,0x74FA18,0x74FC9B,0x74FD39,0x74FF49,0x750073,0x750512,
  0x75057C,0x75060F,0x75066F,0x75070F,0x750998,0x7509AF,0x750AE7,0x750B58,0x750B75,0x750C8B,0x750D7F,0x750E99,
  0x750FBE,0x7510D0,0x7510EC,0x7515E1,0x751716,0x751777,0x75187A,0x7518D8,0x751A28,0x751A8A,0x751B50,0x751BB7,
  0x751BCE,0x751BE5,0x751CC5,0x751D34,0x751DA9,0x751DFC,0x751E3A,0x751E97,0x751F01,0x75232A,0x75232F,0x75277F,
  0x752B0F,0x752B73,0x752BF4,0x752C33,0x752C4D,0x752DC7,0x752E33,0x752F09,0x752FAC,0x75307D,0x75315B,0x753200,
  0x753260,0x753266,0x75326E,0x753295,0x753456,0x75345E,0x753500,0x7536DD,0x753755,0x754632,0x75464E,0x7546AA,
  0x7546DD,0x7547D5,0x75491F,0x7549D7,0x754A3C,0x754AAA,0x754B18,0x754B8D,0x754C00,0x754C75,0x754CE8,0x754D67,
  0x754DCC,0x754ECC,0x755174,0x75536B,0x7553AB,0x755572,0x755734,0x755798,0x755A20,0x755D01,0x755D78,0x756067,
  0x75620A,0x75638B,0x756452,0x7565C3,0x756651,0x756778,0x7567BA,0x75681A,0x7569BD,0x7569FA,0x756A00,0x756B9A,
  0x756C04,0x756C1F,0x756C45,0x756C59,0x756C70,0x756C87,0x756CA2,0x756CB9,0x756CD7,0x756CEE,0x756D05,0x756D5B,
  0x756D94,0x756DC6,0x756E5C,0x756E90,0x756F76,0x75702E,0x75706D,0x75714E,0x7571A7,0x7571D2,0x7572B3,0x7572FA,
  0x7573E6,0x757419,0x75748C,0x7574F8,0x75754C,0x7575A0,0x7575F4,0x757645,0x757685,0x7576A4,0x7576F9,0x757701,
  0x75771D,0x7577A3,0x7577BA,0x7577D1,0x75781B,0x757859,0x757891,0x7578A9,0x757908,0x757917,0x757920,0x757937,
  0x757963,0x75798F,0x7579C8,0x757A24,0x757A81,0x757AB8,0x757AE8,0x757B04,0x757B20,0x757B3C,0x757BA9,0x757BC5,
  0x757BE5,0x757C30,0x757CA0,0x757D01,0x757DC7,0x757EEA,0x757F3A,0x757F56,0x758084,0x75824B,0x758267,0x7583B0,
  0x7583CC,0x75863D,0x758659,0x7586BB,0x758AB1,0x758AF2,0x758B62,0x758B68,0x758C10,0x758C6F,0x758C92,0x758CBF,
  0x758D21,0x758D83,0x758DE5,0x758E47,0x758ECB,0x758F1D,0x758F46,0x758F7C,0x759158,0x759194,0x7592E1,0x7593A4,
  0x759467,0x75950A,0x75953F,0x7595A0,0x759601,0x759646,0x75968D,0x75972A,0x759775,0x7597AD,0x7597E4,0x7597E9,
  0x7598B7,0x7598DD,0x759903,0x75991F,0x759957,0x759986,0x7599EA,0x759A1C,0x759A4E,0x759A6C,0x759B84,0x759C9C,
  0x759D1F,0x759D77,0x759E08,0x759E24,0x759E98,0x759FDA,0x75A243,0x75A344,0x75A3D8,0x75A424,0x75A437,0x75A448,
  0x75A46E,0x75A485,0x75A4BE,0x75A4DA,0x75A4F4,0x75A544,0x75A5BC,0x75A646,0x75A67F,0x75A741,0x75A75E,0x75A79E,
  0x75A7CB,0x75A825,0x75A860,0x75A89E,0x75A8C0,0x75A8FB,0x75A924,0x75A968,0x75A99D,0x75AA42,0x75AA7A,0x75AAA3,
  0x75AAEC,0x75AB30,0x75AB61,0x75ABF8,0x75AD23,0x75AD60,0x75ADA2,0x75ADF8,0x75AE0C,0x75AE14,0x75AEEA,0x75AEFA,
  0x75B1BF,0x75B23B,0x75B24F,0x75B29E,0x75B2BA,0x75B2D5,0x75B323,0x75B357,0x75B390,0x75B3AE,0x75B3DC,0x75B40E,
  0x75B4BA,0x75B554,0x75B561,0x75B641,0x75B666,0x75B6D3,0x75B746,0x75B756,0x75B772,0x75B790,0x75B7BB,0x75B8CC,
  0x75B923,0x75B98E,0x75B99D,0x75BA17,0x75BA1D,0x75BB8F,0x75BCD9,0x75BD17,0x75BD62,0x75BDC2,0x75BE1C,0x75BE66,
  0x75C02D,0x75C1A9,0x75C461,0x75C50D,0x75C523,0x75C550,0x75C5CD,0x75C5D2,0x75C70E,0x75C74D,0x75C772,0x75C78E,
  0x75C7AE,0x75CA97,0x75CAA4,0x75CAA9,0x75CB37,0x75CBA5,0x75CBB9,0x75CBE5,0x75CC13,0x75CC3E,0x75CCE7,0x75CD15,
  0x75CD39,0x75CD73,0x75CD7A,0x75CDC4,0x75CDE9,0x75CDFC,0x75CE21,0x75CE47,0x75CE90,0x75CECD,0x75CEFC,0x75CF21,
  0x75D045,0x75D082,0x75D0B9,0x75D0F8,0x75D137,0x75D176,0x75D1DC,0x75D22E,0x75D324,0x75D366,0x75D3BC,0x75D3E9,
  0x75D445,0x75D491,0x75D4D0,0x75D516,0x75D7BD,0x75D92D,0x75D972,0x75D9B1,0x75D9CA,0x75D9EB,0x75D9F8,0x75DA12,
  0x75DA2F,0x75DA90,0x75DAC2,0x75DAFC,0x75DB34,0x75DB7B,0x75DBB9,0x75DC29,0x75DCF4,0x75DDD7,0x75DE01,0x75DF26,
  0x75E030,0x75E0B2,0x75E1B7,0x75E1D3,0x75E3B7,0x75E43C,0x75E4DF,0x75E5CC,0x75E600,0x75E633,0x75E660,0x75E6E5,
  0x75E707,0x75E738,0x75E762,0x75E793,0x75E819,0x75E83E,0x75E86E,0x75E88A,0x75E8A4,0x75E8C2,0x75E956,0x75E9AF,
  0x75EA6B,0x75EADE,0x75EB32,0x75EB9C,0x75EBB8,0x75ED23,0x75ED5D,0x75EDBF,0x75EDD6,0x75EE49,0x75EE52,0x75EE73,
  0x75EE7C,0x75EE98,0x75EF3E,0x75EFB2,0x75EFB7,0x75EFDE,0x75F040,0x75F053,0x75F0CA,0x75F0E6,0x75F107,0x75F167,
  0x75F172,0x75F19E,0x75F1AC,0x75F1C8,0x75F1D7,0x75F241,0x75F249,0x75F26E,0x75F2DB,0x75F2EE,0x75F312,0x75F31A,
  0x75F362,0x75F3CF,0x75F4B5,0x75F592,0x75F5A1,0x75F630,0x75F6D0,0x75F717,0x75F784,0x75F88A,0x75F899,0x75F92D,
  0x75F94E,0x75F9E6,0x75FA36,0x75FAA9,0x75FBA0,0x75FBAF,0x75FC88,0x75FD16,0x75FD97,0x75FDED,0x75FE60,0x75FE6F,
  0x75FEE8,0x75FF72,0x75FF97,0x760004,0x760013,0x760064,0x760297,0x7602C0,0x76032D,0x76060A,0x760691,0x760A1E,
  0x760A2D,0x760AA6,0x760AAE,0x760AD3,0x760B40,0x760E18,0x760E27,0x760E89,0x760EFB,0x760F3E,0x760FB1,0x761076,
  0x761085,0x7610C9,0x76112A,0x761132,0x761157,0x7611C4,0x7612C7,0x761311,0x7613B6,0x761513,0x761664,0x761680,
  0x7616A7,0x76170D,0x76174B,0x761795,0x7617B6,0x7617C5,0x7617E1,0x7617F6,0x761962,0x761996,0x761A56,0x761AFE,
  0x761BA9,0x761BE2,0x761BFE,0x761C0D,0x761CF7,0x761D42,0x761DB5,0x761E4D,0x761E63,0x761ECB,0x761F04,0x761F77,
  0x76205C,0x76206F,0x7620D2,0x7620FC,0x762132,0x7621A5,0x762237,0x76225D,0x76226B,0x76229B,0x762311,0x76238A,
  0x7623FC,0x76246E,0x762551,0x76256A,0x7625A2,0x7625C4,0x7625EC,0x762644,0x76267D,0x7626CB,0x762718,0x76277D,
  0x7627E3,0x762823,0x762842,0x762888,0x7628A9,0x7628CF,0x7628FD,0x76293A,0x762977,0x7629B0,0x762A43,0x762AEE,
  0x762BDF,0x762C65,0x762CE5,0x762DB6,0x762E79,0x7630C3,0x7630FA,0x763127,0x763156,0x76317E,0x7631BD,0x76321E,
  0x76323B,0x763257,0x7632AE,0x7632E1,0x76330A,0x7633E0,0x76341A,0x7634A1,0x763543,0x76379C,0x76392F,0x763D11,
  0x763DAA,0x763E1C,0x763EDF,0x76406F,0x7640C1,0x7640EB,0x764106,0x76411D,0x764123,0x76414E,0x764188,0x7641A2,
  0x76424D,0x764293,0x7642D1,0x7642E8,0x7642FF,0x76431D,0x764358,0x764374,0x76438C,0x7643F9,0x764442,0x764483,
  0x7644EC,0x764530,0x76455D,0x76473F,0x764768,0x7647E9,0x7648FF,0x764952,0x7649C6,0x7649CC,0x764A1D,0x764A76,
  0x764A7C,0x764AD3,0x764AEF,0x764B0B,0x764B27,0x764B43,0x764BB3,0x764BB9,0x764C4D,0x764D3B,0x764D57,0x764D9C,
  0x764DCC,0x764E21,0x764E3D,0x764E88,0x7651B1,0x7654A8,0x76550F,0x765522,0x765565,0x765598,0x765710,0x76573F,
  0x76578C,0x76579D,0x765819,0x7658C3,0x765945,0x765972,0x765A1A,0x765A4B,0x765B12,0x765BF6,0x765E00,0x765E44,
  0x765EC0,0x765EED,0x765F31,0x766173,0x7661A3,0x766603,0x766689,0x7666B2,0x7666DB,0x7666FF,0x766718,0x766F05,
  0x766F3D,0x766F7F,0x767800,0x767A66,0x767B0E,0x767DF1,0x767E36,0x767EB7,0x768198,0x7681BB,0x7681E8,0x76821C,
  0x768246,0x768276,0x768286,0x7682E1,0x768326,0x768336,0x7683B8,0x76848F,0x7684F8,0x76879E,0x7687EB,0x768832,
  0x768AA7,0x768AE9,0x769029,0x76913B,0x7691AB,0x7691CC,0x7691F7,0x7691FD,0x769239,0x76923F,0x769263,0x769269,
  0x769291,0x769297,0x7692DA,0x769302,0x769308,0x769335,0x769440,0x769446,0x769451,0x7694CC,0x7694D2,0x769521,
  0x769569,0x76958A,0x7695A7,0x7695BC,0x7695C2,0x769A9D,0x769AB9,0x769AEC,0x769B1F,0x769B25,0x769B6E,0x769B74,
  0x769BA6,0x769BAC,0x769C20,0x769C2B,0x769C31,0x769C70,0x769C97,0x769CA8,0x769CD2,0x769CFC,0x769D0C,0x769D24,
  0x769D9B,0x769DA1,0x769DE1,0x769E50,0x769E8F,0x769EA0,0x769EA5,0x769F24,0x769F95,0x769F9A,0x769F9F,0x769FF7,
  0x76A04A,0x76A09D,0x76A0E6,0x76A139,0x76A1F5,0x76A247,0x76A252,0x76A28D,0x76A2B8,0x76A312,0x76A320,0x76A451,
  0x76A496,0x76A5C7,0x76A645,0x76A661,0x76A67D,0x76A6C6,0x76A6CC,0x76A7EE,0x76A80A,0x76A933,0x76A9CB,0x76AB4E,
  0x76ABC1,0x76AC9F,0x76AD1D,0x76AE06,0x76AED0,0x76AF56,0x76AFA6,0x76B033,0x76B0A2,0x76B0B0,0x76B14A,0x76B228,
  0x76B2A6,0x76B2E5,0x76B301,0x76B453,0x76B48C,0x76B491,0x76B543,0x76B559,0x76B56B,0x76B668,0x76BA8B,0x76BB41,
  0x76BC7D,0x76C087,0x76C1C2,0x76C259,0x76C3FA,0x76C479,0x76C528,0x76C617,0x76C712,0x76C84D,0x76C8A7,0x76C96B,
  0x76CAF1,0x76CB49,0x76CB71,0x76CDFB,0x76D3B1,0x76D40F,0x76D593,0x76D5D8,0x76D5DE,0x76D659,0x76D778,0x76D84B,
  0x76D995,0x76DB0E,0x76DF1D,0x76E154,0x76E3AF,0x76E3CB,0x76E5B3,0x76E5C1,0x76E757,0x76E8B0,0x76E90A,0x76E9A1,
  0x76E9AE,0x76EBA1,0x76EBEA,0x76EC18,0x76EC79,0x76ED16,0x76ED57,0x76EDA7,0x76EEC1,0x76F037,0x76F115,0x76F426,
  0x76F466,0x76F518,0x76F577,0x76F5A9,0x76F5DB,0x76F774,0x76F92C,0x76F972,0x76F9B8,0x76F9E1,0x76F9FF,0x76FA2A,
  0x76FA59,0x76FA88,0x76FAB7,0x76FB3F,0x76FB64,0x76FB89,0x76FBFB,0x76FC86,0x76FCBF,0x76FD04,0x76FD74,0x76FDA1,
  0x76FDCF,0x76FE16,0x76FE81,0x76FEB5,0x76FEED,0x76FF12,0x76FF27,0x76FF65,0x76FFA0,0x76FFCC,0x76FFDF,0x76FFF0,
  0x77005F,0x7706AE,0x7706EC,0x7707ED,0x770884,0x77088A,0x770917,0x77097E,0x770B92,0x770C10,0x770C2C,0x770CA5,
  0x770D27,0x770D9A,0x770E06,0x770E72,0x770EDE,0x770F43,0x770FA8,0x77100D,0x771072,0x7710D7,0x77113C,0x7711AF,
  0x77122F,0x7712AF,0x77131B,0x771380,0x7713EE,0x77145C,0x7714C1,0x771526,0x77158B,0x7715F0,0x771655,0x7716C1,
  0x771726,0x771790,0x771805,0x771873,0x7718E1,0x77194F,0x7719CD,0x771A36,0x771A7D,0x771ACE,0x771C3D,0x771D24,
  0x771D7C,0x771E1E,0x771E7D,0x771EEB,0x771F49,0x77208A,0x772230,0x772259,0x77229A,0x7723B4,0x7723E6,0x77241C,
  0x772452,0x772488,0x7724BE,0x77253D,0x772573,0x7725DF,0x7726F5,0x772736,0x772777,0x7727B8,0x7727F9,0x77283D,
  0x77287A,0x7729A6,0x7729EE,0x77348C,0x7747DE,0x774867,0x774897,0x77492A,0x774E2F,0x774EDF,0x774F2B,0x774F4A,
  0x774F9C,0x774FD0,0x775014,0x77503B,0x775062,0x7750CE,0x7750E0,0x7750F1,0x775133,0x77520C,0x775239,0x775266,
  0x77528F,0x7752BD,0x7752F5,0x77532D,0x7753B3,0x7753CA,0x77542A,0x775430,0x77547F,0x7754F2,0x77559F,0x7755E6,
  0x77567E,0x7756B7,0x7756D3,0x775715,0x775728,0x775771,0x775777,0x77579B,0x775804,0x775820,0x77585D,0x775AFB,
  0x775B60,0x775B7C,0x775BD1,0x775C56,0x775D6F,0x775EB4,0x775ED0,0x775FFF,0x77600A,0x776023,0x776068,0x77606E,
  0x77607C,0x776081,0x7760B7,0x776117,0x7761DD,0x7761ED,0x776213,0x776243,0x776278,0x776294,0x7765EC,0x77661E,
  0x7766C4,0x7766DD,0x77670A,0x776759,0x7767A9,0x776B50,0x776C7D,0x776E23,0x776E3D,0x776F03,0x7770A2,0x77730B,
  0x777310,0x7779E3,0x777BC6,0x777D14,0x777D30,0x777DAE,0x777E32,0x777E54,0x777ED7,0x777F5C,0x777F76,0x777F9F,
  0x778176,0x77824E,0x778413,0x778C77,0x778C93,0x778CFF,0x778D39,0x778D70,0x778E1C,0x778E37,0x778E57,0x778E5D,
  0x778EA0,0x778EB8,0x778EDF,0x778EFB,0x778F3A,0x778F6C,0x778F8C,0x77907A,0x779173,0x7792BC,0x77948E,0x779544,
  0x7798D5,0x779A21,0x779A3D,0x77A91B,0x77B011,0x77B229,0x77D228,0x77D251,0x77D2E9,0x77D3A0,0x77D423,0x77D5E1,
  0x77D627,0x77D695,0x77D722,0x77D7C1,0x77D86C,0x77D8C8,0x77D8FC,0x77DA3B,0x77DA7A,0x77DAE3,0x77DBA5,0x77DC62,
  0x77DC91,0x77DE6F,0x77DEE3,0x77DEFD,0x77DF32,0x77DF5D,0x77DF78,0x77DFE8,0x77DFEE,0x77E033,0x77E088,0x77E143,
  0x77E15F,0x77E194,0x77E1B0,0x77E1CD,0x77E1E9,0x77E206,0x77E275,0x77E29A,0x77E81F,0x77EA03,0x77EF5C,0x77F03B,
  0x77F3D6,0x77F4FB,0x77F51C,0x77F52C,0x77F574,0x77F66B,0x77F84E,0x77F9E3,0x77FB6D,0x77FDF0,0x7800BB,0x7800DC,
  0x7800EC,0x78010E,0x780114,0x78012F,0x780172,0x780298,0x7802FA,0x780303,0x78036E,0x7803B6,0x780417,0x780506,
  0x780524,0x780576,0x780614,0x780680,0x780687,0x7806FA,0x780713,0x7807DC,0x780863,0x7808AB,0x7808DB,0x7808FD,
  0x780AD3,0x780B72,0x780C11,0x780C2F,0x780C46,0x780C64,0x780C9F,0x780D22,0x780D9F,0x780DD4,0x780F9E,0x780FEF,
  0x78100E,0x7810BC,0x781298,0x7812B2,0x78131E,0x78138B,0x7813FF,0x78142F,0x78173F,0x78174D,0x781792,0x781801,
  0x781861,0x781870,0x781992,0x78199B,0x7819A2,0x7819BC,0x7819EC,0x781A2F,0x781A68,0x781A85,0x781B17,0x781BD4,
  0x781C15,0x781C27,0x781C4D,0x781C72,0x781C9F,0x781D63,0x781D95,0x781DF8,0x781E39,0x781E6E,0x781FAF,0x782214,
  0x782326,0x78238C,0x782409,0x7824C6,0x7824FD,0x7826E9,0x7826F6,0x782764,0x782774,0x7827C8,0x782865,0x782982,
  0x782A0C,0x782AA4,0x782BBD,0x782BEE,0x782C13,0x782C56,0x782CA0,0x782CDC,0x782DD9,0x782F5E,0x782F77,0x782FAC,
  0x782FF4,0x783106,0x78311E,0x783136,0x783196,0x783218,0x783267,0x78328B,0x7832A8,0x7832D2,0x7832EF,0x78331C,
  0x783399,0x7833CE,0x7833F0,0x783419,0x7834A1,0x783527,0x78355F,0x78368A,0x7836A3,0x7836C0,0x78375F,0x78377B,
  0x7837CE,0x78385B,0x78389F,0x78393A,0x78395F,0x78397E,0x783983,0x7839D1,0x7839FE,0x783A24,0x783A49,0x783A78,
  0x783AFD,0x783B1A,0x783B8A,0x783BF7,0x783DE5,0x783E0A,0x783E3D,0x783E4E,0x783E5A,0x783E69,0x784063,0x784096,
  0x784148,0x784166,0x78419D,0x784208,0x78421D,0x78422A,0x784255,0x784290,0x7842B6,0x7842CD,0x7842D5,0x7842DC,
  0x7842F2,0x784316,0x78431D,0x78432A,0x784337,0x78433E,0x784345,0x784352,0x78436E,0x7843B3,0x78441C,0x784525,
  0x78452D,0x784552,0x78457F,0x7845AC,0x7845D9,0x784606,0x784633,0x784690,0x7846D5,0x7846EE,0x784717,0x78474B,
  0x784769,0x7847A0,0x7847F9,0x78486F,0x7848CD,0x784944,0x784979,0x7849DA,0x784AA9,0x784B58,0x784C9C,0x784CB4,
  0x784D76,0x784DAE,0x784DB6,0x784DEB,0x784E14,0x784E3D,0x784E66,0x784E8F,0x784EB8,0x784EE1,0x784F1A,0x784F37,
  0x784FBF,0x784FFF,0x785021,0x78504E,0x78508B,0x7850A8,0x78512C,0x785168,0x785197,0x78528D,0x7852D1,0x785405,
  0x78552C,0x785649,0x785665,0x78569C,0x7856D4,0x78570C,0x785744,0x78577C,0x7857B4,0x7857DE,0x78581C,0x785851,
  0x785888,0x7858A6,0x7858C8,0x7858E6,0x785913,0x785959,0x785979,0x7859B0,0x7859CD,0x785B26,0x785B2C,0x785B33,
  0x785B3A,0x785B41,0x785B5D,0x785BAC,0x785C1F,0x785C3E,0x785D92,0x785DC6,0x785E01,0x785E2A,0x785E6E,0x785EA3,
  0x785ED8,0x785F12,0x785F85,0x78600D,0x786080,0x786106,0x786128,0x78614A,0x786259,0x78628B,0x7862C3,0x7862EC,
  0x786315,0x78632C,0x786375,0x7863B0,0x7863E0,0x786423,0x786458,0x7864CB,0x7865F1,0x786679,0x7866FF,0x7867C2,
  0x7868B0,0x786927,0x786A39,0x786A81,0x786ABE,0x786AE7,0x786DD9,0x786E3B,0x7871C4,0x7871FC,0x787246,0x7872AC,
  0x7872D5,0x7872F2,0x787336,0x78745C,0x787751,0x78778F,0x7877E4,0x7877F8,0x78786B,0x7878E3,0x78795B,0x787999,
  0x787A96,0x787C09,0x787CFD,0x787D74,0x787F1C,0x787F3A,0x787F96,0x787FFA,0x788018,0x788050,0x788069,0x7880ED,
  0x78810A,0x788153,0x788175,0x78827A,0x7882F0,0x788374,0x788392,0x78844A,0x788558,0x78855C,0x788566,0x78856D,
  0x788572,0x788579,0x788580,0x788585,0x788598,0x7885A6,0x7885AD,0x7885BA,0x7885C2,0x7885F6,0x788611,0x788645,
  0x788660,0x78867B,0x7886AF,0x7886CA,0x7886FE,0x788735,0x788753,0x788764,0x788776,0x788794,0x7887FD,0x788955,
  0x78898A,0x788BAF,0x789004,0x789393,0x78941A,0x78965A,0x789691,0x789723,0x7898F8,0x789914,0x78994B,0x789994,
  0x789A03,0x789A76,0x789B06,0x789B28,0x789B9B,0x789C2B,0x789C42,0x789DE0,0x789F03,0x789F5E,0x789FF3,0x78A19E,
  0x78A1B9,0x78A1FE,0x78A26A,0x78A30E,0x78A34F,0x78A398,0x78A3BA,0x78A3E3,0x78A4A6,0x78A594,0x78A6B6,0x78A6F8,
  0x78A730,0x78AA2A,0x78AA83,0x78AAA0,0x78AAE3,0x78AAFF,0x78AB31,0x78ABD1,0x78AC1F,0x78ACDE,0x78AD41,0x78AD5C,
  0x78AD77,0x78AD92,0x78ADAD,0x78ADC8,0x78AE56,0x78AE8A,0x78AE99,0x78AFC8,0x78B099,0x78B10B,0x78B12F,0x78B150,
  0x78B193,0x78B1BC,0x78B1E5,0x78B221,0x78B2A4,0x78B327,0x78B382,0x78B3B2,0x78B3F4,0x78B42B,0x78B47F,0x78B4A8,
  0x78B4F3,0x78B53E,0x78B582,0x78B5B3,0x78B5E7,0x78B635,0x78B699,0x78B709,0x78B726,0x78B886,0x78B8FF,0x78B945,
  0x78B9CD,0x78BAC7,0x78BBEF,0x78BC1E,0x78BCEF,0x78BD54,0x78BD7A,0x78BDA5,0x78BDE3,0x78BE28,0x78BE86,0x78BFF0,
  0x78C01D,0x78C038,0x78C056,0x78C074,0x78C092,0x78C0B0,0x78C0CE,0x78C0EC,0x78C173,0x78C191,0x78C1BE,0x78C259,
  0x78C291,0x78C2D3,0x78C2FC,0x78C329,0x78C4BE,0x78C4F0,0x78C556,0x78C5D9,0x78C5F9,0x78C68E,0x78C77A,0x78CB0C,
  0x78CB63,0x78CBEF,0x78CC38,0x78CC5A,0x78CEF0,0x78CF35,0x78CF51,0x78D098,0x78D32A,0x78D4E6,0x78D56E,0x78D6A9,
  0x78D7FD,0x78D9DA,0x78D9F0,0x78DD79,0x78DF71,0x78E0F1,0x78E16F,0x78E80C,0x78F60F,0x78F624,0x78F656,0x78F6EB,
  0x78F77F,0x78F816,0x78F867,0x78F8C9,0x78F903,0x78F96A,0x78FB25,0x78FB52,0x790020,0x790251,0x790278,0x790295,
  0x7902BE,0x790327,0x79037E,0x790401,0x7904B3,0x790531,0x7907F1,0x790806,0x79082D,0x7908A2,0x790A89,0x790ABB,
  0x79120E,0x79192E,0x791D01,0x79248A,0x7924DB,0x792559,0x79261A,0x79295E,0x792973,0x792997,0x792A41,0x792A69,
  0x792AFF,0x792B69,0x792C1F,0x792C64,0x792C6A,0x792C85,0x792CD4,0x792DA1,0x792DBD,0x79308D,0x793113,0x793224,
  0x793372,0x79350E,0x7937A7,0x793802,0x793808,0x79384D,0x7938BC,0x7938D8,0x79393E,0x793971,0x7939DF,0x793A2A,
  0x793A6E,0x793D57,0x793D9C,0x793DB9,0x793E33,0x793E64,0x793ECB,0x7940A6,0x7940E8,0x794311,0x794353,0x794370,
  0x794378,0x7943F9,0x794444,0x79445E,0x7944C3,0x7944F5,0x79452B,0x794562,0x794594,0x7945C6,0x79462A,0x794683,
  0x79468B,0x794996,0x794C63,0x794F38,0x79510D,0x795126,0x79515A,0x79517E,0x7951AA,0x7951D2,0x795205,0x795221,
  0x79567D,0x7956EB,0x7957A0,0x79586E,0x7960F0,0x796117,0x79634E,0x796576,0x796631,0x79664F,0x7966BB,0x796810,
  0x796A41,0x796D37,0x797465,0x79774B,0x797796,0x797A1E,0x797A4B,0x797A80,0x797A96,0x797AC1,0x797B06,0x797B63,
  0x797B6D,0x797BAA,0x797BCF,0x797BEF,0x797C40,0x797CA7,0x797CEC,0x797CF2,0x797D86,0x797E22,0x797E54,0x797E8D,
  0x797EAC,0x797ED7,0x797EF9,0x797F7A,0x797FA3,0x797FDD,0x798026,0x798057,0x798177,0x7981A4,0x7981D1,0x798203,
  0x798238,0x7982A5,0x7982DF,0x798301,0x798344,0x798397,0x7983E3,0x798493,0x7985AA,0x7985D3,0x7985FC,0x798620,
  0x798644,0x798671,0x79869E,0x7986C4,0x7986E9,0x798706,0x79872C,0x798751,0x79876E,0x79878B,0x7987C4,0x7987EE,
  0x798C01,0x798DAD,0x798DDE,0x798E16,0x798E4E,0x798E72,0x798EAD,0x798F2B,0x798F70,0x799021,0x799039,0x7990D9,
  0x799157,0x79935E,0x799440,0x7995FB,0x799679,0x79969F,0x7996D3,0x79974C,0x79978E,0x7997D0,0x7997E7,0x79986B,
  0x7998FF,0x79993D,0x7999E2,0x799ACB,0x799C6A,0x799CA5,0x799D0A,0x799E3F,0x799F0F,0x79A017,0x79A09D,0x79A0ED,
  0x79A1A8,0x79A1DD,0x79A1FF,0x79A237,0x79A37D,0x79A3D9,0x79A472,0x79A518,0x79A5EC,0x79A648,0x79A688,0x79A784,
  0x79A7AD,0x79A879,0x79A901,0x79AA4A,0x79AA54,0x79AA5C,0x79AAA1,0x79AAA7,0x79AB88,0x79AC19,0x79ADE9,0x79B0F1,
  0x79B374,0x79B389,0x79B3C4,0x79B68F,0x79B757,0x79B7A2,0x79B7DA,0x79B865,0x79B881,0x79B903,0x79B98B,0x79B9D6,
  0x79BC4C,0x79BC8B,0x79BCDE,0x79BD11,0x79BD2F,0x79BE6A,0x79C17D,0x79C265,0x79C3C4,0x79C3DA,0x79C48C,0x79C543,
  0x79C6CA,0x79C6E6,0x79C761,0x79C78C,0x79C9AA,0x79C9E1,0x79CA18,0x79CA81,0x79CB47,0x79CCF2,0x79CDA1,0x79CF2A,
  0x79D102,0x79D11D,0x79D12A,0x79D141,0x79D1BA,0x79D1C2,0x79D1DB,0x79D201,0x79D229,0x79D274,0x79D2CD,0x79D2D7,
  0x79D311,0x79D31C,0x79D322,0x79D34E,0x79D393,0x79D3B0,0x79D3DA,0x79D478,0x79D494,0x79D4B9,0x79D4E6,0x79D5E7,
  0x79D60F,0x79D62B,0x79D663,0x79D68D,0x79D700,0x79D717,0x79D72A,0x79D745,0x79D764,0x79D76D,0x79D7AD,0x79D7E5,
  0x79D804,0x79D833,0x79D8BB,0x79D8EF,0x79DA0A,0x79DA66,0x79DA9D,0x79DB50,0x79DB6B,0x79DB86,0x79DBA1,0x79DBC6,
  0x79DC0C,0x79DC27,0x79DC36,0x79DC49,0x79DC5D,0x79DC67,0x79DC74,0x79DC87,0x79DC91,0x79DC9E,0x79DCAB,0x79DCB3,
  0x79DCCB,0x79DCE9,0x79DD01,0x79DD19,0x79DD3B,0x79DD41,0x79DDB1,0x79DDFD,0x79DE25,0x79DE5E,0x79DE90,0x79DF02,
  0x79DF0E,0x79DF53,0x79DF70,0x79DF8D,0x79DFA8,0x79DFC2,0x79DFFA,0x79E175,0x79E1E8,0x79E28B,0x79E2A8,0x79E3A8,
  0x79E3D6,0x79E3ED,0x79E404,0x79E44C,0x79E463,0x79E47A,0x79E4D8,0x79E535,0x79E598,0x79E60C,0x79E664,0x79E6A3,
  0x79E6D6,0x79E790,0x79E7C8,0x79E8B9,0x79E8BF,0x79E928,0x79EA0A,0x79EAF4,0x79EB10,0x79ECB8,0x79ECCB,0x79EFF4,
  0x79F0E1,0x79F303,0x79F430,0x79F486,0x79F60E,0x79F683,0x79F6E3,0x79F704,0x79F922,0x79F99B,0x79F9B6,0x79F9D0,
  0x79F9E7,0x79FA28,0x79FA5C,0x79FA7F,0x79FAA2,0x79FADA,0x79FB50,0x79FB68,0x79FCAB,0x79FCD4,0x79FCE1,0x79FCEE,
  0x79FCFB,0x79FD08,0x79FD10,0x79FD4D,0x79FD68,0x79FD6F,0x79FD7B,0x79FDE0,0x79FDEA,0x79FE29,0x79FE5A,0x79FE73,
  0x79FEAF,0x79FED3,0x79FF18,0x79FF7D,0x79FFE2,0x7A0021,0x7A0060,0x7A0086,0x7A00B0,0x7A00C6,0x7A00DA,0x7A0141,
  0x7A02E1,0x7A03AB,0x7A03E8,0x7A0440,0x7A04BC,0x7A051A,0x7A0555,0x7A05A0,0x7A05FD,0x7A0626,0x7A065F,0x7A06D6,
  0x7A0756,0x7A075A,0x7A07D8,0x7A0830,0x7A089B,0x7A0908,0x7A090C,0x7A0956,0x7A09E4,0x7A0A71,0x7A0B21,0x7A0B9C,
  0x7A0C17,0x7A0CDC,0x7A0D81,0x7A0E21,0x7A0ECD,0x7A0F74,0x7A0FE5,0x7A1080,0x7A1106,0x7A1129,0x7A11FF,0x7A1213,
  0x7A127C,0x7A12B5,0x7A12E4,0x7A12F4,0x7A1365,0x7A138B,0x7A13B1,0x7A13DB,0x7A1408,0x7A14A0,0x7A14EE,0x7A159B,
  0x7A15D7,0x7A15F2,0x7A1628,0x7A1714,0x7A172D,0x7A1759,0x7A1814,0x7A184C,0x7A18A7,0x7A18D7,0x7A191C,0x7A195C,
  0x7A19AB,0x7A19EF,0x7A1A29,0x7A1A81,0x7A1AC1,0x7A1B01,0x7A1B37,0x7A1BCF,0x7A1C0D,0x7A1C37,0x7A1C4D,0x7A1C5E,
  0x7A1C82,0x7A1CA6,0x7A1CC3,0x7A1D1C,0x7A1D4D,0x7A1D8B,0x7A1E1F,0x7A1EB9,0x7A1EEE,0x7A1F32,0x7A1FB1,0x7A2004,
  0x7A2045,0x7A207B,0x7A208C,0x7A2589,0x7A267D,0x7A289C,0x7A28D4,0x7A28FC,0x7A2919,0x7A2941,0x7A2963,0x7A2999,
  0x7A2B50,0x7A2B73,0x7A2BEC,0x7A2C47,0x7A2C96,0x7A3AAC,0x7A3AE5,0x7A3B3D,0x7A3BE3,0x7A3C49,0x7A3D3D,0x7A3DAD,
  0x7A3E36,0x7A3E9B,0x7A3EF5,0x7A3F77,0x7A407A,0x7A408E,0x7A40B5,0x7A41D4,0x7A449F,0x7A4606,0x7A491C,0x7A4AB3,
  0x7A4B93,0x7A4DDE,0x7A4EEB,0x7A4F57,0x7A504B,0x7A5084,0x7A50A9,0x7A50CE,0x7A50EB,0x7A515E,0x7A5188,0x7A51D0,
  0x7A51D6,0x7A5243,0x7A5249,0x7A5251,0x7A527E,0x7A530B,0x7A549A,0x7A54A0,0x7A54BC,0x7A5512,0x7A5568,0x7A5582,
  0x7A559C,0x7A55F5,0x7A569A,0x7A56B6,0x7A5713,0x7A5788,0x7A57E4,0x7A581D,0x7A58B5,0x7A58DB,0x7A58FB,0x7A5963,
  0x7A59CB,0x7A5B03,0x7A5C06,0x7A617E,0x7A61C9,0x7A620D,0x7A6295,0x7A6309,0x7A634B,0x7A655A,0x7A6662,0x7A668E,
  0x7A676D,0x7A678D,0x7A6810,0x7A684B,0x7A69BD,0x7A69E1,0x7A69EA,0x7A69F3,0x7A69F9,0x7A6A01,0x7A6A20,0x7A6A4D,
  0x7A6AC6,0x7A6AE4,0x7A6B24,0x7A6B83,0x7A6B88,0x7A6B9B,0x7A6BB7,0x7A6BD3,0x7A6C24,0x7A6C43,0x7A6C75,0x7A6C91,
  0x7A6E8E,0x7A6FCB,0x7A70CE,0x7A7147,0x7A7184,0x7A73DB,0x7A7483,0x7A7510,0x7A76B0,0x7A76C9,0x7A76CF,0x7A76E6,
  0x7A772B,0x7A777A,0x7A7796,0x7A77EA,0x7A7801,0x7A7868,0x7A787B,0x7A789A,0x7A78A9,0x7A78DC,0x7A7909,0x7A7938,
  0x7A7960,0x7A7A6A,0x7A7A88,0x7A7B47,0x7A7B81,0x7A7D5F,0x7A7D78,0x7A7D7E,0x7A7DB5,0x7A7E0B,0x7A7E25,0x7A7E41,
  0x7A7E60,0x7A7E6F,0x7A7E88,0x7A7EE6,0x7A7F8B,0x7A803C,0x7A8055,0x7A805B,0x7A80B1,0x7A8132,0x7A814E,0x7A81E8,
  0x7A825D,0x7A8293,0x7A82AF,0x7A8368,0x7A872C,0x7A8763,0x7A877B,0x7A8797,0x7A87A4,0x7A880C,0x7A88C4,0x7A88CA,
  0x7A891B,0x7A89AA,0x7A89DD,0x7A89FF,0x7A8A21,0x7A8A43,0x7A8A65,0x7A8A87,0x7A8AA9,0x7A8AE9,0x7A8B29,0x7A8B69,
  0x7A8BA9,0x7A8BE9,0x7A8C29,0x7A8C69,0x7A8C9C,0x7A8CCF,0x7A8D02,0x7A8D35,0x7A8D68,0x7A8D8F,0x7A8DB1,0x7A8DD3,
  0x7A8E06,0x7A8E28,0x7A8E4A,0x7A8E6C,0x7A8E8E,0x7A8EC1,0x7A8EE3,0x7A8F05,0x7A8F27,0x7A8F49,0x7A8F6B,0x7A8F9A,
  0x7A9039,0x7A9058,0x7A909F,0x7A90F6,0x7A90FC,0x7A9104,0x7A912D,0x7A9184,0x7A918A,0x7A91E1,0x7A91E7,0x7A9232,
  0x7A9279,0x7A92D0,0x7A92D6,0x7A9306,0x7A934D,0x7A93A4,0x7A93AA,0x7A93DA,0x7A9431,0x7A9437,0x7A9453,0x7A9475,
  0x7A94F4,0x7A9573,0x7A959E,0x7A95C9,0x7A95F4,0x7A961F,0x7A964A,0x7A9675,0x7A96A0,0x7A96C0,0x7A96C8,0x7A96E8,
  0x7A9708,0x7A9728,0x7A974A,0x7A976C,0x7A978E,0x7A97B0,0x7A97D2,0x7A97F4,0x7A9816,0x7A9838,0x7A983D,0x7A9842,
  0x7A98C1,0x7A9940,0x7A996B,0x7A99EA,0x7A9A69,0x7A9A94,0x7A9B13,0x7A9B92,0x7A9BBD,0x7A9C3C,0x7A9CBB,0x7A9CE6,
  0x7A9D65,0x7A9DE4,0x7A9E0F,0x7A9E3A,0x7A9E65,0x7A9E90,0x7A9EBB,0x7A9EE6,0x7A9F11,0x7A9F3C,0x7A9F67,0x7A9F92,
  0x7A9FBD,0x7A9FE8,0x7AA013,0x7AA03E,0x7AA069,0x7AA094,0x7AA0B4,0x7AA10B,0x7AA162,0x7AA182,0x7AA1D9,0x7AA230,
  0x7AA259,0x7AA2A3,0x7AA2DE,0x7AA30F,0x7AA359,0x7AA3B0,0x7AA407,0x7AA423,0x7AA47A,0x7AA480,0x7AA4D7,0x7AA4DD,
  0x7AA534,0x7AA53A,0x7AA591,0x7AA597,0x7AA5EE,0x7AA5F4,0x7AA63C,0x7AA642,0x7AA64A,0x7AA666,0x7AA6BD,0x7AA6C3,
  0x7AA6CB,0x7AA6E7,0x7AA73E,0x7AA744,0x7AA74C,0x7AA768,0x7AA7B0,0x7AA7B6,0x7AA7D6,0x7AA824,0x7AA856,0x7AA8A4,
  0x7AA8D6,0x7AA924,0x7AA956,0x7AA9A4,0x7AA9D6,0x7AA9F6,0x7AAA16,0x7AAA1E,0x7AAA3E,0x7AAA46,0x7AAA4B,0x7AAA50,
  0x7AAA6C,0x7AAA71,0x7AAA8D,0x7AAB82,0x7AABD3,0x7AAC08,0x7AAC28,0x7AAC48,0x7AAC68,0x7AAC88,0x7AACA8,0x7AACC8,
  0x7AACD0,0x7AACF0,0x7AACF5,0x7AAD15,0x7AAD1A,0x7AAD3A,0x7AAD5A,0x7AAD7A,0x7AAD7F,0x7AAD9F,0x7AADBF,0x7AADDF,
  0x7AADFF,0x7AAE1F,0x7AAE3F,0x7AAE5F,0x7AAE7F,0x7AAE9B,0x7AAEA0,0x7AAEEE,0x7AAF20,0x7AAF6E,0x7AAFA0,0x7AAFEE,
  0x7AB020,0x7AB071,0x7AB0A6,0x7AB0F7,0x7AB12C,0x7AB17A,0x7AB1AC,0x7AB1FA,0x7AB22C,0x7AB27A,0x7AB2AC,0x7AB2FA,
  0x7AB32C,0x7AB37A,0x7AB3AC,0x7AB3FA,0x7AB42C,0x7AB47A,0x7AB4AC,0x7AB4FA,0x7AB52C,0x7AB57A,0x7AB5AC,0x7AB5FA,
  0x7AB62C,0x7AB673,0x7AB689,0x7AB6D0,0x7AB6E6,0x7AB72D,0x7AB743,0x7AB78A,0x7AB7A0,0x7AB7E7,0x7AB7FD,0x7AB84E,
  0x7AB883,0x7AB8D1,0x7AB903,0x7AB924,0x7AB945,0x7AB966,0x7AB987,0x7AB9A8,0x7AB9C9,0x7AB9EA,0x7ABA0B,0x7ABA2C,
  0x7ABA4D,0x7ABA6E,0x7ABA8F,0x7ABAB0,0x7ABAD1,0x7ABAF2,0x7ABB13,0x7ABB34,0x7ABB55,0x7ABB97,0x7ABBB4,0x7ABBDA,
  0x7ABC1A,0x7ABC25,0x7ABC7B,0x7ABC81,0x7ABC86,0x7ABCA2,0x7ABCC7,0x7ABCE3,0x7ABCF7,0x7ABD14,0x7ABD3A,0x7ABD7A,
  0x7ABD85,0x7ABDDB,0x7ABDE1,0x7ABDFE,0x7ABE24,0x7ABE64,0x7ABE6F,0x7ABEC5,0x7ABECB,0x7ABEE8,0x7ABF0E,0x7ABF4E,
  0x7ABF59,0x7ABFAF,0x7ABFB5,0x7ABFBD,0x7ABFC2,0x7AC013,0x7AC06F,0x7AC114,0x7AC130,0x7AC186,0x7AC18C,0x7AC194,
  0x7AC19C,0x7AC1A1,0x7AC1BD,0x7AC1F8,0x7AC1FD,0x7AC21A,0x7AC240,0x7AC280,0x7AC2BA,0x7AC313,0x7AC319,0x7AC321,
  0x7AC329,0x7AC32E,0x7AC344,0x7AC395,0x7AC3F1,0x7AC440,0x7AC45C,0x7AC4B2,0x7AC4B8,0x7AC4C0,0x7AC4C8,0x7AC4E4,
  0x7AC51F,0x7AC53F,0x7AC565,0x7AC5A5,0x7AC5C3,0x7AC5E2,0x7AC621,0x7AC652,0x7AC658,0x7AC660,0x7AC6B9,0x7AC6BF,
  0x7AC6C7,0x7AC6CC,0x7AC6E8,0x7AC705,0x7AC73D,0x7AC75D,0x7AC783,0x7AC7C3,0x7AC7F0,0x7AC82F,0x7AC860,0x7AC868,
  0x7AC86E,0x7AC876,0x7AC892,0x7AC8EE,0x7AC8F4,0x7AC8FC,0x7AC901,0x7AC952,0x7AC9BA,0x7AC9FA,0x7ACA36,0x7ACA67,
  0x7ACA6B,0x7ACA71,0x7ACA79,0x7ACA8F,0x7ACAE8,0x7ACAEE,0x7ACAF6,0x7ACAFB,0x7ACB24,0x7ACB41,0x7ACB67,0x7ACBA7,
  0x7ACC08,0x7ACC21,0x7ACC60,0x7ACC91,0x7ACC95,0x7ACC99,0x7ACC9D,0x7ACCA3,0x7ACCAB,0x7ACD04,0x7ACD0A,0x7ACD12,
  0x7ACD17,0x7ACD34,0x7ACD5A,0x7ACD80,0x7ACDC0,0x7ACE35,0x7ACE71,0x7ACEA2,0x7ACEA8,0x7ACEB0,0x7ACF09,0x7ACF0F,
  0x7ACF17,0x7ACF1C,0x7ACF6D,0x7ACFF4,0x7AD045,0x7AD061,0x7AD09D,0x7AD0CE,0x7AD0D4,0x7AD0DC,0x7AD0E4,0x7AD13D,
  0x7AD143,0x7AD14B,0x7AD153,0x7AD158,0x7AD174,0x7AD19D,0x7AD1B9,0x7AD1BE,0x7AD217,0x7AD23E,0x7AD25E,0x7AD284,
  0x7AD2C4,0x7AD355,0x7AD394,0x7AD3C5,0x7AD3C9,0x7AD3CD,0x7AD3D3,0x7AD3DB,0x7AD3E3,0x7AD43C,0x7AD442,0x7AD44A,
  0x7AD452,0x7AD457,0x7AD45C,0x7AD4AD,0x7AD534,0x7AD58B,0x7AD5C7,0x7AD5F8,0x7AD5FE,0x7AD606,0x7AD65F,0x7AD665,
  0x7AD66D,0x7AD689,0x7AD6A6,0x7AD6CC,0x7AD70C,0x7AD746,0x7AD751,0x7AD7A7,0x7AD7AF,0x7AD800,0x7AD808,0x7AD827,
  0x7AD850,0x7AD86C,0x7AD888,0x7AD8A4,0x7AD8C0,0x7AD8DD,0x7AD903,0x7AD943,0x7AD969,0x7AD9BF,0x7AD9C7,0x7AD9CC,
  0x7ADA1D,0x7ADA3A,0x7ADA60,0x7ADA86,0x7ADAC2,0x7ADAEC,0x7ADAF1,0x7ADAF6,0x7ADB13,0x7ADB39,0x7ADB79,0x7ADBAA,
  0x7ADC00,0x7ADC08,0x7ADC59,0x7ADC76,0x7ADC9C,0x7ADCDC,0x7ADD32,0x7ADD37,0x7ADD88,0x7ADD9E,0x7ADDBB,0x7ADDE1,
  0x7ADE21,0x7ADE36,0x7ADE72,0x7ADEA3,0x7ADEAA,0x7ADEB2,0x7ADEB7,0x7ADF03,0x7ADF34,0x7ADF4A,0x7ADF4F,0x7ADF6B,
  0x7ADF87,0x7ADFD8,0x7AE034,0x7AE070,0x7AE0A1,0x7AE0A9,0x7AE0AE,0x7AE0F9,0x7AE14A,0x7AE1A4,0x7AE1E0,0x7AE211,
  0x7AE219,0x7AE21E,0x7AE283,0x7AE2A0,0x7AE2C6,0x7AE306,0x7AE327,0x7AE363,0x7AE394,0x7AE39C,0x7AE3A1,0x7AE3EC,
  0x7AE43D,0x7AE499,0x7AE4D8,0x7AE514,0x7AE545,0x7AE54D,0x7AE552,0x7AE59D,0x7AE5A2,0x7AE5F6,0x7AE652,0x7AE6EC,
  0x7AE72B,0x7AE75C,0x7AE764,0x7AE769,0x7AE77F,0x7AE79C,0x7AE7C2,0x7AE802,0x7AE842,0x7AE87E,0x7AE8AF,0x7AE8B7,
  0x7AE8BF,0x7AE8C4,0x7AE90F,0x7AE92C,0x7AE952,0x7AE9A4,0x7AE9C2,0x7AE9C8,0x7AE9E7,0x7AEA03,0x7AEA1B,0x7AEA3B,
  0x7AEA61,0x7AEACD,0x7AEAF7,0x7AEAFD,0x7AEB04,0x7AEB21,0x7AEB47,0x7AEB87,0x7AEBA8,0x7AEBAE,0x7AEBCB,0x7AEBF1,
  0x7AEC31,0x7AEC7C,0x7AEC82,0x7AECA1,0x7AECBE,0x7AECE4,0x7AED24,0x7AED39,0x7AED3F,0x7AED5E,0x7AED87,0x7AEDA4,
  0x7AEDCA,0x7AEE10,0x7AEE2B,0x7AEE31,0x7AEE63,0x7AEE80,0x7AEEA6,0x7AEEE6,0x7AEF43,0x7AEF49,0x7AEF66,0x7AEF8C,
  0x7AEFD2,0x7AEFF3,0x7AF080,0x7AF0B7,0x7AF0DD,0x7AF10A,0x7AF130,0x7AF166,0x7AF182,0x7AF1B9,0x7AF1DF,0x7AF20C,
  0x7AF243,0x7AF269,0x7AF296,0x7AF2CD,0x7AF2F3,0x7AF320,0x7AF357,0x7AF37D,0x7AF3DF,0x7AF419,0x7AF43F,0x7AF54F,
  0x7AF586,0x7AF5AC,0x7AF608,0x7AF642,0x7AF66F,0x7AF6D0,0x7AF6EC,0x7AF720,0x7AF73C,0x7AF758,0x7AF75D,0x7AF797,
  0x7AF7C4,0x7AF81F,0x7AF856,0x7AF883,0x7AF8DE,0x7AF918,0x7AF945,0x7AF9A0,0x7AF9F8,0x7AFA25,0x7AFA6C,0x7AFA74,
  0x7AFA7C,0x7AFAB3,0x7AFAE0,0x7AFB75,0x7AFB7D,0x7AFB99,0x7AFBD3,0x7AFC00,0x7AFC5B,0x7AFC63,0x7AFC9A,0x7AFCC7,
  0x7AFD5C,0x7AFD64,0x7AFD9B,0x7AFDD2,0x7AFDF8,0x7AFE38,0x7AFE5E,0x7AFE95,0x7AFEBB,0x7AFEFB,0x7AFF4C,0x7AFF72,
  0x7AFF7A,0x7AFFB1,0x7AFFD7,0x7B0017,0x7B004E,0x7B0074,0x7B00B4,0x7B00EB,0x7B0118,0x7B0160,0x7B0194,0x7B01CB,
  0x7B01F8,0x7B023F,0x7B0276,0x7B02A3,0x7B0304,0x7B033B,0x7B0368,0x7B03AF,0x7B03E6,0x7B0413,0x7B045A,0x7B0494,
  0x7B04C1,0x7B0508,0x7B0510,0x7B0547,0x7B0574,0x7B05BB,0x7B0614,0x7B06DA,0x7B0771,0x7B081B,0x7B08BA,0x7B08C6,
  0x7B08D2,0x7B090C,0x7B095A,0x7B09A1,0x7B09D4,0x7B09E6,0x7B09F8,0x7B0A3E,0x7B0AB6,0x7B0AD2,0x7B0B73,0x7B0BA5,
  0x7B0BDF,0x7B0C10,0x7B0C5F,0x7B0C85,0x7B0C8B,0x7B0CE9,0x7B0D01,0x7B0D07,0x7B0D12,0x7B0D2B,0x7B0D55,0x7B0D78,
  0x7B0DA1,0x7B0DBD,0x7B0DD9,0x7B0DF0,0x7B0E09,0x7B0E2C,0x7B0E46,0x7B0E62,0x7B0E7C,0x7B0F25,0x7B0F29,0x7B0F2F,
  0x7B0F3D,0x7B0F48,0x7B0F4E,0x7B0F6F,0x7B0F90,0x7B1098,0x7B10B4,0x7B12F4,0x7B1371,0x7B1389,0x7B13A5,0x7B17EF,
  0x7B18B8,0x7B1974,0x7B197A,0x7B1992,0x7B19A0,0x7B19BF,0x7B19DA,0x7B1AC3,0x7B1ACD,0x7B1AE7,0x7B1B05,0x7B1B4C,
  0x7B1C36,0x7B1CE2,0x7B1D07,0x7B1D79,0x7B1E5C,0x7B1E6C,0x7B1F5B,0x7B2083,0x7B209F,0x7B234C,0x7B2379,0x7B23AC,
  0x7B244D,0x7B24A7,0x7B2503,0x7B2562,0x7B25C0,0x7B2620,0x7B2679,0x7B26BE,0x7B2707,0x7B274C,0x7B27E2,0x7B2847,
  0x7B2917,0x7B29DC,0x7B2A14,0x7B2ABE,0x7B2AFA,0x7B2B2D,0x7B2B4A,0x7B2B63,0x7B2B7F,0x7B2CFF,0x7B2D19,0x7B2D8A,
  0x7B2DA6,0x7B2E7B,0x7B2EFE,0x7B2F13,0x7B2F2C,0x7B2F4F,0x7B2F8A,0x7B2FBB,0x7B2FEA,0x7B3015,0x7B3063,0x7B3132,
  0x7B3151,0x7B3195,0x7B3202,0x7B3232,0x7B327D,0x7B328E,0x7B32C6,0x7B32DE,0x7B3305,0x7B331B,0x7B3327,0x7B3355,
  0x7B3366,0x7B337B,0x7B35D6,0x7B382E,0x7B3A59,0x7B3CE0,0x7B3CFE,0x7B3D16,0x7B3D3B,0x7B3D58,0x7B3DAE,0x7B3E15,
  0x7B3E4E,0x7B3E6A,0x7B3EA1,0x7B3F2A,0x7B3F47,0x7B3FB5,0x7B4023,0x7B4037,0x7B4066,0x7B40E1,0x7B4192,0x7B425D,
  0x7B42F8,0x7B4366,0x7B44E2,0x7B44F7,0x7B4568,0x7B4612,0x7B48A5,0x7B492F,0x7B49D8,0x7B49FE,0x7B4A1D,0x7B4A3C,
  0x7B4A4F,0x7B4A72,0x7B4B0E,0x7B4B47,0x7B4BB3,0x7B4BEB,0x7B4C1B,0x7B4C30,0x7B4C45,0x7B4C59,0x7B4C74,0x7B4C7A,
  0x7B4C88,0x7B4CF8,0x7B4D72,0x7B4D8E,0x7B4DEA,0x7B4EA1,0x7B4F2A,0x7B4FD6,0x7B4FF5,0x7B5011,0x7B5038,0x7B516C,
  0x7B51A2,0x7B51C7,0x7B51ED,0x7B521A,0x7B5269,0x7B5379,0x7B5390,0x7B53AD,0x7B53D8,0x7B53EF,0x7B540C,0x7B5437,
  0x7B54D5,0x7B5573,0x7B558F,0x7B55CB,0x7B55E7,0x7B5670,0x7B57FE,0x7B5852,0x7B59D6,0x7B5A9B,0x7B5EB3,0x7B5F66,
  0x7B5F9C,0x7B602F,0x7B614C,0x7B616D,0x7B61EE,0x7B6225,0x7B6287,0x7B62D7,0x7B6333,0x7B636C,0x7B63E8,0x7B651B,
  0x7B655B,0x7B65F8,0x7B66F5,0x7B68F9,0x7B6BEF,0x7B7087,0x7B709C,0x7B70FE,0x7B712D,0x7B7170,0x7B71F3,0x7B7221,
  0x7B723F,0x7B72C3,0x7B72EC,0x7B7315,0x7B7350,0x7B73F6,0x7B7415,0x7B764A,0x7B7669,0x7B76E1,0x7B7A28,0x7B7A32,
  0x7B7A71,0x7B7AA5,0x7B7B19,0x7B7B42,0x7B7B8F,0x7B7C86,0x7B7D3D,0x7B7D64,0x7B7DA0,0x7B7DD1,0x7B7E23,0x7B7F2B,
  0x7B7FF9,0x7B8046,0x7B8093,0x7B80CA,0x7B80E6,0x7B80FB,0x7B8120,0x7B8126,0x7B8177,0x7B81ED,0x7B8315,0x7B83CC,
  0x7B861D,0x7B8766,0x7B8782,0x7B8883,0x7B8898,0x7B8907,0x7B891C,0x7B8964,0x7B89B6,0x7B8A61,0x7B8A8E,0x7B8B02,
  0x7B8B17,0x7B8B86,0x7B8B9B,0x7B8BE3,0x7B8C35,0x7B8CE0,0x7B8D0D,0x7B8D87,0x7B8E51,0x7B8E9F,0x7B8F5F,0x7B8FDC,
  0x7B906F,0x7B9100,0x7B91A4,0x7B91AF,0x7B91D8,0x7B927C,0x7B9287,0x7B92B0,0x7B9352,0x7B937D,0x7B939F,0x7B94B1,
  0x7B94CD,0x7B94FA,0x7B951F,0x7B9551,0x7B9564,0x7B9581,0x7B959E,0x7B95C2,0x7B95E7,0x7B9605,0x7B9636,0x7B9669,
  0x7B970F,0x7B9743,0x7B97B0,0x7B97D4,0x7B983A,0x7B9876,0x7B988E,0x7B98CF,0x7B98EC,0x7B9983,0x7B99D9,0x7B9AAE,
  0x7B9AED,0x7B9B20,0x7B9B3E,0x7B9B87,0x7B9B8D,0x7B9B95,0x7B9BE7,0x7B9C9E,0x7B9D05,0x7B9D1C,0x7B9D2C,0x7B9D80,
  0x7B9DDC,0x7B9E13,0x7B9E2F,0x7B9EBE,0x7B9EC7,0x7B9EF1,0x7B9F36,0x7B9F3F,0x7B9F5A,0x7B9FC6,0x7BA024,0x7BA0B0,
  0x7BA104,0x7BA131,0x7BA1D4,0x7BA1FB,0x7BA2DE,0x7BA3F7,0x7BA795,0x7BA7E1,0x7BA878,0x7BA880,0x7BAA44,0x7BAADF,
  0x7BACA4,0x7BACE3,0x7BADB9,0x7BB0B2,0x7BB113,0x7BB11E,0x7BB269,0x7BB2A9,0x7BB316,0x7BB32E,0x7BB35D,0x7BB3AD,
  0x7BB3D9,0x7BB419,0x7BB434,0x7BB44F,0x7BB464,0x7BB497,0x7BB4B0,0x7BB540,0x7BB5D6,0x7BB627,0x7BB678,0x7BB6C9,
  0x7BB726,0x7BB771,0x7BB860,0x7BB926,0x7BB979,0x7BB9F1,0x7BBA44,0x7BBABB,0x7BBB23,0x7BBB9D,0x7BBBBF,0x7BBC00,
  0x7BBC5B,0x7BBC8F,0x7BBCD0,0x7BBCF9,0x7BBD3B,0x7BBD79,0x7BBDB7,0x7BBDFA,0x7BBE38,0x7BBE76,0x7BBEB9,0x7BBEF7,
  0x7BBF19,0x7BBF53,0x7BBF74,0x7BBFB2,0x7BBFF2,0x7BC013,0x7BC07A,0x7BC088,0x7BC09D,0x7BC0B0,0x7BC0C3,0x7BC11C,
  0x7BC173,0x7BC1B3,0x7BC1C6,0x7BC221,0x7BC250,0x7BC295,0x7BC2A3,0x7BC2B1,0x7BC34B,0x7BC3A0,0x7BC3FF,0x7BC479,
  0x7BC50C,0x7BC586,0x7BC5E9,0x7BC604,0x7BC631,0x7BC6A3,0x7BC714,0x7BC734,0x7BC766,0x7BC785,0x7BC7B5,0x7BC7EC,
  0x7BC814,0x7BC837,0x7BC877,0x7BC8B7,0x7BC8F7,0x7BC944,0x7BC991,0x7BC99C,0x7BC9A7,0x7BC9D6,0x7BCA04,0x7BCA42,
  0x7BCA53,0x7BCA64,0x7BCA89,0x7BCAAE,0x7BCAFB,0x7BCB5A,0x7BCBBA,0x7BCBC8,0x7BCBD6,0x7BCC53,0x7BCC65,0x7BCCE1,
  0x7BCCEF,0x7BCD1A,0x7BCD3C,0x7BCDA5,0x7BCDC7,0x7BCDFE,0x7BCE53,0x7BCE69,0x7BCEE2,0x7BCF3B,0x7BCF6C,0x7BCFB2,
  0x7BCFC9,0x7BCFE0,0x7BCFF1,0x7BD005,0x7BD030,0x7BD047,0x7BD063,0x7BD0AF,0x7BD107,0x7BD15B,0x7BD1A8,0x7BD1BA,
  0x7BD210,0x7BD266,0x7BD2D0,0x7BD311,0x7BD34F,0x7BD390,0x7BD3D1,0x7BD3E4,0x7BD41D,0x7BD450,0x7BD477,0x7BD4C1,
  0x7BD4F3,0x7BD524,0x7BD53E,0x7BD549,0x7BD55C,0x7BD56F,0x7BD582,0x7BD5BB,0x7BD5C9,0x7BD5D7,0x7BD618,0x7BD65B,
  0x7BD6A8,0x7BD6E9,0x7BD718,0x7BD74F,0x7BD762,0x7BD775,0x7BD783,0x7BD7A7,0x7BD7FC,0x7BD826,0x7BD8B8,0x7BD94A,
  0x7BD9DE,0x7BDA12,0x7BDAAC,0x7BDAB7,0x7BDACA,0x7BDAD8,0x7BDAE6,0x7BDAF4,0x7BDB02,0x7BDB15,0x7BDB45,0x7BDBAB,
  0x7BDBEB,0x7BDBF9,0x7BDC36,0x7BDC7F,0x7BDD53,0x7BDD7A,0x7BDD97,0x7BDDB0,0x7BDDD8,0x7BDE10,0x7BDE35,0x7BDE57,
  0x7BDE79,0x7BDE9B,0x7BDED5,0x7BDF0F,0x7BDF1C,0x7BDF2E,0x7BDF39,0x7BDF4E,0x7BDF63,0x7BDF78,0x7BDF8F,0x7BDFCD,
  0x7BDFF2,0x7BE076,0x7BE08C,0x7BE0A2,0x7BE0EA,0x7BE183,0x7BE239,0x7BE2EC,0x7BE38E,0x7BE58C,0x7BE6EE,0x7BE8E6,
  0x7BEA2E,0x7BEBA5,0x7BECF6,0x7BED64,0x7BEE14,0x7BEEE9,0x7BEFC5,0x7BEFE6,0x7BF040,0x7BF05C,0x7BF15E,0x7BF280,
  0x7BF36F,0x7BF46E,0x7BF4A3,0x7BF594,0x7BF669,0x7BF72E,0x7BF760,0x7BF794,0x7BF7EC,0x7BF864,0x7BF8F1,0x7BF941,
  0x7BF964,0x7BF9B3,0x7BFA20,0x7BFA8D,0x7BFAD8,0x7BFC92,0x7BFE32,0x7BFF62,0x7C0091,0x7C01B1,0x7C023F,0x7C02A6,
  0x7C0347,0x7C0396,0x7C0402,0x7C045B,0x7C048D,0x7C050A,0x7C0556,0x7C0587,0x7C061F,0x7C06BA,0x7C0752,0x7C07ED,
  0x7C081B,0x7C083E,0x7C09E3,0x7C0A7F,0x7C0AE0,0x7C0B24,0x7C0B61,0x7C0BCF,0x7C0C3E,0x7C0C75,0x7C0D9B,0x7C0EB8,
  0x7C0FC5,0x7C101D,0x7C1071,0x7C10C0,0x7C112E,0x7C11EE,0x7C1254,0x7C12DC,0x7C135F,0x7C1416,0x7C146D,0x7C14C1,
  0x7C14FE,0x7C15D7,0x7C16D1,0x7C1704,0x7C1781,0x7C17FD,0x7C1823,0x7C1874,0x7C18C5,0x7C191A,0x7C199C,0x7C19D7,
  0x7C1A7D,0x7C1AB3,0x7C1B6B,0x7C1DB5,0x7C204D,0x7C22CC,0x7C254A,0x7C2803,0x7C28FC,0x7C291F,0x7C2955,0x7C299D,
  0x7C29FF,0x7C2A40,0x7C2A71,0x7C2AAC,0x7C2B11,0x7C2B5F,0x7C2BB6,0x7C2BFB,0x7C2C7A,0x7C2CF5,0x7C2E34,0x7C2F85,
  0x7C30F7,0x7C31FF,0x7C33E5,0x7C3465,0x7C34BE,0x7C3534,0x7C3655,0x7C36BD,0x7C3724,0x7C376D,0x7C37C9,0x7C3825,
  0x7C387F,0x7C38F6,0x7C395E,0x7C3A31,0x7C3AB2,0x7C3B6E,0x7C3C0A,0x7C3C88,0x7C3D61,0x7C3E5E,0x7C3FD1,0x7C4040,
  0x7C408D,0x7C409F,0x7C410D,0x7C4156,0x7C4194,0x7C41F0,0x7C4256,0x7C4324,0x7C4360,0x7C4385,0x7C43D9,0x7C444E,
  0x7C44D5,0x7C450F,0x7C4546,0x7C455D,0x7C4586,0x7C45C2,0x7C45E0,0x7C4613,0x7C46A0,0x7C490B,0x7C495B,0x7C49BC,
  0x7C4A34,0x7C4A99,0x7C4B06,0x7C4BDB,0x7C4C50,0x7C4CA0,0x7C4CDB,0x7C4D4F,0x7C4DE6,0x7C4E39,0x7C4E89,0x7C4EDF,
  0x7C4F32,0x7C5006,0x7C506A,0x7C50BB,0x7C51E8,0x7C5445,0x7C5507,0x7C55C4,0x7C55FE,0x7C5617,0x7C562E,0x7C569E,
  0x7C57F3,0x7C5859,0x7C58BF,0x7C595A,0x7C5B3B,0x7C5DCE,0x7C5E29,0x7C5E9F,0x7C5F37,0x7C5FCF,0x7C6040,0x7C6170,
  0x7C6243,0x7C62BF,0x7C6363,0x7C6404,0x7C649A,0x7C6552,0x7C6703,0x7C672D,0x7C6793,0x7C68AA,0x7C69B5,0x7C6B06,
  0x7C6B82,0x7C6C2B,0x7C6D13,0x7C6D8E,0x7C6ED1,0x7C6EFE,0x7C6F38,0x7C6FA1,0x7C7091,0x7C718B,0x7C730D,0x7C740F,
  0x7C7453,0x7C74AA,0x7C7617,0x7C77EB,0x7C7998,0x7C7AB4,0x7C7D12,0x7C7E39,0x7C805E,0x7C8079,0x7C80EF,0x7C8154,
  0x7C81B9,0x7C821E,0x7C828A,0x7C82EF,0x7C834B,0x7C83B0,0x7C84CC,0x7C858F,0x7C8657,0x7C8D86,0x7C8DED,0x7C8E49,
  0x7C8EBB,0x7C8F1E,0x7C9105,0x7C9161,0x7C9196,0x7C920F,0x7C928D,0x7C9306,0x7C9367,0x7C9400,0x7C946D,0x7C94B1,
  0x7C9531,0x7C955B,0x7C95FE,0x7C9667,0x7C970A,0x7C9769,0x7C98C7,0x7C9925,0x7C9A22,0x7C9B4D,0x7C9B79,0x7C9C6D,
  0x7C9CA2,0x7C9CEB,0x7C9D7D,0x7C9DF6,0x7C9EE9,0x7CA000,0x7CA161,0x7CA2B7,0x7CA4A6,0x7CA509,0x7CA565,0x7CA5FE,
  0x7CA692,0x7CA6EF,0x7CA7F2,0x7CA933,0x7CAA30,0x7CAC33,0x7CAD8E,0x7CAE09,0x7CAEBC,0x7CAEFF,0x7CAFA5,0x7CFA05,
  0x7CFA09,0x7CFA11,0x7CFA19,0x7CFA21,0x7D0135,0x7D01C0,0x7D5270,0x7E47BB,0x7E47C6,0x7E4816,0x7E4843,0x7E4866,
  0x7E48ED,0x7E4972,0x7E49A3,0x7E49D4,0x7E4A0C,0x7E4A31,0x7E4A66,0x7E4AA0,0x7E4B1E,0x7E4B36,0x7E4BDB,0x7E4C56,
  0x7E4C8C,0x7E4CAF,0x7E4D0F,0x7E4D5A,0x7E4DA8,0x7E4DC0,0x7E4DD8,0x7E4DF0,0x7E4E08,0x7E4E7E,0x7E4EF4,0x7E4F6A,
  0x7E4FE0,0x7E504C,0x7E50AE,0x7E50F6,0x7E5142,0x7E526C,0x7E5291,0x7E535C,0x7E53ED,0x7E543D,0x7E54FE,0x7E5595,
  0x7E5640,0x7E56C1,0x7E5707,0x7E5760,0x7E57D7,0x7E5854,0x7E586A,0x7E5970,0x7E5A47,0x7E5A82,0x7E5AB2,0x7E5AE2,
  0x7E5B18,0x7E5B48,0x7E5B56,0x7E5BF4,0x7E5C91,0x7E5CE2,0x7E5D2C,0x7E5DB6,0x7E5E44,0x7E5EC8,0x7E5F5A,0x7E5F8E,
  0x7E5FA5,0x7E6017,0x7E6091,0x7E60D4,0x7E60F0,0x7E6102,0x7E6140,0x7E6164,0x7E62A2,0x7E6448,0x7E64CD,0x7E658D,
  0x7E66C6,0x7E66EE,0x7E67E1,0x7E688E,0x7E6972,0x7E69AA,0x7E69C6,0x7E6A0C,0x7E6A5A,0x7E6ADC,0x7E6B50,0x7E6C7C,
  0x7E6D81,0x7E6FAA,0x7E7083,0x7E72B2,0x7E72C7,0x7E7329,0x7E7361,0x7E73E0,0x7E7412,0x7E7608,0x7E7686,0x7E7734,
  0x7E77A2,0x7E78E7,0x7E793D,0x7E7987,0x7E79E9,0x7E7A4B,0x7E7AAD,0x7E7C27,0x7E7C89,0x7E7D07,0x7E7D79,0x7E7FB8,
  0x7E806F,0x7E8168,0x7E82B5,0x7E83D0,0x7E83FE,0x7E8580,0x7E85C6,0x7E86CD,0x7E8727,0x7E888B,0x7E8954,0x7E8A25,
  0x7E8B0B,0x7E8BA6,0x7E8C0E,0x7E8CAB,0x7E8DB9,0x7E8EB3,0x7E8F80,0x7E9096,0x7E9106,0x7E916F,0x7E91B1,0x7E9274,
  0x7E9356,0x7E9434,0x7E957A,0x7E967A,0x7E9718,0x7E97F5,0x7E98D2,0x7E99F4,0x7E9BBF,0x7E9BFA,0x7E9C33,0x7E9DC7,
  0x7E9E83,0x7E9EB0,0x7E9F44,0x7EA042,0x7EA28F,0x7EA303,0x7EA374,0x7EA41D,0x7EA513,0x7EA59C,0x7EA74A,0x7EA83D,
  0x7EA988,0x7EAA59,0x7EAC80,0x7EACCE,0x7EAE94,0x7EAF48,0x7EB046,0x7EB1C9,0x7EB384,0x7EB582,0x7EB69A,0x7EB7CD,
  0x7ED5C2,0x7ED5C6,0x7ED5CA,0x7ED5CE,0x7ED5D2,0x7ED74F,0x7ED77A,0x7ED7AB,0x7ED7E9,0x7ED86B,0x7ED8A3,0x7ED8C1,
  0x7ED8D9,0x7ED90B,0x7ED938,0x7ED963,0x7EDAED,0x7EDB2B,0x7EDB33,0x7EDB72,0x7EDC2F,0x7EDC93,0x7EDD1B,0x7EDD3D,
  0x7EDD6B,0x7EDD71,0x7EDDB6,0x7EDDFB,0x7EDE52,0x7EDEA4,0x7EDECE,0x7EDF70,0x7EDFFF,0x7EE057,0x7EE14A,0x7EE166,
  0x7EE233,0x7EE258,0x7EE260,0x7EE293,0x7EE2D1,0x7EE31E,0x7EE33A,0x7EE378,0x7EE3B6,0x7EE3F6,0x7EE415,0x7EE44C,
  0x7EE532,0x7EE57F,0x7EE6C5,0x7EE6EF,0x7EE71C,0x7EE751,0x7EE786,0x7EE7AD,0x7EE7D6,0x7EE86B,0x7EE92A,0x7EE97A,
  0x7EEA18,0x7EEA52,0x7EEA7A,0x7EEB0C,0x7EEC77,0x7EECDF,0x7EECFA,0x7EEE31,0x7EEE9D,0x7EEEBE,0x7EEEDF,0x7EEEF3,
  0x7EEF0D,0x7EF032,0x7EF0A1,0x7EF14C,0x7EF198,0x7EF287,0x7EF305,0x7EF4AB,0x7EF4C7,0x7EF63F,0x7EF7C0,0x7EF7CF,
  0x7EF7D6,0x7EF80B,0x7EF887,0x7EF88F,0x7EF8A6,0x7EF90F,0x7EF949,0x7EF963,0x7EF99D,0x7EF9C5,0x7EF9DF,0x7EFA2B,
  0x7EFA45,0x7EFAB6,0x7EFADF,0x7EFB28,0x7EFB62,0x7EFB7C,0x7EFBC0,0x7EFC64,0x7EFC89,0x7EFCB4,0x7EFD28,0x7EFE62,
  0x7EFE9B,0x7EFF29,0x7EFF53,0x7EFFD8,0x7EFFFD,0x7F0065,0x7F00A0,0x7F00CD,0x7F0106,0x7F012B,0x7F0150,0x7F0203,
  0x7F020F,0x7F0258,0x7F02C6,0x7F02E7,0x7F0339,0x7F0372,0x7F040D,0x7F0436,0x7F045A,0x7F04F7,0x7F0537,0x7F0670,
  0x7F068F,0x7F06C6,0x7F06E7,0x7F0720,0x7F0734,0x7F0762,0x7F078C,0x7F07C2,0x7F07EF,0x7F0814,0x7F086A,0x7F08CB,
  0x7F08FB,0x7F094B,0x7F09CD,0x7F0AC8,0x7F0AF6,0x7F0C1A,0x7F0E2B,0x7F0EB3,0x7F0EE3,0x7F0FAD,0x7F0FB3,0x7F0FE5,
  0x7F1029,0x7F104D,0x7F1067,0x7F10B0,0x7F10E4,0x7F10F4,0x7F110C,0x7F1112,0x7F116A,0x7F11B2,0x7F1282,0x7F12DC,
  0x7F1354,0x7F13AC,0x7F1437,0x7F1489,0x7F14C1,0x7F150C,0x7F1556,0x7F15D4,0x7F15F8,0x7F1672,0x7F16EC,0x7F173F,
  0x7F1779,0x7F17BF,0x7F1805,0x7F1902,0x7F195E,0x7F19BF,0x7F19D6,0x7F1A2B,0x7F1A7D,0x7F1AC8,0x7F1ADF,0x7F1AF7,
  0x7F1BD0,0x7F1CA9,0x7F1D83,0x7F1E5D,0x7F1E92,0x7F1F05,0x7F1F7E,0x7F1F9F,0x7F20EC,0x7F2121,0x7F2199,0x7F21C7,
  0x7F223A,0x7F227A,0x7F22B7,0x7F22E3,0x7F230F,0x7F233B,0x7F2367,0x7F239B,0x7F23C6,0x7F23EB,0x7F2440,0x7F29E5,
  0x7F2A14,0x7F2A76,0x7F2D0E,0x7F2D4D,0x7F2D6B,0x7F2DF8,0x7F2E85,0x7F2F0B,0x7F2F98,0x7F2FBA,0x7F2FD9,0x7F2FF4,
  0x7F3021,0x7F304E,0x7F305D,0x7F30A3,0x7F3120,0x7F31CD,0x7F3274,0x7F32A8,0x7F32F4,0x7F337F,0x7F3399,0x7F33F2,
  0x7F344B,0x7F34A4,0x7F34FD,0x7F351E,0x7F3544,0x7F3561,0x7F357C,0x7F35AE,0x7F35E0,0x7F362C,0x7F3646,0x7F36A9,
  0x7F3712,0x7F3726,0x7F375B,0x7F3783,0x7F37CD,0x7F39AD,0x7F39CF,0x7F3A11,0x7F3ADD,0x7F3AFA,0x7F3B4D,0x7F3B53,
  0x7F3B70,0x7F3B94,0x7F3BD9,0x7F3BF3,0x7F3C5C,0x7F3D27,0x7F3DB6,0x7F3DC9,0x7F3E95,0x7F3EFC,0x7F3F58,0x7F3FC4,
  0x7F3FF2,0x7F400A,0x7F4037,0x7F405D,0x7F4082,0x7F409D,0x7F40CA,0x7F40E6,0x7F4165,0x7F4245,0x7F4266,0x7F4330,
  0x7F435D,0x7F438F,0x7F45B0,0x7F4696,0x7F46E0,0x7F4726,0x7F475D,0x7F47B2,0x7F47D8,0x7F480B,0x7F48D9,0x7F48F6,
  0x7F49AD,0x7F4A97,0x7F4A9D,0x7F4B0E,0x7F4B5C,0x7F4BF7,0x7F4C2F,0x7F4C62,0x7F4D6B,0x7F4D87,0x7F4DC8,0x7F4FE1,
  0x7F512F,0x7F51A2,0x7F51C9,0x7F5279,0x7F558C,0x7F55B0,0x7F560C,0x7F563F,0x7F5657,0x7F567B,0x7F5697,0x7F5738,
  0x7F5754,0x7F576C,0x7F57C3,0x7F57E0,0x7F57FB,0x7F5821,0x7F583B,0x7F586D,0x7F58AC,0x7F58EC,0x7F5944,0x7F597F,
  0x7F59B3,0x7F59EF,0x7F5A2B,0x7F5A62,0x7F5AA6,0x7F5B1E,0x7F5B67,0x7F5BBD,0x7F5C0F,0x7F5C1F,0x7F5C64,0x7F5CB9,
  0x7F5D12,0x7F5D2B,0x7F5D46,0x7F5D5F,0x7F5D90,0x7F5DAC,0x7F5DF0,0x7F5E36,0x7F5E84,0x7F5ECF,0x7F5F0A,0x7F5F8D,
  0x7F5F9C,0x7F5FBF,0x7F6028,0x7F60E4,0x7F6159,0x7F6176,0x7F61EF,0x7F6227,0x7F6287,0x7F62F4,0x7F635E,0x7F63FE,
  0x7F6403,0x7F641F,0x7F6443,0x7F65E6,0x7F65F9,0x7F6610,0x7F662B,0x7F67E9,0x7F685D,0x7F687B,0x7F68AB,0x7F6979,
  0x7F69B2,0x7F69EE,0x7F6A31,0x7F6B33,0x7F6BA3,0x7F6BDB,0x7F6C0D,0x7F6C2D,0x7F6D80,0x7F6E79,0x7F6EAF,0x7F6ED5,
  0x7F6EFA,0x7F6F17,0x7F6F34,0x7F6F4F,0x7F6F81,0x7F6FAE,0x7F703C,0x7F7044,0x7F70B0,0x7F717C,0x7F7199,0x7F71F9,
  0x7F7219,0x7F728D,0x7F72B0,0x7F72E7,0x7F7300,0x7F7414,0x7F7496,0x7F74DC,0x7F751B,0x7F754E,0x7F756C,0x7F75E0,
  0x7F7627,0x7F76F5,0x7F771F,0x7F7766,0x7F781D,0x7F791F,0x7F794C,0x7F7972,0x7F7997,0x7F79C4,0x7F79DF,0x7F7A0A,
  0x7F7A58,0x7F7A94,0x7F7AB1,0x7F7ACE,0x7F7B09,0x7F7C04,0x7F7C70,0x7F7C8D,0x7F7DC5,0x7F7DE8,0x7F7E9D,0x7F80AC,
  0x7F80C5,0x7F8104,0x7F8137,0x7F8155,0x7F81C9,0x7F821A,0x7F8220,0x7F82B3,0x7F836A,0x7F846C,0x7F8488,0x7F84C4,
  0x7F8588,0x7F8630,0x7F869C,0x7F878F,0x7F87B2,0x7F88BE,0x7F88CC,0x7F891F,0x7F896B,0x7F8974,0x7F897F,0x7F8A3E,
  0x7F8C43,0x7F8C56,0x7F8C7E,0x7F8C91,0x7F8CA3,0x7F8CC8,0x7F8CE9,0x7F8D0E,0x7F8D30,0x7F8DC8,0x7F8E50,0x7F8EA1,
  0x7F8F27,0x7F8F4C,0x7F8F6F,0x7F9099,0x7F9115,0x7F9144,0x7F916C,0x7F9190,0x7F9242,0x7F9312,0x7F9349,0x7F93A4,
  0x7F93BC,0x7F93D9,0x7F93FC,0x7F941F,0x7F9431,0x7F9443,0x7F9455,0x7F9467,0x7F9479,0x7F948B,0x7F949D,0x7F94AF,
  0x7F94C1,0x7F94D3,0x7F94E5,0x7F94F7,0x7F9507,0x7F9519,0x7F9532,0x7F9556,0x7F958B,0x7F959F,0x7F95B3,0x7F95C7,
  0x7F95DB,0x7F95EF,0x7F9603,0x7F9617,0x7F962B,0x7F963F,0x7F9653,0x7F9667,0x7F967B,0x7F968D,0x7F96CA,0x7F96F4,
  0x7F975D,0x7F9858,0x7F987F,0x7F9894,0x7F992F,0x7F9962,0x7F9985,0x7F99A0,0x7F99CB,0x7F9A0D,0x7F9A39,0x7F9A4F,
  0x7F9A72,0x7F9ADB,0x7F9AF0,0x7F9B05,0x7F9B1A,0x7F9B2F,0x7F9B44,0x7F9B59,0x7F9B6E,0x7F9B83,0x7F9B98,0x7F9BAD,
  0x7F9BC2,0x7F9BD7,0x7F9BFC,0x7F9C17,0x7F9C54,0x7F9C69,0x7F9C7C,0x7F9C8D,0x7F9C9E,0x7F9CC3,0x7F9CE2,0x7F9D08,
  0x7F9D21,0x7F9D3D,0x7F9D5C,0x7F9DB0,0x7F9DC3,0x7F9E30,0x7F9EA0,0x7F9EBE,0x7F9EE3,0x7F9F12,0x7F9F68,0x7F9F93,
  0x7F9FE9,0x7F9FFE,0x7FA013,0x7FA028,0x7FA03D,0x7FA052,0x7FA067,0x7FA07C,0x7FA091,0x7FA0A6,0x7FA595,0x7FA5AA,
  0x7FA5C6,0x7FA5E2,0x7FA60A,0x7FA68C,0x7FA6C0,0x7FA715,0x7FA77E,0x7FA7DD,0x7FA805,0x7FA821,0x7FA832,0x7FA849,
  0x7FA865,0x7FA8CE,0x7FA98E,0x7FAA42,0x7FAAA5,0x7FAABE,0x7FAB4E,0x7FAB5D,0x7FAB71,0x7FABB0,0x7FAE32,0x7FB22E,
  0x7FB35D,0x7FB396,0x7FB3F0,0x7FB414,0x7FB4CF,0x7FB4D5,0x7FB50B,0x7FB5C1,0x7FB5E5,0x7FB7A7,0x7FB7E4,0x7FB916,
  0x7FB965,0x7FB9A1,0x7FBA48,0x7FBBD7,0x7FBBFA,0x7FBC1E,0x7FBC30,0x7FBC56,0x7FBC7B,0x7FBCAF,0x7FBD26,0x7FBDDE,
  0x7FBE19,0x7FBEA6,0x7FBED9,0x7FBF24,0x7FBF2A,0x7FBF6A,0x7FBF9B,0x7FBFA6,0x7FBFF8,0x7FC05A,0x7FC09D,0x7FC204,
  0x7FC220,0x7FC2C6,0x7FC3B2,0x7FC3B8,0x7FC3F7,0x7FC4A3,0x7FC4E7,0x7FC518,0x7FC548,0x7FC54D,0x7FC58F,0x7FC5AE,
  0x7FC5FE,0x7FC607,0x7FC619,0x7FC6CC,0x7FC81D,0x7FCC1C,0x7FCD50,0x7FCD7F,0x7FCD9B,0x7FCE85,0x7FCE95,0x7FCED3,
  0x7FCEEF,0x7FCF58,0x7FCF6C,0x7FD159,0x7FD17C,0x7FD19F,0x7FD1E9,0x7FD275,0x7FD32A,0x7FD3E5,0x7FD4B3,0x7FD63D,
  0x7FD785,0x7FD98B,0x7FDADE,0x7FDC77,0x7FDCCD,0x7FDE1F,0x7FDF56,0x7FDFDD,0x7FE013,0x7FE05A,0x7FE08F,0x7FE0BF,
  0x7FE2EB,0x7FE55C,0x7FE597,0x7FE5EB,0x7FE604,0x7FE668,0x7FE6A4,0x7FE6C3,0x7FE6CB,0x7FE736,0x7FE8C1,0x7FE8E9,
  0x7FE95F,0x7FE9E0,0x7FE9FF,0x7FEA06,0x7FEA22,0x7FEA48,0x7FEA6F,0x7FEA9B,0x7FEAC1,0x7FEAC6,0x7FEAD5,0x7FEAF4,
  0x7FEB12,0x7FEB59,0x7FEB9D,0x7FEBD1,0x7FEBFC,0x7FEC23,0x7FEC4B,0x7FEC51,0x7FEC6F,0x7FEC9E,0x7FECC6,0x7FED12,
  0x7FED6F,0x7FEDB1,0x7FEDF9,0x7FEE5B,0x7FEF24,0x7FEF67,0x7FEF94,0x7FEFB7,0x7FEFED,0x7FF05A,0x7FF060,0x7FF104,
  0x7FF120,0x7FF27A,0x7FF2D1,0x7FF2F0,0x7FF367,0x7FF385,0x7FF3C2,0x7FF467,0x7FF50C,0x7FF54D,0x7FF55D,0x7FF56D,
  0x7FF5C1,0x7FF5C6,0x7FF5E0,0x7FF5E5,0x7FF5F4,0x7FF609,0x7FF674,0x7FF6E2,0x7FF718,0x7FF739,0x7FF754,0x7FF775,
  0x7FF7E3,0x7FF853,0x7FF8C3,0x7FF926,0x7FF97B,0x7FF9B3,0x7FFA06,0x7FFAA3,0x7FFAD7,0x7FFB0D,0x7FFB25,0x7FFC0A,
  0x7FFCCA,0x7FFCDA,0x7FFE30,0x7FFE45,0x7FFE4E,0x7FFEB7,0x7FFED3,0x7FFEE8,0x7FFF00,0x7FFF64,0x7FFF99,0x7FFFAC,
  0x80000F,0x800056,0x80008E,0x8000AA,0x800145,0x80014F,0x80017F,0x8001AF,0x8001E8,0x800218,0x80027F,0x80029E,
  0x8002BD,0x8002DC,0x800306,0x800336,0x800366,0x80038A,0x8003AE,0x8003D2,0x8003F6,0x80041A,0x80043E,0x80058E,
  0x8005C2,0x8005F6,0x80062A,0x80069F,0x800707,0x80078F,0x800844,0x8008F2,0x800978,0x800994,0x8009A7,0x8009B1,
  0x8009DD,0x8009FB,0x800A1B,0x800A25,0x800A5D,0x800A78,0x800A90,0x800AB4,0x800ACE,0x800B1E,0x800B27,0x800B4C,
  0x800B55,0x800B74,0x800B8C,0x800BC8,0x800BDE,0x800BF6,0x800C20,0x800C4A,0x800C61,0x800C8F,0x800D03,0x800D42,
  0x800DB8,0x800EC8,0x800FB4,0x800FD8,0x801190,0x801211,0x801249,0x80126E,0x801279,0x801289,0x801360,0x80138D,
  0x8013BB,0x801415,0x80147D,0x8014F1,0x801680,0x8016C3,0x80171A,0x801971,0x801A15,0x801A82,0x801AAF,0x801BBA,
  0x801C46,0x80204C,0x802161,0x8022D0,0x802348,0x8023C1,0x8026FC,0x802876,0x80298E,0x802A49,0x802B04,0x802C5A,
  0x802D81,0x802DBA,0x803BC5,0x803C52,0x804576,0x8046A1,0x804707,0x8047F9,0x804825,0x8048DB,0x804AD4,0x804AFD,
  0x804B02,0x804B96,0x804CAD,0x804D01,0x804D27,0x804D80,0x804D94,0x804DAA,0x804DEA,0x804E32,0x804E8A,0x804F02,
  0x804F39,0x804FCC,0x804FFF,0x80508C,0x8050D3,0x8051C5,0x8051F0,0x80521D,0x805243,0x805268,0x8052C4,0x8052FB,
  0x8054DE,0x805501,0x805517,0x805556,0x805574,0x805597,0x8055C9,0x805612,0x805618,0x80565D,0x805711,0x80573E,
  0x805764,0x805789,0x8057A6,0x805843,0x80585F,0x805A57,0x805A8E,0x805E89,0x805FCA,0x805FFD,0x80601B,0x806073,
  0x80612A,0x806199,0x8061D0,0x806264,0x806331,0x806337,0x806378,0x80639D,0x8063F5,0x806539,0x80656F,0x806690,
  0x8066E5,0x806713,0x806752,0x8067A4,0x80680D,0x806825,0x806852,0x806878,0x80689D,0x8068CF,0x806909,0x806926,
  0x8069A1,0x806A16,0x806CC5,0x806CFF,0x806D18,0x806E06,0x806EA2,0x806F5F,0x806F81,0x806FC0,0x806FF3,0x807042,
  0x807048,0x80705B,0x807112,0x8071D0,0x8071EC,0x807223,0x8072B5,0x80731E,0x8075A3,0x8075E4,0x8075F5,0x80761C,
  0x80766B,0x807676,0x8076CD,0x807701,0x80774E,0x8077A4,0x8077D1,0x807848,0x8079BB,0x8079C0,0x807A00,0x807A81,
  0x808794,0x8087C5,0x80880B,0x80884E,0x808912,0x80892E,0x808979,0x8089B5,0x8089CB,0x8089D6,0x8089F2,0x808A20,
  0x808A43,0x808AA8,0x808B2B,0x808B6A,0x808BD4,0x808C4C,0x808C88,0x808CBA,0x808CCD,0x808D3C,0x808D8B,0x808D92,
  0x808D9D,0x808DAA,0x808DB7,0x808DBE,0x808DC5,0x808E03,0x808E1F,0x808F1E,0x808F53,0x809404,0x80953C,0x80959A,
  0x809616,0x809655,0x80967A,0x809686,0x809698,0x8096B0,0x8096C2,0x8096DA,0x8096F2,0x80970A,0x809730,0x809745,
  0x80975A,0x80976F,0x809784,0x8097CF,0x8097D6,0x8097F9,0x809816,0x80983E,0x80985A,0x8098B8,0x8098D3,0x8098F0,
  0x80990E,0x809946,0x809971,0x8099C9,0x8099E4,0x809A11,0x809A31,0x809AEB,0x809B98,0x809BF5,0x809CA6,0x809CF3,
  0x809D5E,0x809D87,0x809DAC,0x809DC5,0x809E9E,0x809ED6,0x809F5E,0x809FE4,0x809FFB,0x80A190,0x80A2BD,0x80A2DC,
  0x80A311,0x80A352,0x80A3CE,0x80A3E1,0x80A4AB,0x80A553,0x80A567,0x80A68D,0x80A6AA,0x80A6C8,0x80A710,0x80A73B,
  0x80A77C,0x80A7ED,0x80A89A,0x80A8DF,0x80A952,0x80A9C5,0x80A9F1,0x80AA38,0x80ACE3,0x80B12F,0x80B1D4,0x80B2AB,
  0x80B339,0x80B4F5,0x80BB81,0x80BC4F,0x80BC55,0x80BD66,0x80BE3B,0x80BEE4,0x80BFF5,0x80C0BE,0x80C1A1,0x80C1B8,
  0x80C1CD,0x80C29C,0x80C2E8,0x80C3AB,0x80C572,0x80C672,0x80C68E,0x80C7EF,0x80C802,0x80C837,0x80C86A,0x80C8D2,
  0x80C8EF,0x80C91B,0x80C949,0x80C9A6,0x80C9E1,0x80CA8E,0x80CABD,0x80CAD6,0x80CAFB,0x80CB26,0x80CBD2,0x80CC7E,
  0x80CC9A,0x80CCB5,0x80CCD3,0x80CCE5,0x80CD33,0x80CD5A,0x80CD85,0x80CDA2,0x80CDD0,0x80CE91,0x80CEAD,0x80CEFC,
  0x80CF30,0x80CF64,0x80CF9C,0x80CFD5,0x80D04B,0x80D0C1,0x80D0E0,0x80D11B,0x80D137,0x80D155,0x80D173,0x80D180,
  0x80D1A5,0x80D1B2,0x80D1D7,0x80D1F2,0x80D20D,0x80D242,0x80D263,0x80D2B2,0x80D315,0x80D3A2,0x80D3EE,0x80D450,
  0x80D473,0x80D520,0x80D5D3,0x80D60C,0x80D63B,0x80D652,0x80D67B,0x80D6B7,0x80D6D5,0x80D6F0,0x80D728,0x80D741,
  0x80D758,0x80D775,0x80D7A7,0x80D7D9,0x80D80D,0x80D847,0x80D85E,0x80D879,0x80D898,0x80D8E1,0x80D96E,0x80DA4B,
  0x80DAC9,0x80DAF6,0x80DB23,0x80DB48,0x80DB6E,0x80DB93,0x80DBC2,0x80DBEF,0x80DC5C,0x80DC82,0x80DCAF,0x80DCCC,
  0x80DD10,0x80DD34,0x80DD91,0x80DE0C,0x80DE25,0x80DE3E,0x80DE81,0x80DEB6,0x80DEF5,0x80DF34,0x80DF52,0x80DF70,
  0x80E02A,0x80E05D,0x80E0D4,0x80E18A,0x80E23E,0x80E2F5,0x80E322,0x80E348,0x80E389,0x80E3C0,0x80E400,0x80E426,
  0x80E5D2,0x80E7F7,0x80E810,0x80E84F,0x80E86D,0x80E900,0x80E94A,0x80EA01,0x80EA1D,0x80EA54,0x80EA7B,0x80EC81,
  0x80ECA7,0x80ECFA,0x80ED17,0x80ED8C,0x80EDB8,0x80EDF1,0x80EE27,0x80EE5A,0x80EEF9,0x80EF0B,0x80EF24,0x80EF46,
  0x80EF51,0x80EF6D,0x80EFBD,0x80EFD0,0x80F018,0x80F0D8,0x80F237,0x80F385,0x80F3A8,0x80F3C0,0x80F3DF,0x80F42F,
  0x80F444,0x80F45F,0x80F475,0x80F49C,0x80F4D3,0x80F507,0x80F524,0x80F562,0x80F57D,0x80F590,0x80F59E,0x80F5DD,
  0x80F61C,0x80F63B,0x80F672,0x80F67F,0x80F6A0,0x80F6F3,0x80F72A,0x80F754,0x80FA21,0x80FA5D,0x80FA93,0x80FAD4,
  0x80FB2E,0x80FB40,0x80FB66,0x80FB93,0x80FBC0,0x80FBDD,0x80FC38,0x80FC8C,0x80FCEA,0x80FD6D,0x80FD9C,0x80FF5B,
  0x80FF9A,0x810007,0x810077,0x8100AB,0x8100D8,0x81017E,0x81019B,0x810220,0x810387,0x8103D7,0x8103F5,0x81041A,
  0x810437,0x8104AD,0x8104C4,0x810529,0x810578,0x810593,0x8105BF,0x81062D,0x810671,0x8106C2,0x8106C8,0x81073E,
  0x810775,0x8107A8,0x810810,0x810829,0x810840,0x8108DC,0x810AA9,0x810B47,0x810BFB,0x810C09,0x810C6B,0x810C95,
  0x810CBB,0x810D05,0x810D6D,0x810E39,0x810F03,0x810F84,0x810FBE,0x811063,0x811069,0x811104,0x811159,0x811242,
  0x811274,0x8112C6,0x81134A,0x8113FC,0x811434,0x8114A0,0x81150D,0x811553,0x81158A,0x8115D4,0x8115EF,0x81176F,
  0x811951,0x8119D1,0x811B0B,0x811CF9,0x811D91,0x811E1F,0x811FD0,0x8120D6,0x812119,0x812563,0x8125FC,0x81288C,
  0x812891,0x8128A5,0x8128C1,0x812913,0x8129F0,0x812A37,0x812A93,0x812AAF,0x812AF3,0x812B06,0x812B19,0x812B2C,
  0x812B48,0x812BF1,0x81301B,0x813038,0x81312E,0x81314A,0x813166,0x8131A0,0x81320E,0x81322A,0x813248,0x81327D,
  0x81330A,0x813343,0x813380,0x813395,0x813404,0x81343D,0x813476,0x8134AC,0x8134F5,0x813514,0x813655,0x81368A,
  0x8136A9,0x8136CE,0x8136EA,0x81370F,0x813745,0x813767,0x813790,0x8137D9,0x8137FE,0x81381A,0x81386A,0x8138FE,
  0x813A44,0x813AD5,0x813B1E,0x813B62,0x813BA6,0x813BEA,0x813DA5,0x813DD2,0x813DEB,0x813E21,0x813E3A,0x813F14,
  0x813FAF,0x814028,0x814045,0x8140A4,0x814103,0x814181,0x8141C3,0x814218,0x81424C,0x8142D2,0x8145DD,0x81471C,
  0x814774,0x8147F0,0x814830,0x81487B,0x814BA9,0x814EDB,0x814EFA,0x8153A8,0x8153B2,0x815563,0x8155A7,0x8155D9,
  0x815606,0x81560E,0x815772,0x815814,0x815AF9,0x815B97,0x815C35,0x815C7D,0x81606D,0x81608D,0x8160A2,0x8160FC,
  0x8162E5,0x816343,0x816359,0x8163F7,0x8163FD,0x81640A,0x816412,0x816627,0x816655,0x816715,0x816927,0x816981,
  0x816A08,0x816A3D,0x816B16,0x816BF0,0x816CC9,0x816DBF,0x816E0B,0x816E37,0x816E5E,0x816E8A,0x816EB8,0x816EE4,
  0x816F24,0x816FA3,0x81707F,0x817132,0x81715C,0x8171E9,0x81726F,0x8172FC,0x817389,0x8173BE,0x8173EF,0x817719,
  0x817844,0x81786D,0x817884,0x8178DD,0x817936,0x81798F,0x8179E8,0x817B5F,0x817D0E,0x818044,0x818077,0x8180A8,
  0x8181C1,0x8181D5,0x8181F3,0x81820B,0x818244,0x818265,0x818292,0x8182CF,0x81859B,0x818607,0x81862D,0x818652,
  0x81867F,0x81869B,0x818704,0x818729,0x81874E,0x818BF6,0x818C10,0x818CA4,0x818D3B,0x818D41,0x819330,0x8194EB,
  0x81952B,0x819548,0x819875,0x819916,0x819AF8,0x819B25,0x819B80,0x819BAC,0x819BEB,0x819C46,0x819E12,0x81A03E,
  0x81A0A7,0x81A11E,0x81A1F0,0x81A2E9,0x81A363,0x81A375,0x81A38D,0x81A39D,0x81A3B5,0x81A3CD,0x81A3DF,0x81A3FB,
  0x81A452,0x81A4A4,0x81A51C,0x81A574,0x81A667,0x81A6A1,0x81A6E7,0x81A73F,0x81A751,0x81A76C,0x81A7A3,0x81A837,
  0x81A857,0x81A8C4,0x81A8F5,0x81A926,0x81AA03,0x81AA85,0x81AB0A,0x81AB51,0x81AB8A,0x81ABDF,0x81ACAA,0x81ACD7,
  0x81AF68,0x81B054,0x81B119,0x81B145,0x81B157,0x81B31D,0x81B376,0x81B49D,0x81B4A2,0x81B4C7,0x81B4E5,0x81B514,
  0x81B5C2,0x81B5E7,0x81B617,0x81B631,0x81B64F,0x81B7ED,0x81B845,0x81B880,0x81B8F6,0x81B91D,0x81B948,0x81BB0C,
  0x81BB29,0x81BB6D,0x81BB8A,0x81BCBD,0x81BD82,0x81BDCB,0x81BDF8,0x81BE40,0x81BE63,0x81BE85,0x81BF42,0x81BFCA,
  0x81C050,0x81C176,0x81C193,0x81C217,0x81C32C,0x81C45F,0x81C567,0x81C5C4,0x81C5D3,0x81C66F,0x81C78A,0x81C79C,
  0x81C830,0x81C863,0x81C8A8,0x81CA7A,0x81CB08,0x81D31E,0x81D33A,0x81D356,0x81D600,0x81D701,0x81D81D,0x81D8A9,
  0x81D928,0x81D9A7,0x81D9DE,0x81DABC,0x81DB0C,0x81DC04,0x81DC87,0x81DED8,0x81DF04,0x81DF6B,0x81DFB5,0x81DFEA,
  0x81E147,0x81E4B5,0x81E60B,0x81F791,0x81F832,0x81F862,0x81F880,0x81F8D8,0x82089B,0x8208D4,0x82092E,0x820961,
  0x820994,0x8209BB,0x8209C7,0x8209F1,0x820A0E,0x820A2B,0x820A57,0x820A83,0x820A95,0x820AC2,0x820AE7,0x820B10,
  0x820B54,0x820BDC,0x820C67,0x820C9F,0x820CE8,0x820E13,0x820E49,0x820E4F,0x820E6D,0x820E8A,0x820EBC,0x820ED8,
  0x820EE0,0x820EF0,0x821017,0x821073,0x8210D3,0x8211B5,0x8211BA,0x8211C0,0x8211E0,0x8211EC,0x821319,0x82147E,
  0x8214A7,0x8214C1,0x821513,0x82151B,0x821567,0x8215C2,0x8215F3,0x821738,0x821754,0x8217AD,0x8217CB,0x8217FA,
  0x821800,0x821808,0x82185A,0x821876,0x8218AD,0x82192F,0x821A07,0x821A14,0x821AB4,0x821B27,0x821B89,0x821BA7,
  0x821BD5,0x821C29,0x821D55,0x821E55,0x821E9B,0x821EBD,0x821F0A,0x821F2F,0x821F59,0x821F86,0x821FB7,0x821FE7,
  0x822001,0x822055,0x82206E,0x822085,0x8220A3,0x82213A,0x822198,0x8221F5,0x822353,0x82239D,0x8223B8,0x822451,
  0x822583,0x82259F,0x822626,0x8226DF,0x822794,0x8227A4,0x8227BB,0x8227E3,0x8227E9,0x822825,0x822843,0x82289A,
  0x822903,0x8229B5,0x822A04,0x822A0A,0x822A35,0x822A4E,0x822A98,0x822D5D,0x822D62,0x822D6C,0x822D75,0x822D97,
  0x822DD7,0x82326D,0x82327D,0x8232A1,0x8232B7,0x8232ED,0x823473,0x823479,0x823484,0x8234C8,0x823511,0x82355F,
  0x823589,0x823636,0x82379A,0x823B86,0x823B98,0x823BC5,0x823BEE,0x823C26,0x823CB3,0x823CCC,0x823D52,0x823D89,
  0x823DA5,0x823DDA,0x823EC4,0x823F05,0x823F27,0x823FAF,0x824022,0x82403B,0x8240C1,0x824166,0x8241C2,0x82423A,
  0x82424C,0x824289,0x8242B6,0x8242DC,0x824301,0x82431F,0x82435A,0x824411,0x8244C0,0x8244FD,0x824641,0x8246C7,
  0x824722,0x824750,0x82476E,0x8247E1,0x824886,0x8248BC,0x824904,0x82497C,0x82498E,0x8249CB,0x8249F8,0x824A1E,
  0x824A43,0x824A61,0x824A9C,0x824B53,0x824C02,0x824C08,0x824C1A,0x824C2E,0x824C4A,0x824C66,0x824C93,0x824CB9,
  0x824CDE,0x824D10,0x824D3D,0x824D5A,0x824D96,0x824DB0,0x824DCA,0x824E2A,0x824E42,0x824E5A,0x824EA8,0x824EC4,
  0x82501C,0x82505B,0x82509A,0x8250CD,0x8250EB,0x825109,0x825186,0x8251FA,0x82526C,0x8252B7,0x8252E6,0x8252F9,
  0x8253B0,0x8253DD,0x825403,0x825428,0x825444,0x82545E,0x82547A,0x8254C3,0x8254DE,0x825515,0x8255CC,0x8256E4,
  0x8257DB,0x825861,0x825898,0x825995,0x825A5C,0x825A77,0x825AA6,0x825ADD,0x825AFE,0x825B25,0x825B52,0x825BF6,
  0x825C20,0x825C45,0x825C85,0x825CBE,0x825D3A,0x825DA0,0x825E7B,0x825EBB,0x825EDF,0x825F84,0x825FC9,0x825FFD,
  0x82603D,0x826045,0x826080,0x8260DF,0x826122,0x82614F,0x826184,0x8261A9,0x8261C7,0x8261F0,0x826278,0x8262EB,
  0x826323,0x826396,0x826421,0x826456,0x826495,0x8264D2,0x826597,0x8265C5,0x8265EC,0x8267AF,0x8267CB,0x8267F5,
  0x82684A,0x826886,0x8268FD,0x82697A,0x8269A7,0x8269DA,0x826A10,0x826A95,0x826B4B,0x826C11,0x826D3B,0x826DD4,
  0x826E5E,0x826E7B,0x826E9D,0x826EE3,0x827035,0x82717F,0x8271A4,0x8271CE,0x8271F0,0x827220,0x8272A8,0x82732E,
  0x827367,0x82748D,0x8274AA,0x82753A,0x8280A6,0x828192,0x828337,0x828389,0x828406,0x828426,0x82844A,0x82846C,
  0x8284F4,0x828628,0x8286AE,0x8286CC,0x8287B6,0x8287E3,0x8287F3,0x828866,0x8288A4,0x8288DA,0x828950,0x828A6A,
  0x828AB9,0x828AF6,0x828B2F,0x828B5C,0x828B97,0x828BBC,0x828C38,0x828D51,0x828D5C,0x828D67,0x828DDA,0x828E4D,
  0x828E84,0x828EBE,0x828F39,0x828FCC,0x829071,0x8290FF,0x829125,0x8291B6,0x82920F,0x82924C,0x829285,0x8292B2,
  0x8292ED,0x829312,0x82938E,0x8294B7,0x8294E6,0x8294FE,0x829536,0x8295CB,0x82963F,0x8296E5,0x829708,0x82977B,
  0x8297EE,0x829880,0x829938,0x8299DD,0x829A57,0x829AE8,0x829B31,0x829B6E,0x829BA7,0x829BD4,0x829C0F,0x829C34,
  0x829CB0,0x829DD9,0x829E20,0x829E64,0x829EEF,0x829F6C,0x829FFB,0x82A029,0x82A08C,0x82A0EB,0x82A128,0x82A161,
  0x82A18E,0x82A1C9,0x82A1EE,0x82A26A,0x82A39C,0x82A3BB,0x82A474,0x82A490,0x82A4A8,0x82A4BB,0x82A4FD,0x82A566,
  0x82A582,0x82A5B2,0x82A5C8,0x82A5D4,0x82A5DF,0x82A5FB,0x82A62A,0x82A652,0x82A6B1,0x82A6D2,0x82A6F6,0x82A71C,
  0x82A72C,0x82A7C3,0x82A877,0x82A8FE,0x82A936,0x82A9FB,0x82AA46,0x82AAB9,0x82AAEA,0x82AB53,0x82AC52,0x82AC78,
  0x82AC99,0x82AD22,0x82AD4F,0x82AD7C,0x82AD9D,0x82ADBE,0x82ADE7,0x82AE15,0x82AE71,0x82AEC8,0x82AF0D,0x82AF3A,
  0x82AFC6,0x82AFDB,0x82AFF0,0x82B01D,0x82B04A,0x82B0D1,0x82B0ED,0x82B116,0x82B139,0x82B25D,0x82B263,0x82B2DE,
  0x82B365,0x82B39A,0x82B3FC,0x82B45E,0x82B48B,0x82B4C2,0x82B50C,0x82B574,0x82B594,0x82B59A,0x82B5A2,0x82B612,
  0x82B70A,0x82B802,0x82B8E4,0x82BF0D,0x82C09A,0x82C0E3,0x82C119,0x82C167,0x82C1BF,0x82C1D1,0x82C1DC,0x82C254,
  0x82C2BA,0x82C326,0x82C366,0x82C3D7,0x82C42B,0x82C44E,0x82C48C,0x82C4CD,0x82C4E9,0x82C5A6,0x82C73F,0x82C798,
  0x82C84C,0x82C8A7,0x82C906,0x82C98A,0x82CB20,0x82CBD5,0x82CEFB,0x82CFD4,0x82D0A1,0x82D2C9,0x82D2FD,0x82D3A3,
  0x82D415,0x82D56A,0x82D5DA,0x82D75F,0x82D780,0x82D7F2,0x82D925,0x82DDE1,0x82DEA6,0x82DF7C,0x82DFB7,0x82EEBD,
  0x82EEDE,0x82EF5F,0x82EF7B,0x82F0CA,0x82F0F7,0x82F0FF,0x82F127,0x82F142,0x82F174,0x82F18F,0x82F1C8,0x82F1E5,
  0x82F202,0x82F242,0x82F278,0x82F2E9,0x82F315,0x82F374,0x82F3A7,0x82F3D5,0x82F40A,0x82F42F,0x82F44B,0x82F48B,
  0x82F4D4,0x82F51D,0x82F5D5,0x82F613,0x82F9E3,0x82FA02,0x82FA45,0x82FC61,0x82FC7D,0x82FC8F,0x82FCAB,0x82FD19,
  0x82FD30,0x82FD6C,0x82FE34,0x82FE4C,0x82FE77,0x82FEB0,0x82FEFE,0x82FF49,0x830109,0x830149,0x8302FE,0x83031D,
  0x830354,0x8303DC,0x830411,0x83043E,0x830463,0x83049C,0x83051D,0x83056B,0x830573,0x830641,0x830681,0x8306A5,
  0x8306C1,0x8306F4,0x8307E8,0x830806,0x83083D,0x83085E,0x83089F,0x8308E0,0x8309E3,0x8309F3,0x830A13,0x830A3B,
  0x830AB9,0x830AE3,0x830B0D,0x830B69,0x830B85,0x830BA6,0x830BD5,0x830C27,0x830C55,0x830CE5,0x830D1E,0x830D3F,
  0x830DEA,0x830E06,0x830E63,0x830FE5,0x83106E,0x83108E,0x8310DB,0x83110B,0x83116D,0x8311B1,0x8311B9,0x8311DA,
  0x831207,0x83122B,0x831252,0x831274,0x8312B5,0x8312E2,0x831381,0x8313AA,0x8313D0,0x831403,0x83145F,0x83148C,
  0x8314B9,0x831551,0x83157E,0x831590,0x8315B6,0x8315EE,0x83161B,0x831636,0x8316D0,0x831732,0x83174A,0x831762,
  0x8317DD,0x831806,0x831847,0x831892,0x8318BB,0x8318FB,0x83193F,0x83196C,0x8319B3,0x8319E7,0x831A09,0x831A37,
  0x831A68,0x831AE2,0x831B22,0x831B4A,0x831BC8,0x831CB0,0x831D95,0x831EFE,0x831F1F,0x831F33,0x831F68,0x831F8B,
  0x831FC3,0x831FDB,0x832009,0x832047,0x832070,0x832099,0x832104,0x83218C,0x832212,0x83228C,0x832386,0x8323C4,
  0x832410,0x8324DF,0x83252A,0x832553,0x83257A,0x832593,0x8325D2,0x83260C,0x832624,0x83274A,0x832781,0x8327C0,
  0x8327FC,0x83284F,0x832898,0x832904,0x83294D,0x83297A,0x8329C6,0x8329F7,0x832A3A,0x832A79,0x832AEC,0x832B39,
  0x832B98,0x832C2D,0x832C4A,0x832CBC,0x832D55,0x832D70,0x832DEB,0x832E18,0x832E98,0x833033,0x833051,0x833090,
  0x8330B1,0x833133,0x833162,0x8331C0,0x8331ED,0x83320B,0x833282,0x833315,0x83336E,0x833397,0x8333C4,0x833483,
  0x8334A5,0x8334DB,0x833508,0x833557,0x833584,0x83359B,0x8335F9,0x833626,0x833647,0x83366D,0x833696,0x8336D9,
  0x833715,0x833A62,0x833A99,0x833ADA,0x833AFF,0x833B3F,0x833B83,0x833C07,0x833C2C,0x833C59,0x833CB9,0x833D89,
  0x833DA2,0x833DB9,0x833DF8,0x833E28,0x833E42,0x833E59,0x833E70,0x833E8B,0x833EB4,0x833EEE,0x833F2B,0x833F65,
  0x833FA0,0x834120,0x83418B,0x8341E2,0x83425D,0x834371,0x83439E,0x834433,0x834467,0x834494,0x834509,0x83452E,
  0x83455B,0x8345F4,0x834AE7,0x834B02,0x834B7D,0x834B96,0x834BF0,0x834C34,0x834C77,0x834CA4,0x834E6B,0x834ED3,
  0x834F2A,0x834F7E,0x834F83,0x8352F2,0x83543B,0x83545F,0x835523,0x835602,0x835623,0x83566D,0x83568D,0x8356E6,
  0x83570F,0x835731,0x835769,0x835793,0x835820,0x83585B,0x83587A,0x835900,0x83591C,0x835A93,0x835ADC,0x835AF2,
  0x835B0A,0x835B46,0x835B7E,0x835BB9,0x835C70,0x835CD2,0x835CEE,0x835CFC,0x835D55,0x835D8E,0x835DF1,0x835E03,
  0x835E24,0x835E3F,0x835E96,0x835EBA,0x835EC0,0x835EC8,0x835F28,0x835F4F,0x835F6C,0x835F90,0x835FAE,0x836079,
  0x836097,0x83617A,0x8361C2,0x8361DE,0x836205,0x836234,0x836261,0x836287,0x8362AC,0x8362C9,0x8362F6,0x836335,
  0x836368,0x8363D0,0x8363EC,0x8363F2,0x83655A,0x836565,0x836617,0x836633,0x836663,0x83669A,0x836792,0x8367EB,
  0x836835,0x83687D,0x8368A9,0x8368EC,0x83692A,0x836945,0x83697E,0x8369BA,0x8369F0,0x836A37,0x836AB4,0x836C4E,
  0x836C89,0x836CA5,0x836CE5,0x836D04,0x837157,0x837178,0x837196,0x8371C6,0x837239,0x83728C,0x8372DF,0x8372FA,
  0x837315,0x8373B3,0x8373E4,0x837405,0x8374A0,0x837621,0x83764E,0x837674,0x837699,0x8376BA,0x837705,0x83775E,
  0x8377E8,0x83781A,0x837838,0x83786F,0x83789D,0x83794C,0x837969,0x837A20,0x837A3D,0x837AA8,0x837ABF,0x837B1E,
  0x837B76,0x837B91,0x837BBE,0x837BF5,0x837C28,0x837C41,0x837C58,0x837CD2,0x837D13,0x837D4C,0x837DB2,0x837DF9,
  0x837E14,0x837E9D,0x837EE3,0x838052,0x83812F,0x83816E,0x8382EB,0x838316,0x83833C,0x8383A6,0x838418,0x83841D,
  0x838440,0x83845A,0x83849B,0x8384C2,0x83881D,0x838824,0x8388D8,0x8388F4,0x8389CC,0x838A12,0x838A41,0x838A94,
  0x838ADA,0x838B32,0x838B75,0x838BB6,0x838BD2,0x838BF9,0x838D2A,0x838D3A,0x838D96,0x838DC0,0x838DF5,0x838E5A,
  0x838EBA,0x8392A7,0x8396BF,0x839805,0x83980C,0x839882,0x8398F5,0x8398FB,0x83990C,0x839912,0x839918,0x83991E,
  0x839924,0x839934,0x839944,0x83995B,0x839961,0x839972,0x839978,0x839987,0x8399AA,0x8399C4,0x8399E7,0x839A01,
  0x839A24,0x839A3E,0x839A61,0x839A7B,0x839A9E,0x839AB8,0x839ADB,0x839AF5,0x839B18,0x839B32,0x839B8C,0x83A26D,
  0x83A272,0x83A97B,0x83A9BD,0x83AA62,0x83AABA,0x83AB09,0x83AB1F,0x83AB4B,0x83AB5D,0x83AB84,0x83AC2E,0x83AC4A,
  0x83B471,0x83BC38,0x83BC44,0x83BC5B,0x83BCB1,0x83BDDD,0x83BEFA,0x83BF48,0x83BF7E,0x83BFB7,0x83C000,0x83C081,
  0x83C0A2,0x83C0E1,0x83C222,0x83C27F,0x83C29E,0x83D30E,0x83D353,0x83D4A3,0x83D53D,0x83D5E1,0x83D629,0x83D65E,
  0x83D7AD,0x83DBA4,0x83DBD4,0x83DC15,0x83DC4A,0x83DC6D,0x83DCC9,0x83DCE7,0x83DD42,0x83DD59,0x83DD75,0x83DDAB,
  0x83DDE1,0x83DE6B,0x83DED2,0x83DF2A,0x83DF92,0x83E14F,0x83E18A,0x83E1CB,0x83E1D2,0x83E208,0x83E25D,0x83E2B1,
  0x83E2EE,0x83E334,0x83E3AD,0x83E44D,0x83E469,0x83E486,0x83EB38,0x83EB7A,0x83EB99,0x83EBD4,0x83EC2D,0x83EC83,
  0x83ED1B,0x83ED37,0x83EDE7,0x83EE14,0x83F159,0x83F1BC,0x83F21F,0x83F279,0x83F2A3,0x83F2EB,0x83F321,0x83F42A,
  0x83F4AF,0x83F4C2,0x83F68C,0x83F6BC,0x83F6FA,0x83F6FF,0x83F730,0x83F74F,0x83F766,0x83F77D,0x83F794,0x83F7AB,
  0x83F7B7,0x83F7D3,0x83F817,0x83F874,0x83FA1A,0x83FA4E,0x83FDD0,0x83FDD6,0x83FDFD,0x83FE27,0x83FE84,0x83FF11,
  0x83FF41,0x83FF58,0x83FF70,0x83FF7B,0x83FF93,0x83FF9E,0x83FFBA,0x83FFD6,0x840004,0x84000E,0x840024,0x84002C,
  0x840034,0x84003C,0x840071,0x840098,0x8400AE,0x8400DD,0x84010E,0x8401C8,0x8401D0,0x840202,0x84028C,0x8402C1,
  0x8402E2,0x8403A0,0x84040D,0x840485,0x8404F2,0x840593,0x840621,0x8406DB,0x84077C,0x8407A9,0x8407FD,0x840AAA,
  0x840B9D,0x840C59,0x840D88,0x840E37,0x840F3F,0x8410E4,0x8412B0,0x8412D9,0x841330,0x841398,0x8413D0,0x84160F,
  0x841A9E,0x841C53,0x841D47,0x84211D,0x8423D3,0x8423E5,0x842434,0x84246C,0x8425A1,0x8425A9,0x8425E9,0x842676,
  0x842A85,0x842C93,0x843079,0x843089,0x8430F4,0x84313D,0x84316C,0x8431B8,0x84392C,0x843B4C,0x843C85,0x843D35,
  0x843D43,0x843FDF,0x843FFC,0x844041,0x844066,0x8440C7,0x844177,0x844210,0x84446F,0x84449F,0x8444BA,0x8444E6,
  0x844526,0x844548,0x8445C9,0x8445F2,0x8449CA,0x844BD4,0x844F55,0x844F8A,0x844FB8,0x845005,0x845022,0x84503D,
  0x845350,0x845357,0x84542A,0x845479,0x8455A0,0x8455DD,0x8456C9,0x8456E0,0x845830,0x845B55,0x845BBA,0x845FCA,
  0x845FE8,0x84606C,0x8460B5,0x846770,0x8467EB,0x846A2C,0x846C21,0x846C41,0x846C68,0x846C6D,0x846CDE,0x846D4F,
  0x846D9A,0x846DAF,0x846DF2,0x846E06,0x846E2A,0x846E63,0x846EC5,0x846F03,0x846F25,0x846F7F,0x846F8A,0x84700F,
  0x847034,0x84708A,0x8470D1,0x8470D6,0x8470FA,0x8470FF,0x847118,0x847136,0x847152,0x847189,0x8472A9,0x8472B4,
  0x8472BF,0x847383,0x847449,0x847508,0x847620,0x8476E6,0x8477B3,0x8478C7,0x8479A3,0x8479EB,0x847A91,0x847AB2,
  0x847BC4,0x847E39,0x847E55,0x847ED0,0x8480C9,0x8481DA,0x8482E0,0x8483E4,0x848A27,0x848B39,0x848BF0,0x848C3D,
  0x8490E0,0x84940F,0x849449,0x84944F,0x849677,0x8496C2,0x84970D,0x849717,0x84971D,0x84973B,0x849B6F,0x84A3B5,
  0x84A419,0x84A43A,0x84A46D,0x84A486,0x84A4B5,0x84A4EB,0x84A511,0x84A537,0x84A54F,0x84A5AF,0x84A5E5,0x84A613,
  0x84A640,0x84A657,0x84A6A3,0x84A6E8,0x84A729,0x84A760,0x84A797,0x84A7DB,0x84A825,0x84A86A,0x84A8AD,0x84A913,
  0x84A976,0x84ACA2,0x84ACFA,0x84AD56,0x84AD8B,0x84ADE0,0x84AE1D,0x84AE58,0x84AE74,0x84AEA1,0x84AF43,0x84AF49,
  0x84AF67,0x84AF80,0x84AFA8,0x84AFC4,0x84B01B,0x84B085,0x84B0EC,0x84B9D8,0x84BA05,0x84BA2E,0x84BA5F,0x84BA94,
  0x84BAE2,0x84BB04,0x84BB2D,0x84BBC1,0x84BC6F,0x84BCA7,0x84BE63,0x84BE80,0x84BF0D,0x84C16F,0x84C1D7,0x84C202,
  0x84C20D,0x84C257,0x84C311,0x84C348,0x84C3F1,0x84C3FA,0x84C4A1,0x84C559,0x84C5A5,0x84C5C8,0x84C61E,0x84C643,
  0x84C67C,0x84C6B4,0x84C6DE,0x84C736,0x84C76D,0x84C82E,0x84C844,0x84CC82,0x84CD69,0x84CEAE,0x84CFC9,0x84D059,
  0x84D2EC,0x84D3F7,0x84D4A2,0x84D59B,0x84D600,0x84D680,0x84D71E,0x84D787,0x84DF19,0x84DF84,0x84E0A6,0x84E135,
  0x84E1F4,0x84E443,0x84E5AF,0x84E62C,0x84E6A8,0x84E6C4,0x84E6E5,0x84E6E8,0x84E910,0x84E945,0x84E99A,0x84E9B5,
  0x84E9E9,0x84EA08,0x84EA2E,0x84EA57,0x84EA76,0x84EA8D,0x84EAAC,0x84EAD2,0x84EB02,0x84EB1E,0x84EB52,0x84EB6E,
  0x84EB9B,0x84EBC8,0x84EBF5,0x84EC2C,0x84EC67,0x84EC9E,0x84ED5D,0x84EDFB,0x84EEBA,0x84EF2C,0x84EF7B,0x84F08E,
  0x84F288,0x84F533,0x84F5F5,0x84F6A5,0x84F767,0x84F84B,0x84F92F,0x84FA13,0x84FAB2,0x84FB51,0x84FBF0,0x84FC8F,
  0x84FD2E,0x84FF46,0x84FF51,0x84FF6D,0x84FFB6,0x84FFF1,0x850140,0x8501CE,0x8501D3,0x85020C,0x85022B,0x850266,
  0x8502AF,0x8502F7,0x850326,0x850359,0x850388,0x8503B7,0x8503EA,0x850419,0x850435,0x8504F7,0x85054D,0x850647,
  0x850769,0x850815,0x850866,0x850915,0x85097A,0x8509DF,0x850A44,0x850ABC,0x850B1B,0x850B82,0x850BE9,0x850C1C,
  0x850C32,0x850C4E,0x850C60,0x850CAA,0x850CCA,0x850CD0,0x850D1E,0x850D74,0x850DDD,0x850DF9,0x850E83,0x850EEC,
  0x850F76,0x850FB8,0x851003,0x851021,0x85103D,0x851080,0x8511B5,0x85123F,0x851316,0x85133C,0x851362,0x851371,
  0x851384,0x8513B8,0x8513D6,0x8513DD,0x8513E4,0x8513FD,0x851412,0x8514ED,0x851551,0x851607,0x851770,0x85189C,
  0x851909,0x851A96,0x851B5D,0x851B6E,0x851BCF,0x851C48,0x851C92,0x851D10,0x851D26,0x851D42,0x851E38,0x851E7D,
  0x851E83,0x851E97,0x851E9A,0x851E9F,0x85207A,0x8522E3,0x85241F,0x852465,0x8524BC,0x85251A,0x852590,0x85260A,
  0x85266D,0x852782,0x852914,0x852A3E,0x852CA2,0x852D59,0x852DC5,0x852E2A,0x852E8F,0x8530BA,0x853468,0x8536EA,
  0x85393B,0x853BEC,0x853EDF,0x8549E7,0x854D01,0x854D9A,0x854DF7,0x85536C,0x855388,0x8553A9,0x8553D0,0x855415,
  0x85541B,0x855431,0x85544E,0x855466,0x8554C5,0x8554D6,0x8554E4,0x855533,0x85562D,0x8556EA,0x855706,0x855761,
  0x855830,0x8558C0,0x855E00,0x855E20,0x855E26,0x855E2C,0x855E38,0x855E43,0x855E88,0x855EA0,0x855EC7,0x855F61,
  0x855F7D,0x855F95,0x855FAD,0x855FC5,0x855FF1,0x85601C,0x85603F,0x8560C0,0x856154,0x856170,0x85618D,0x8561C0,
  0x8561EA,0x856227,0x856280,0x8562C9,0x8562DB,0x8563A2,0x856434,0x8564F6,0x856501,0x85657E,0x8565F0,0x856628,
  0x856644,0x8566B8,0x8566DF,0x856992,0x856B45,0x856B6A,0x856B93,0x856BAD,0x856C08,0x856C7E,0x856E1F,0x856E5C,
  0x856EE9,0x856FBE,0x857074,0x857182,0x857238,0x85730B,0x85733A,0x857399,0x857442,0x857448,0x85744C,0x857450,
  0x857454,0x85745F,0x857469,0x8574AE,0x8574F0,0x85750D,0x85757F,0x8575D5,0x8577FC,0x857818,0x857A19,0x857BDA,
  0x857E77,0x8580CE,0x8580EE,0x858133,0x858139,0x8581A1,0x858217,0x858282,0x85829E,0x8582A5,0x8582DE,0x8583D8,
  0x8583E3,0x8584DB,0x858701,0x858B97,0x858BA6,0x858BCB,0x858C41,0x858CFC,0x859198,0x859206,0x85921F,0x859225,
  0x85927B,0x8592D4,0x8592F0,0x859324,0x85935C,0x8594ED,0x85952E,0x85954A,0x8595A1,0x8595BA,0x8595E3,0x859609,
  0x859621,0x859789,0x8597B1,0x8597D8,0x8597FF,0x8598C1,0x859950,0x859AA2,0x859AAD,0x859C83,0x859ED4,0x859EF1,
  0x85A141,0x85A16E,0x85A204,0x85A249,0x85A24F,0x85A256,0x85A30C,0x85A399,0x85A42F,0x85A47A,0x85A491,0x85A4B3,
  0x85A4E4,0x85A5A8,0x85A5C4,0x85A5E9,0x85A7A9,0x85AEE4,0x85B049,0x85B063,0x85B0BC,0x85B11B,0x85B1C5,0x85B26F,
  0x85B2BE,0x85B2F4,0x85B319,0x85B346,0x85B36E,0x85B397,0x85B424,0x85B42A,0x85B46F,0x85B48F,0x85B6A5,0x85B718,
  0x85B73D,0x85B764,0x85B77A,0x85B7CF,0x85B7D5,0x85B81A,0x85B836,0x85B874,0x85B8AA,0x85BA00,0x85BAF1,0x85BB17,
  0x85BB30,0x85BB36,0x85BB73,0x85BBC9,0x85BC2E,0x85BC4A,0x85BC78,0x85BCE8,0x85BD04,0x85BD34,0x85BFE5,0x85C00C,
  0x85C065,0x85C06B,0x85C0B0,0x85C0B5,0x85C0DC,0x85C133,0x85C154,0x85C177,0x85C1C2,0x85C1DB,0x85C1E1,0x85C213,
  0x85C258,0x85C296,0x85C2F3,0x85C30F,0x85C5B8,0x85C5D8,0x85C5DE,0x85C610,0x85C655,0x85C682,0x85C6E8,0x85C704,
  0x85C75E,0x85C8C9,0x85C928,0x85C94A,0x85C987,0x85C9C4,0x85CA37,0x85CA3D,0x85CA45,0x85CA8A,0x85CBC8,0x85CC87,
  0x85CCB8,0x85CD20,0x85CE0A,0x85CE65,0x85D08F,0x85D1CD,0x85D1DD,0x85D1F9,0x85D216,0x85D271,0x85D29C,0x85D2FF,
  0x85D355,0x85D3ED,0x85D436,0x85D43C,0x85D481,0x85D48F,0x85D4B5,0x85D569,0x85D585,0x85D5CE,0x85D5EA,0x85D6AD,
  0x85D741,0x85D76C,0x85D7B6,0x85D7FD,0x85D930,0x85D9D1,0x85DE2F,0x85DE48,0x85DE54,0x85DE99,0x85DEC9,0x85DF21,
  0x85DF3D,0x85DF88,0x85E1A8,0x85E1C1,0x85E1C7,0x85E20C,0x85E251,0x85E29A,0x85E2EF,0x85E30B,0x85E52B,0x85E54D,
  0x85E55C,0x85E647,0x85E658,0x85E99A,0x85EA5F,0x85EBAF,0x85EBCC,0x85EBEE,0x85EF6A,0x85EFD2,0x85F037,0x85F03D,
  0x85F082,0x85F08A,0x85F28A,0x85F85B,0x85F899,0x85F9A2,0x85F9BE,0x85FAD7,0x85FCBB,0x85FDB7,0x85FE9D,0x85FEB6,
  0x85FECF,0x85FED5,0x85FEEB,0x85FF1C,0x85FF22,0x85FF3E,0x85FF83,0x85FFAD,0x85FFC9,0x860165,0x8601A4,0x8601EB,
  0x86022E,0x86029F,0x8602BB,0x860324,0x8603CC,0x8603F3,0x8603F9,0x860487,0x8604CC,0x8604E2,0x8605EC,0x860608,
  0x860664,0x860887,0x8608B5,0x8609A8,0x860B39,0x860E93,0x8612E7,0x8613DA,0x8614FF,0x86158D,0x8615FE,0x861672,
  0x861712,0x8618E7,0x861903,0x861999,0x8619BB,0x8619E8,0x8619ED,0x861A37,0x861A3D,0x861A82,0x861AA9,0x861B45,
  0x861D51,0x861D72,0x861D8E,0x861DA9,0x861DC1,0x861DDF,0x861E17,0x861E6E,0x861E99,0x861F06,0x861F79,0x861F97,
  0x861FC2,0x861FD9,0x86200F,0x862015,0x86205A,0x8620C1,0x8620DD,0x862275,0x86228E,0x8622E9,0x862351,0x8623D6,
  0x8623E0,0x8623F1,0x862456,0x8624BD,0x8624C8,0x8624D7,0x8624E1,0x862520,0x862535,0x86255C,0x862606,0x86270D,
  0x862752,0x862758,0x862765,0x862772,0x86277F,0x862783,0x86280D,0x862865,0x86292C,0x862990,0x8629ED,0x862A4E,
  0x862A88,0x862B07,0x862DAB,0x862E4F,0x862EA3,0x862EFA,0x862F4A,0x863225,0x86327C,0x8632C6,0x863388,0x8633A4,
  0x863585,0x863636,0x8637BE,0x863807,0x863850,0x8638A2,0x8638C5,0x8638CB,0x86393B,0x863983,0x8639EF,0x863A5F,
  0x863B28,0x863B3B,0x863B45,0x863B4F,0x863B76,0x863B85,0x863B8F,0x863BED,0x863BF3,0x863C00,0x863C0D,0x863C29,
  0x863C8A,0x863C90,0x863CD5,0x863D30,0x863D3A,0x863D77,0x863E97,0x863EB3,0x863FD5,0x864002,0x864028,0x86404D,
  0x864314,0x864331,0x864341,0x864357,0x8643EC,0x8643F8,0x86441E,0x8644CE,0x86450D,0x864612,0x8646C9,0x8646E5,
  0x86475D,0x864794,0x86491E,0x86498E,0x8649B7,0x8649ED,0x864A00,0x864A27,0x864A8A,0x864A90,0x864AD5,0x864B29,
  0x864BFE,0x864CE6,0x864E98,0x864EAA,0x864F4F,0x864F97,0x864FDC,0x864FE2,0x865009,0x86502B,0x865076,0x8650E4,
  0x865100,0x86511C,0x86525F,0x865289,0x8652BA,0x8652C0,0x865305,0x865321,0x865332,0x86539E,0x86540A,0x865598,
  0x8655C2,0x8655DC,0x8655FE,0x865606,0x86561F,0x865631,0x865679,0x865694,0x8656D6,0x86570B,0x865736,0x865748,
  0x865781,0x8657B6,0x8657D1,0x86583C,0x86584C,0x865853,0x86588C,0x8658A3,0x865932,0x8659B2,0x8659D8,0x865A55,
  0x865A5C,0x865A7E,0x865AC7,0x865B33,0x865BA6,0x865C07,0x865C15,0x865C2C,0x865C59,0x865C86,0x865C98,0x865CB1,
  0x865CCA,0x865CE3,0x865D3D,0x865E78,0x865EB6,0x865F9A,0x86603B,0x86620E,0x866267,0x86629F,0x8662D0,0x866302,
  0x86630B,0x866367,0x8663B6,0x866411,0x8664B9,0x8664C1,0x8664EA,0x866513,0x866557,0x86657B,0x86659C,0x8665BE,
  0x866675,0x8666A1,0x8666F4,0x86677B,0x8667B3,0x8667EB,0x866815,0x866842,0x8668CA,0x866950,0x866987,0x8669B1,
  0x866A6B,0x866AE3,0x866B17,0x866B69,0x866D04,0x866DEF,0x866E08,0x866E51,0x866E73,0x866EA8,0x866FCE,0x866FF0,
  0x86702D,0x86708F,0x867120,0x8671F5,0x867242,0x867305,0x86732E,0x867353,0x867370,0x8673B4,0x86743C,0x8674C2,
  0x8675B0,0x8675E8,0x867602,0x867663,0x8676AC,0x8677D2,0x8678EB,0x867947,0x867A2A,0x867A6F,0x867A75,0x867A7C,
  0x867A94,0x867AA1,0x867AAE,0x867AB4,0x867AC1,0x867AC9,0x867ACD,0x867AD4,0x867C40,0x867D20,0x867D6A,0x867DD1,
  0x867DFE,0x867E1B,0x867F18,0x867F34,0x867F56,0x8680D8,0x8680F4,0x8682D9,0x868759,0x8689EC,0x868A70,0x868FEF,
  0x869496,0x8694B0,0x8694FD,0x869542,0x869548,0x869555,0x869565,0x86956C,0x869584,0x8695B9,0x8695DF,0x869602,
  0x86961A,0x869632,0x869655,0x86970E,0x869713,0x869790,0x8697AC,0x869807,0x869863,0x869873,0x8698B4,0x86992B,
  0x8699BF,0x869A5A,0x869B33,0x869BCE,0x869C22,0x869C28,0x869C6B,0x869CB0,0x869CCC,0x869CE7,0x869D77,0x869E1A,
  0x869E5D,0x869E73,0x869E86,0x869ECF,0x869ED4,0x869EED,0x869F22,0x869F86,0x869F97,0x869FA3,0x86A002,0x86A104,
  0x86A1FA,0x86A2D0,0x86A3DB,0x86A43E,0x86A4E4,0x86A530,0x86A688,0x86A731,0x86A80F,0x86A83C,0x86A862,0x86A887,
  0x86A8BD,0x86A921,0x86A943,0x86ABDC,0x86AEB2,0x86AED7,0x86AEF1,0x86AF0A,0x86AF85,0x86B005,0x86B04A,0x86B050,
  0x86B057,0x86B05F,0x86B0F0,0x86B12F,0x86B14D,0x86B169,0x86B36E,0x86B425,0x86B5F9,0x86B615,0x86B67D,0x86B77B,
  0x86B86D,0x86B9F5,0x86BA2C,0x86BB03,0x86BB63,0x86BB89,0x86BBC9,0x86BC41,0x86BC78,0x86BCF9,0x86BD54,0x86BD7D,
  0x86BD98,0x86BDC0,0x86BDD3,0x86BE2E,0x86BE49,0x86BE64,0x86BE9A,0x86BEEA,0x86BF43,0x86BF96,0x86BFB5,0x86C02C,
  0x86C085,0x86C09B,0x86C0BC,0x86C0D1,0x86C0F9,0x86C12F,0x86C192,0x86C1C6,0x86C1E5,0x86C1ED,0x86C238,0x86C269,
  0x86C28A,0x86C2A8,0x86C2C0,0x86C2DA,0x86C2F8,0x86C30A,0x86C3E7,0x86C40D,0x86C4BE,0x86C4EA,0x86C61E,0x86C6EB,
  0x86C713,0x86C737,0x86C758,0x86C77D,0x86C7DE,0x86C7F6,0x86C81E,0x86C8AC,0x86C8B9,0x86C8DE,0x86C8F2,0x86C92D,
  0x86C962,0x86C9CD,0x86C9E7,0x86C9F3,0x86CA3D,0x86CA78,0x86CC84,0x86CD04,0x86CD21,0x86CD4E,0x86CD7B,0x86CD8D,
  0x86CDB3,0x86CDD8,0x86CE05,0x86CE41,0x86CE5A,0x86CE77,0x86CEAD,0x86CEF5,0x86CF2A,0x86D056,0x86D061,0x86D170,
  0x86D1FE,0x86D259,0x86D3F3,0x86D438,0x86D4CD,0x86D562,0x86D5BB,0x86D614,0x86D66D,0x86D6FD,0x86D720,0x86D755,
  0x86D75E,0x86D7E6,0x86D830,0x86D881,0x86D8FE,0x86DA02,0x86DA84,0x86DAAD,0x86DAD6,0x86DB1A,0x86DB41,0x86DB6E,
  0x86DB90,0x86DBA2,0x86DBC4,0x86DBE2,0x86DC38,0x86DC6B,0x86DC96,0x86DCC6,0x86DCFE,0x86DD36,0x86DD5F,0x86DDE9,
  0x86DE0B,0x86DEAF,0x86DED1,0x86DF0B,0x86DF44,0x86E0CB,0x86E13E,0x86E197,0x86E214,0x86EA09,0x86EAD0,0x86EB60,
  0x86EBF4,0x86EC2D,0x86ECAB,0x86ED25,0x86EDB0,0x86EE1B,0x86EE52,0x86EF13,0x86F053,0x86F0F1,0x86F18F,0x86F4EE,
  0x86F60A,0x86F6E1,0x86F7A3,0x86F8BA,0x86F93F,0x86F9CA,0x86FA01,0x86FA87,0x86FE0F,0x86FEAD,0x86FEEC,0x86FFD2,
  0x8700AC,0x870180,0x870204,0x87043B,0x87048F,0x8704DA,0x87055D,0x8705A6,0x870655,0x870667,0x8706DF,0x8707A0,
  0x870A1B,0x870A92,0x870AEE,0x870B91,0x870C29,0x870D4E,0x870E50,0x870F75,0x87104A,0x8710A8,0x871110,0x871184,
  0x87127D,0x8713F6,0x871536,0x87159F,0x8715B6,0x871602,0x87168A,0x871710,0x871844,0x871897,0x8718ED,0x871915,
  0x8719E4,0x871A6F,0x871A90,0x871B9B,0x871D41,0x871F29,0x871F8B,0x87209C,0x8720C2,0x87210B,0x872188,0x8722AE,
  0x872378,0x8723E0,0x87242F,0x87253E,0x872654,0x8727F9,0x872A69,0x872A6F,0x872A7F,0x872A8D,0x872A9A,0x872AA1,
  0x872AAE,0x872AB5,0x872ACB,0x872AD2,0x872ADF,0x872AE7,0x872AEE,0x872AF5,0x872B02,0x872B09,0x872B10,0x872B1D,
  0x872B24,0x872B69,0x872B76,0x872B91,0x872B9E,0x872BAB,0x872BB8,0x872BC5,0x872D0A,0x872EFC,0x87317A,0x873262,
  0x873322,0x87336F,0x87342C,0x873449,0x873522,0x87357A,0x8735BF,0x8735D8,0x873607,0x873655,0x87366E,0x8736EF,
  0x87370B,0x87393E,0x873A02,0x873AE3,0x873D48,0x873F30,0x873FE8,0x87468B,0x875221,0x87545C,0x875550,0x875619,
  0x87566B,0x8757FC,0x875847,0x87594C,0x8759FF,0x875C93,0x875DC3,0x875EFD,0x875F18,0x875FB2,0x8762DD,0x87631F,
  0x876394,0x876406,0x876481,0x876A08,0x876B25,0x876C23,0x876D4E,0x876DA5,0x876FC4,0x877182,0x8771B9,0x87720C,
  0x8772E5,0x877312,0x877338,0x87735D,0x87737A,0x877385,0x877669,0x8776BB,0x877751,0x877A7A,0x877D89,0x877E12,
  0x8780E4,0x878905,0x878B12,0x878B45,0x878B63,0x878B7E,0x878E33,0x878EE5,0x8790EA,0x879106,0x87918E,0x8791C5,
  0x879849,0x8798B1,0x8798B7,0x87990E,0x879922,0x879927,0x87992C,0x879947,0x87994C,0x879991,0x8799AD,0x8799CF,
  0x879A72,0x879A83,0x879FDB,0x87A281,0x87A286,0x87A31B,0x87A321,0x87A329,0x87A361,0x87A38E,0x87A3A4,0x87A3C2,
  0x87A3EB,0x87A426,0x87A46B,0x87A487,0x87A48C,0x87A51F,0x87A559,0x87A5A6,0x87A606,0x87A677,0x87A6D3,0x87A72F,
  0x87A7B4,0x87A89E,0x87A988,0x87AA2C,0x87AC9A,0x87AD94,0x87AE0A,0x87AE43,0x87B002,0x87B014,0x87B030,0x87B042,
  0x87B0F1,0x87B123,0x87B1A7,0x87B2BD,0x87B302,0x87B308,0x87B312,0x87B392,0x87B3EC,0x87B4DC,0x87B50B,0x87B682,
  0x87B69A,0x87B6B2,0x87B6E1,0x87B7E3,0x87B83E,0x87B8A9,0x87B8C5,0x87B935,0x87B994,0x87BA06,0x87BA4C,0x87BAEC,
  0x87BB6A,0x87BBE8,0x87BD77,0x87BE7C,0x87BEC8,0x87BFA6,0x87C273,0x87C2B7,0x87C52E,0x87C5D8,0x87C631,0x87C6CE,
  0x87C8DF,0x87C9B8,0x87CA2B,0x87CCCB,0x87CD5A,0x87CD76,0x87CDA6,0x87CDD6,0x87CE1B,0x87CE3D,0x87CE61,0x87CE66,
  0x87CE79,0x87CE8F,0x87CEA8,0x87CEB3,0x87CF57,0x87CF74,0x87CFA6,0x87CFE6,0x87CFEB,0x87D04B,0x87D0E0,0x87D1A7,
  0x87D1E0,0x87D219,0x87D252,0x87D2A3,0x87D2BE,0x87D35E,0x87D364,0x87D3A9,0x87D3C5,0x87D3CA,0x87D4CF,0x87D55F,
  0x87D649,0x87D691,0x87D917,0x87D929,0x87D93F,0x87D99C,0x87D9A1,0x87D9F6,0x87DB01,0x87DEFB,0x87E516,0x87E567,
  0x87E5CA,0x87E647,0x87E784,0x87E78A,0x87E7CF,0x87E894,0x87E8E0,0x87E8FC,0x87EBF1,0x87EC0B,0x87EC53,0x87EC6E,
  0x87ECC7,0x87ED45,0x87ED55,0x87EDA9,0x87EDB7,0x87EE17,0x87EE53,0x87EFF8,0x87F099,0x87F0CF,0x87F10E,0x87F18B,
  0x87F1BA,0x87F205,0x87F2D4,0x87F2DA,0x87F2F5,0x87F2FC,0x87F341,0x87F435,0x87F4E0,0x87F598,0x87F5B4,0x87F5E4,
  0x87F7B4,0x87FBE9,0x87FC71,0x87FC8D,0x87FCD7,0x87FCDC,0x87FCEF,0x87FD0F,0x87FD9D,0x87FDAD,0x87FDDD,0x87FE19,
  0x87FEA4,0x87FEDA,0x87FF18,0x87FFC7,0x88014B,0x8801C8,0x8801F7,0x880242,0x880311,0x880317,0x880332,0x880377,
  0x88042C,0x8804D7,0x8805AE,0x8805CA,0x8805FA,0x8807CA,0x880B9C,0x880C98,0x880D0D,0x880D29,0x880D90,0x880DD3,
  0x880E18,0x880E1E,0x880E22,0x880E29,0x880E44,0x880E8B,0x880E90,0x880EF2,0x880F0E,0x880F21,0x880F78,0x880FA8,
  0x880FC6,0x88103B,0x881072,0x881098,0x8810AB,0x8810C9,0x88117A,0x8811DD,0x88121A,0x881272,0x881298,0x8812A8,
  0x8812B0,0x881367,0x881501,0x881579,0x8815BE,0x8815C4,0x8815CB,0x8815D0,0x8815D5,0x8815DA,0x8815DF,0x8815E4,
  0x8815F7,0x88162F,0x88163A,0x88178E,0x8817AA,0x8817AF,0x88182D,0x881863,0x881A5E,0x881CB5,0x881CE7,0x881D4B,
  0x881DA9,0x881DC5,0x881E07,0x881E38,0x881E3E,0x881EA9,0x881EEE,0x881EF8,0x881F37,0x881FB0,0x881FCC,0x881FF3,
  0x882058,0x882BBC,0x882BD5,0x882BDB,0x882C31,0x882C96,0x882CB2,0x882D00,0x882D1C,0x882D5B,0x88305B,0x883082,
  0x8830A2,0x8830A8,0x8830ED,0x88314A,0x8831AC,0x8831C8,0x88320F,0x88322B,0x88325B,0x8832F0,0x8834C3,0x8834DE,
  0x8834F7,0x88356A,0x8835AB,0x88360D,0x883613,0x883618,0x88365D,0x8836D3,0x88373F,0x8837E6,0x883801,0x88385C,
  0x883862,0x8838A7,0x8838C3,0x883935,0x88395E,0x88397A,0x88397F,0x883A29,0x883A83,0x883B4A,0x8840D4,0x8840FC,
  0x884244,0x8842AF,0x884337,0x884375,0x884391,0x88442C,0x884448,0x884492,0x8844D5,0x8844DB,0x884511,0x884566,
  0x88459B,0x8845EF,0x88460B,0x884691,0x8846D4,0x884729,0x88476C,0x884799,0x8847BF,0x8847ED,0x884806,0x884845,
  0x884863,0x884915,0x88494C,0x8849CE,0x8849F2,0x884A0E,0x884A64,0x884A84,0x884A8A,0x884A95,0x884B6D,0x884BB2,
  0x884BCF,0x884C22,0x884C8B,0x884CA7,0x884CC1,0x884CF1,0x884DD9,0x884DF5,0x884E33,0x884F73,0x884FCB,0x8851B7,
  0x8851DE,0x8851E4,0x8851E7,0x8851EB,0x88525D,0x8852C9,0x885346,0x885362,0x885380,0x8853A0,0x8853F9,0x88546B,
  0x885487,0x8854A3,0x8854D3,0x88579B,0x885885,0x88588B,0x8859F4,0x885A39,0x885A60,0x885A6F,0x885CB9,0x885CD5,
  0x885D90,0x885E25,0x885E47,0x885EA5,0x885EB6,0x885F81,0x885F87,0x885FCC,0x885FF3,0x886129,0x886145,0x886165,
  0x88616B,0x886193,0x8861D8,0x8861FA,0x886272,0x88628E,0x886300,0x886326,0x886378,0x88638E,0x8863B0,0x886448,
  0x8864BB,0x8864EE,0x886554,0x886599,0x88659F,0x8865AB,0x8865C7,0x8865F7,0x886669,0x8867BB,0x886831,0x886878,
  0x8868A6,0x8868C2,0x886C50,0x886C70,0x886C76,0x886C99,0x886CDE,0x886D08,0x886D71,0x886D8D,0x886DBA,0x886E20,
  0x886E38,0x886E4A,0x886E5C,0x886EB2,0x886EE0,0x886EE6,0x886EF2,0x886F1C,0x886F6C,0x886FB1,0x886FF7,0x887013,
  0x88701C,0x887070,0x887082,0x88709D,0x88713D,0x887159,0x887191,0x8873D9,0x8873F9,0x8873FF,0x887444,0x88744E,
  0x887458,0x8874B3,0x88754D,0x887569,0x8875F1,0x887616,0x887857,0x8878B4,0x8878BA,0x8878FF,0x887953,0x88796A,
  0x887986,0x8879C5,0x887A35,0x887AF5,0x887B56,0x887B72,0x887BAB,0x887C94,0x887CF3,0x887D63,0x887D69,0x887DAE,
  0x887DF7,0x887EC8,0x887EE4,0x887F17,0x888080,0x888119,0x888135,0x888180,0x888199,0x8881C7,0x8881CD,0x8881E9,
  0x888202,0x888247,0x88826E,0x8883B1,0x8883E9,0x8883EF,0x888434,0x888439,0x888453,0x88846F,0x888488,0x88848E,
  0x8884D3,0x8884FD,0x888519,0x888696,0x8886AF,0x8886B5,0x8886F1,0x88871C,0x888761,0x88878B,0x8887A7,0x8887D6,
  0x888A24,0x888B65,0x888BAE,0x888BC7,0x888BE6,0x888BF4,0x888C0D,0x888C13,0x888C68,0x888CAD,0x888CF2,0x888D14,
  0x888D3E,0x888D5A,0x888DC9,0x888DFE,0x888E36,0x888E52,0x888E97,0x888F04,0x888F8F,0x889006,0x889058,0x889097,
  0x8890CE,0x8890EA,0x889106,0x889141,0x88916B,0x88918B,0x889191,0x889198,0x8891DD,0x889222,0x889262,0x88927E,
  0x8892B0,0x88939A,0x8893E7,0x889400,0x889406,0x88944B,0x889592,0x8895BC,0x8895D8,0x88975B,0x889774,0x88977A,
  0x8897BF,0x8897E9,0x889805,0x88982A,0x889843,0x889849,0x88988E,0x8898B8,0x8898D4,0x889938,0x8899A4,0x8899D0,
  0x889A19,0x889A43,0x889A88,0x889A8E,0x889AAA,0x889AAF,0x889C61,0x889C7D,0x889CAD,0x889CC6,0x889CE0,0x889D25,
  0x889D57,0x889D73,0x889DB2,0x889DE9,0x889E07,0x889E20,0x889E26,0x889E6B,0x889E95,0x889EB1,0x889F27,0x889F40,
  0x889F46,0x889F8B,0x889FA7,0x88A024,0x88A0C9,0x88A0E2,0x88A127,0x88A13E,0x88A192,0x88A1AE,0x88A1E6,0x88A2C1,
  0x88A326,0x88A3A2,0x88A3E7,0x88A41D,0x88A453,0x88A4AC,0x88A55B,0x88A60A,0x88A6B9,0x88A72C,0x88A7B7,0x88A8E0,
  0x88AA43,0x88AB07,0x88AB23,0x88AB92,0x88ACC5,0x88AD0A,0x88AD10,0x88AD41,0x88AD6B,0x88AE0C,0x88AE29,0x88AF21,
  0x88B07E,0x88B09A,0x88B1E6,0x88B206,0x88B20C,0x88B211,0x88B217,0x88B25C,0x88B2D4,0x88B2F0,0x88B479,0x88B648,
  0x88B668,0x88B66E,0x88B6C4,0x88B6FC,0x88B718,0x88B731,0x88B737,0x88B76B,0x88B7B0,0x88B814,0x88B830,0x88B84F,
  0x88B863,0x88B897,0x88B8CD,0x88B8F5,0x88B8FB,0x88B91F,0x88B925,0x88B94D,0x88B953,0x88B998,0x88B9BE,0x88BAA1,
  0x88BAA7,0x88BACF,0x88BAD5,0x88BB0D,0x88BB1F,0x88BB4B,0x88BBC0,0x88BBC8,0x88BBCE,0x88BC04,0x88BC33,0x88BC50,
  0x88BC5B,0x88BC61,0x88BCAC,0x88BCF8,0x88BD45,0x88BD8D,0x88BDDE,0x88BDEE,0x88BE0D,0x88BE18,0x88BE47,0x88BE84,
  0x88BEBE,0x88BEC8,0x88BED2,0x88BF1A,0x88BF4E,0x88BF7A,0x88BFA9,0x88BFC3,0x88BFDF,0x88BFE4,0x88C000,0x88C04F,
  0x88C06B,0x88C1A0,0x88C1BC,0x88C1C1,0x88C217,0x88C2FE,0x88C4A3,0x88C51B,0x88C57A,0x88C5A6,0x88C5C7,0x88C763,
  0x88C78F,0x88C7B0,0x88C7DB,0x88C8CA,0x88C90F,0x88C915,0x88C924,0x88C931,0x88C93C,0x88C966,0x88CAB4,0x88CAF5,
  0x88CB8A,0x88CC08,0x88CCFC,0x88CF96,0x88CFFE,0x88D0C6,0x88D0D8,0x88D123,0x88D186,0x88D1A1,0x88D1AC,0x88D272,
  0x88D44F,0x88D692,0x88D6AE,0x88D7D2,0x88D993,0x88E17F,0x88E3CE,0x88E40A,0x88E44F,0x88E582,0x88E6AF,0x88E6D8,
  0x88E7D5,0x88E7DB,0x88E820,0x88E87F,0x88E8C7,0x88E9B0,0x88EB76,0x88EC1B,0x88EC37,0x88EC89,0x88ECA5,0x88ECE2,
  0x88ECFB,0x88ED01,0x88ED46,0x88EDAD,0x88EDDA,0x88EE2E,0x88EE4A,0x88EE6E,0x88EFA9,0x88EFD0,0x88EFEB,0x88F041,
  0x88F0AA,0x88F113,0x88F26F,0x88F2B2,0x88F327,0x88F37D,0x88F419,0x88F41F,0x88F464,0x88F554,0x88F704,0x88F720,
  0x88F731,0x88F7A1,0x88F7D8,0x88F7FD,0x88F847,0x88F863,0x88F8C4,0x88F8CA,0x88F90F,0x88F95E,0x88F97A,0x88FA81,
  0x88FB79,0x88FBCA,0x88FBE6,0x88FBEE,0x88FCBB,0x88FCD8,0x88FD62,0x88FD68,0x88FDAD,0x88FDFA,0x88FE48,0x88FEA8,
  0x88FED5,0x88FEFB,0x88FF3C,0x88FF53,0x88FF6F,0x890142,0x89015F,0x8901AB,0x8904B8,0x89067D,0x8906BC,0x8906EF,
  0x890738,0x890B09,0x890BBB,0x890C86,0x890CA2,0x890CD9,0x890DBC,0x890DD5,0x890DDB,0x890E20,0x890E3E,0x890E71,
  0x890E8D,0x89123E,0x8912C5,0x8915EE,0x891625,0x891696,0x891713,0x891768,0x89176E,0x8917B3,0x8917E0,0x8917FD,
  0x8919BE,0x891AE4,0x891B72,0x891C93,0x891CAF,0x891CD3,0x891CEB,0x891D3B,0x891D62,0x891D88,0x891EE2,0x891F3C,
  0x891F81,0x891F87,0x891F9B,0x892013,0x892083,0x89209F,0x8921E3,0x89251C,0x8929F5,0x892A70,0x892AA1,0x892AE6,
  0x892AEC,0x892AFD,0x892B02,0x892B3C,0x892C33,0x892C38,0x892C93,0x892CAF,0x892CE3,0x892D25,0x892D83,0x892E3C,
  0x892EBD,0x89324F,0x893268,0x89326E,0x8932C5,0x89330A,0x893347,0x893394,0x8933B0,0x893629,0x893650,0x893670,
  0x8936B5,0x8936BB,0x8936C9,0x893738,0x893765,0x8937F4,0x893810,0x893869,0x893871,0x8938D9,0x893B26,0x893B42,
  0x893B8D,0x893BBA,0x893BF2,0x893BF8,0x893C1F,0x893C64,0x893C80,0x893CBC,0x893CCD,0x893D0D,0x893D29,0x893D61,
  0x893E36,0x893E4C,0x893E7D,0x893E83,0x893EC8,0x894063,0x8940E4,0x894100,0x894327,0x894396,0x8943CB,0x8943FC,
  0x894402,0x894422,0x894467,0x8944EB,0x894507,0x89453F,0x89455B,0x8945C1,0x89463A,0x89478E,0x8947DA,0x8947F6,
  0x89483A,0x8948B8,0x8948EA,0x8948F0,0x894935,0x894986,0x8949A2,0x894C09,0x894C52,0x894C89,0x894CBF,0x894CED,
  0x894CF3,0x894D38,0x894D81,0x894D9D,0x894DDC,0x894DF8,0x894F19,0x894F32,0x894F38,0x894F9E,0x894FF4,0x89509B,
  0x8950F4,0x895110,0x89512C,0x89515C,0x895310,0x8953BB,0x89545F,0x895478,0x89547E,0x8954C3,0x895524,0x895556,
  0x895572,0x8955A4,0x8955E6,0x895602,0x895632,0x895715,0x895741,0x8957B7,0x895805,0x895836,0x89583C,0x89585C,
  0x8958A1,0x8958BD,0x8958F8,0x895907,0x895961,0x89597D,0x8959B5,0x895A6E,0x895A8E,0x895ABF,0x895AC5,0x895AE5,
  0x895B2A,0x895B46,0x895B65,0x895BA9,0x895BCF,0x895BF7,0x895BFB,0x895C65,0x895C6B,0x895C75,0x895D15,0x895D5A,
  0x895D98,0x895E44,0x895E60,0x895E7A,0x895E96,0x895ECE,0x896033,0x896156,0x8961F7,0x896370,0x8963DE,0x89640F,
  0x896415,0x896435,0x89643A,0x89643F,0x896484,0x8964A0,0x89653A,0x89659F,0x8965D2,0x896608,0x89668C,0x8966A8,
  0x8966F9,0x896751,0x896756,0x89679D,0x896834,0x89699B,0x8969AC,0x8969CA,0x8969D1,0x8969E5,0x896A32,0x896A69,
  0x896A70,0x896AA7,0x896AC7,0x896AE3,0x896B56,0x896C4C,0x896C72,0x896CF2,0x896DB4,0x896E31,0x896F99,0x896FD9,
  0x89713F,0x89724B,0x8972B2,0x897368,0x8973EE,0x897538,0x89753E,0x897583,0x89763B,0x8977BF,0x89796B,0x897987,
  0x897D25,0x897D2D,0x897E01,0x897E87,0x8980A3,0x8980EF,0x89816C,0x8981BE,0x89822B,0x898252,0x89825A,0x898263,
  0x898276,0x89827C,0x898290,0x8982D5,0x89833B,0x898357,0x898381,0x8983B5,0x89841E,0x8984C3,0x8984FD,0x898519,
  0x89854E,0x898567,0x898598,0x89859E,0x8985BE,0x8985E0,0x8985E5,0x898611,0x898656,0x898672,0x8986A3,0x8986A9,
  0x8986C9,0x89870E,0x89873E,0x89875A,0x8987FC,0x898815,0x89881B,0x898842,0x898887,0x8988C7,0x8988F5,0x898911,
  0x898999,0x898A2D,0x898A5D,0x898ACC,0x898AD2,0x898B17,0x898B60,0x898B7C,0x898C17,0x898EE8,0x898F8F,0x898FCE,
  0x89903C,0x8990A4,0x8990BD,0x8990C3,0x899108,0x89913F,0x899171,0x89918D,0x8991B9,0x899202,0x899248,0x8993D1,
  0x8993D6,0x8993F6,0x8993FC,0x899405,0x89947A,0x8994BF,0x899538,0x899554,0x89955B,0x899562,0x89958F,0x899A20,
  0x899A39,0x899A78,0x899A96,0x899B2D,0x899BEE,0x899C0A,0x899C49,0x899C7D,0x899E17,0x899E28,0x899E41,0x899E47,
  0x899E8C,0x899F1F,0x899F81,0x899F9D,0x89A129,0x89A145,0x89A175,0x89A18D,0x89A1A6,0x89A1AC,0x89A1DE,0x89A223,
  0x89A258,0x89A282,0x89A29E,0x89A308,0x89A392,0x89A468,0x89A503,0x89A563,0x89A5C5,0x89A6F0,0x89A765,0x89A816,
  0x89A90F,0x89AA69,0x89AB8F,0x89ACE4,0x89AE6E,0x89AE9B,0x89AEDE,0x89AEFF,0x89AF29,0x89AF4D,0x89AFB8,0x89AFC5,
  0x89B05E,0x89B0D0,0x89B115,0x89B11B,0x89B124,0x89B13A,0x89B206,0x89B2A3,0x89B575,0x89B591,0x89B68B,0x89B792,
  0x89B7AE,0x89BC87,0x89BCD2,0x89BDE6,0x89BEC2,0x89BED1,0x89BEE0,0x89BF53,0x89BFAF,0x89BFB5,0x89BFE0,0x89BFFE,
  0x89C006,0x89C04B,0x89C12F,0x89C186,0x89C18E,0x89C19D,0x89C1A4,0x89C261,0x89C33A,0x89C35E,0x89C37A,0x89C45B,
  0x89C460,0x89C4F5,0x89C586,0x89C5A2,0x89C5DD,0x89C6F5,0x89C759,0x89C97A,0x89C9BA,0x89C9FA,0x89CA84,0x89CB19,
  0x89CC24,0x89CC29,0x89D0E3,0x89D103,0x89D109,0x89D15B,0x89D1A0,0x89D1C5,0x89D21F,0x89D290,0x89D2AC,0x89D3C8,
  0x89D3E4,0x89D3F5,0x89D41B,0x89D4C7,0x89D4D2,0x89D647,0x89D6F4,0x89D70D,0x89D713,0x89D758,0x89D7A9,0x89D7C5,
  0x89D7E6,0x89D95A,0x89D973,0x89D979,0x89D9BE,0x89DA02,0x89DA1E,0x89DB5D,0x89DDF0,0x89DE21,0x89DE66,0x89DE6C,
  0x89DE7C,0x89DE81,0x89DF11,0x89DF93,0x89DFAE,0x89E01F,0x89E03B,0x89E05C,0x89E0B5,0x89E0F6,0x89E133,0x89E169,
  0x89E41F,0x89E459,0x89E48A,0x89E490,0x89E495,0x89E4DA,0x89E560,0x89E57C,0x89E5CC,0x89E623,0x89E669,0x89E7C1,
  0x89E884,0x89E990,0x89E9F8,0x89EA69,0x89EA82,0x89EA88,0x89EACA,0x89EAD7,0x89EB1C,0x89EB48,0x89EB7D,0x89EB99,
  0x89EBBA,0x89EBE8,0x89EC43,0x89ECD7,0x89ED19,0x89ED5C,0x89EDD2,0x89EDD8,0x89EE1D,0x89EE44,0x89EE53,0x89EE5D,
  0x89EE67,0x89EEDA,0x89F00E,0x89F02A,0x89F114,0x89F32D,0x89F35F,0x89F42D,0x89F6DA,0x89F6F6,0x89F741,0x89F761,
  0x89F767,0x89F7AC,0x89F7D3,0x89F7E2,0x89F7EC,0x89F7F6,0x89F890,0x89F903,0x89F91F,0x89F95C,0x89F978,0x89F9A8,
  0x89FB2F,0x89FB79,0x89FB7F,0x89FB9F,0x89FBF4,0x89FC39,0x89FC55,0x89FC9D,0x89FCD6,0x89FD15,0x89FD5C,0x89FD77,
  0x89FDA7,0x89FDC3,0x89FE01,0x89FE64,0x89FEBD,0x8A006C,0x8A007F,0x8A00C2,0x8A01B2,0x8A0314,0x8A0318,0x8A031C,
  0x8A032B,0x8A0365,0x8A03A0,0x8A03C1,0x8A03EC,0x8A0428,0x8A047B,0x8A04AF,0x8A04DA,0x8A053D,0x8A056C,0x8A05A7,
  0x8A05B2,0x8A05F2,0x8A0625,0x8A0640,0x8A0669,0x8A06E2,0x8A06ED,0x8A0711,0x8A072F,0x8A07E0,0x8A0844,0x8A0885,
  0x8A089E,0x8A08D3,0x8A0924,0x8A093D,0x8A09B7,0x8A0A31,0x8A0AB0,0x8A0B2F,0x8A0C99,0x8A0CF2,0x8A0D8A,0x8A0DF2,
  0x8A0F26,0x8A0FBE,0x8A0FDA,0x8A1140,0x8A11D2,0x8A13EE,0x8A14A9,0x8A14D6,0x8A14FC,0x8A1521,0x8A160B,0x8A1666,
  0x8A1700,0x8A171F,0x8A17D8,0x8A18DA,0x8A18E0,0x8A18ED,0x8A18FA,0x8A1904,0x8A1916,0x8A1923,0x8A192A,0x8A196F,
  0x8A198B,0x8A1A40,0x8A1A7F,0x8A1A9D,0x8A1B36,0x8A1B52,0x8A1B9F,0x8A2F20,0x8A2FD2,0x8A3084,0x8A30A0,0x8A3111,
  0x8A35FC,0x8A3633,0x8A36B5,0x8A36CE,0x8A36D4,0x8A3719,0x8A3740,0x8A376E,0x8A378A,0x8A37B2,0x8A37DA,0x8A37F3,
  0x8A3831,0x8A3851,0x8A3896,0x8A389C,0x8A38A9,0x8A38BB,0x8A38D6,0x8A3941,0x8A3948,0x8A39B2,0x8A39CE,0x8A3AA2,
  0x8A3AB4,0x8A3BCC,0x8A3BF8,0x8A3D3C,0x8A3DD5,0x8A42DA,0x8A42F3,0x8A42F9,0x8A433E,0x8A4373,0x8A438F,0x8A442B,
  0x8A4493,0x8A44C4,0x8A44C8,0x8A44D2,0x8A44D8,0x8A44F8,0x8A4513,0x8A4558,0x8A4574,0x8A479C,0x8A47C4,0x8A4836,
  0x8A4879,0x8A487F,0x8A489F,0x8A48E4,0x8A4900,0x8A4942,0x8A4961,0x8A4A45,0x8A4A8B,0x8A4A91,0x8A4A95,0x8A4A9F,
  0x8A4ABF,0x8A4AC4,0x8A4B09,0x8A4B25,0x8A4B56,0x8A4B72,0x8A4BC7,0x8A4C02,0x8A4C1E,0x8A4C4E,0x8A4CC0,0x8A4D09,
  0x8A4E71,0x8A4ED8,0x8A4EFC,0x8A4F1C,0x8A4F61,0x8A4F67,0x8A4FC8,0x8A4FE4,0x8A4FEB,0x8A4FF2,0x8A501F,0x8A51B9,
  0x8A51F6,0x8A529F,0x8A52A7,0x8A52B2,0x8A52FB,0x8A5319,0x8A54DD,0x8A567E,0x8A57E6,0x8A58FA,0x8A5B75,0x8A5D00,
  0x8A6273,0x8A628C,0x8A62D2,0x8A6316,0x8A635B,0x8A63CF,0x8A63EB,0x8A641A,0x8A6A67,0x8A6AA7,0x8A6B39,0x8A6B3F,
  0x8A6B84,0x8A6BAB,0x8A6BB5,0x8A6BBF,0x8A6BCE,0x8A6C26,0x8A6C42,0x8A6DCB,0x8A6EA6,0x8A6EEA,0x8A6EF0,0x8A6EFC,
  0x8A6F18,0x8A6F38,0x8A6F7D,0x8A6F84,0x8A6FFA,0x8A7037,0x8A7040,0x8A7049,0x8A7082,0x8A7099,0x8A71AE,0x8A7208,
  0x8A720E,0x8A724F,0x8A7294,0x8A7347,0x8A7363,0x8A74B7,0x8A757D,0x8A75B4,0x8A7604,0x8A761D,0x8A7623,0x8A7689,
  0x8A76CE,0x8A7718,0x8A7734,0x8A7754,0x8A788D,0x8A78AD,0x8A78B3,0x8A78D5,0x8A7918,0x8A795D,0x8A79E8,0x8A7A04,
  0x8A7A62,0x8A7B2A,0x8A7BF9,0x8A7CCC,0x8A7D1D,0x8A8110,0x8A818F,0x8A81F2,0x8A8277,0x8A8297,0x8A829D,0x8A82E0,
  0x8A8325,0x8A83B2,0x8A83CE,0x8A83F6,0x8A841C,0x8A847C,0x8A8547,0x8A85D0,0x8A8A1D,0x8A8A82,0x8A8B06,0x8A8B26,
  0x8A8B2C,0x8A8B6F,0x8A8BB4,0x8A8C6A,0x8A8C86,0x8A8E39,0x8A8EA9,0x8A8F1B,0x8A8FA5,0x8A9167,0x8A91BF,0x8A92EA,
  0x8A94B9,0x8A950A,0x8A96A0,0x8A9AC9,0x8A9B2B,0x8A9B9B,0x8A9BBB,0x8A9BC1,0x8A9BD6,0x8A9BE3,0x8A9C28,0x8A9CA0,
  0x8A9CBC,0x8A9D7C,0x8A9DBA,0x8A9FEB,0x8AA008,0x8AA00E,0x8AA02B,0x8AA031,0x8AA04E,0x8AA054,0x8AA071,0x8AA080,
  0x8AA0FB,0x8AA101,0x8AA10B,0x8AA115,0x8AA129,0x8AA152,0x8AA186,0x8AA1AC,0x8AA1D7,0x8AA20B,0x8AA29B,0x8AA2B8,
  0x8AA2E4,0x8AA301,0x8AA32A,0x8AA335,0x8AA33B,0x8AA363,0x8AA393,0x8AA3C3,0x8AA3E6,0x8AA409,0x8AA42E,0x8AA472,
  0x8AA4B5,0x8AA4FA,0x8AA504,0x8AA543,0x8AA55F,0x8AA597,0x8AA5DB,0x8AA690,0x8AA6B6,0x8AA6C0,0x8AA6CA,0x8AA6D4,
  0x8AA6E1,0x8AA6E6,0x8AA85B,0x8AA877,0x8AA94B,0x8AAA01,0x8AABE0,0x8AABE8,0x8AAC06,0x8AAC27,0x8AAC56,0x8AAC79,
  0x8AAC8F,0x8AAD5A,0x8AAD60,0x8AAD67,0x8AAD6F,0x8AADB4,0x8AAE08,0x8AAE3D,0x8AAE6D,0x8AAE8E,0x8AAF23,0x8AAF3F,
  0x8AAF72,0x8AAF8E,0x8AAFB7,0x8AB040,0x8AB15C,0x8AB1CC,0x8AB21E,0x8AB42B,0x8AB44B,0x8AB451,0x8AB47B,0x8AB4C0,
  0x8AB4FD,0x8AB519,0x8AB53D,0x8AB64E,0x8AB69B,0x8AB6C6,0x8AB6E3,0x8AB767,0x8AB787,0x8AB78D,0x8AB7FB,0x8AB804,
  0x8AB849,0x8AB8D7,0x8AB974,0x8AB990,0x8AB9CB,0x8ABA61,0x8ABA7D,0x8ABAAD,0x8ABDBD,0x8ABE65,0x8AC3ED,0x8AC420,
  0x8AC469,0x8AC46F,0x8AC4B4,0x8AC4E0,0x8AC551,0x8AC5C5,0x8AC5E1,0x8AC628,0x8AC718,0x8AC750,0x8AC756,0x8AC77D,
  0x8AC7C2,0x8AC801,0x8AC81D,0x8AC8B6,0x8AC94F,0x8AC9F5,0x8ACA2D,0x8ACA33,0x8ACA5A,0x8ACA9F,0x8ACADE,0x8ACAFA,
  0x8ACCED,0x8ACD22,0x8ACD2C,0x8ACD36,0x8ACDEB,0x8ACE11,0x8ACE1E,0x8ACE2B,0x8ACE38,0x8ACE45,0x8ACE4A,0x8ACE75,
  0x8ACEA9,0x8ACEE3,0x8ACEFE,0x8ACF0E,0x8ACF19,0x8ACF48,0x8ACF85,0x8ACFBC,0x8ACFE6,0x8AD03A,0x8AD057,0x8AD074,
  0x8AD07F,0x8AD085,0x8AD0CB,0x8AD106,0x8AD122,0x8AD216,0x8AD25B,0x8AD261,0x8AD270,0x8AD27F,0x8AD286,0x8AD28D,
  0x8AD297,0x8AD2A4,0x8AD2AB,0x8AD2B2,0x8AD2B9,0x8AD2D3,0x8AD334,0x8AD46E,0x8AD517,0x8AD533,0x8AD5AE,0x8AD5CA,
  0x8AD6A4,0x8AD8D0,0x8ADA95,0x8ADAA0,0x8ADBF3,0x8AE020,0x8AE0FE,0x8AE17C,0x8AE203,0x8AE26B,0x8AE2AC,0x8AE456,
  0x8AE461,0x8AE4A9,0x8AE74B,0x8AE798,0x8AE8F0,0x8AE941,0x8AE968,0x8AE96E,0x8AE9CD,0x8AEA12,0x8AEA8D,0x8AEAA9,
  0x8AEAE6,0x8AEB10,0x8AEBA6,0x8AEBD3,0x8AEC79,0x8AEEC3,0x8AEEE6,0x8AEF0C,0x8AEF84,0x8AEF8A,0x8AEF92,0x8AEFD7,
  0x8AF0D0,0x8AF0E5,0x8AF16C,0x8AF174,0x8AF17C,0x8AF18E,0x8AF1A5,0x8AF1AE,0x8AF1B7,0x8AF1BF,0x8AF1C6,0x8AF1D1,
  0x8AF1FE,0x8AF216,0x8AF232,0x8AF241,0x8AF246,0x8AF357,0x8AF380,0x8AF3C4,0x8AF42D,0x8AF446,0x8AF4CF,0x8AF518,
  0x8AF542,0x8AF61C,0x8AF643,0x8AF68B,0x8AF6A7,0x8AF712,0x8AF799,0x8AF79F,0x8AF7B2,0x8AF7F7,0x8AF835,0x8AF891,
  0x8AF8B7,0x8AF912,0x8AFC43,0x8AFC5F,0x8AFC7F,0x8AFCA4,0x8AFCEA,0x8AFCF0,0x8AFD35,0x8AFD8C,0x8AFDD1,0x8AFE17,
  0x8AFE33,0x8AFEB5,0x8AFF59,0x8AFFA6,0x8AFFAC,0x8B0013,0x8B0059,0x8B0075,0x8B0125,0x8B0155,0x8B022E,0x8B0263,
  0x8B0273,0x8B032C,0x8B0348,0x8B0420,0x8B0485,0x8B050A,0x8B0546,0x8B054C,0x8B0591,0x8B05EA,0x8B0671,0x8B068D,
  0x8B0762,0x8B07EA,0x8B0923,0x8B09A7,0x8B09C3,0x8B0A0D,0x8B0B66,0x8B0BAC,0x8B0BB1,0x8B0BCD,0x8B0BD2,0x8B0C0A,
  0x8B0C46,0x8B0C4C,0x8B0C91,0x8B0CFE,0x8B0D72,0x8B0D8E,0x8B0E34,0x8B0F0E,0x8B0F61,0x8B1024,0x8B104E,0x8B1054,
  0x8B1097,0x8B10DC,0x8B1126,0x8B1142,0x8B11FE,0x8B1219,0x8B125F,0x8B12BF,0x8B1364,0x8B13A7,0x8B13C3,0x8B140D,
  0x8B1690,0x8B1831,0x8B184A,0x8B1882,0x8B1888,0x8B18A8,0x8B18ED,0x8B1909,0x8B1938,0x8B1962,0x8B19AC,0x8B1A70,
  0x8B1B87,0x8B1BB8,0x8B1BBE,0x8B1BDE,0x8B1C23,0x8B1C43,0x8B1C5F,0x8B1C94,0x8B1D10,0x8B1D45,0x8B1D61,0x8B1DB3,
  0x8B1E6A,0x8B1E94,0x8B1EE7,0x8B1F14,0x8B1F59,0x8B1FA3,0x8B1FBF,0x8B1FDA,0x8B202A,0x8B208A,0x8B2135,0x8B21DA,
  0x8B228C,0x8B250F,0x8B252B,0x8B2584,0x8B2840,0x8B2859,0x8B285F,0x8B28B3,0x8B28CF,0x8B28F0,0x8B2941,0x8B299C,
  0x8B29B8,0x8B29D3,0x8B29E5,0x8B2A0B,0x8B2A30,0x8B2A46,0x8B2AB8,0x8B2B75,0x8B2BAA,0x8B2BE1,0x8B2BFD,0x8B2C42,
  0x8B2D59,0x8B307E,0x8B310D,0x8B316B,0x8B319D,0x8B3244,0x8B32C4,0x8B3309,0x8B330F,0x8B3313,0x8B332D,0x8B3349,
  0x8B3395,0x8B33C2,0x8B33E4,0x8B34C3,0x8B34EC,0x8B3574,0x8B35AC,0x8B3637,0x8B36B2,0x8B3744,0x8B38A2,0x8B3A35,
  0x8B3C07,0x8B3C1C,0x8B3C31,0x8B3C54,0x8B3CE9,0x8B3D05,0x8B3D65,0x8B3F72,0x8B4259,0x8B4271,0x8B429B,0x8B42E0,
  0x8B42E6,0x8B42F3,0x8B4301,0x8B4362,0x8B439F,0x8B43F4,0x8B4410,0x8B442B,0x8B4440,0x8B4455,0x8B4521,0x8B4559,
  0x8B4575,0x8B45BF,0x8B4702,0x8B4760,0x8B490F,0x8B4983,0x8B4989,0x8B49CE,0x8B49F5,0x8B4A33,0x8B4A4F,0x8B4A69,
  0x8B4B31,0x8B4BB7,0x8B4D34,0x8B4E0D,0x8B4E2D,0x8B4E75,0x8B4EB1,0x8B4F39,0x8B4FC1,0x8B4FEA,0x8B50A5,0x8B50BE,
  0x8B50F0,0x8B525F,0x8B538A,0x8B5427,0x8B5492,0x8B5498,0x8B54DD,0x8B56B3,0x8B56CF,0x8B56EB,0x8B5738,0x8B5FD0,
  0x8B618C,0x8B62BE,0x8B6480,0x8B6499,0x8B649F,0x8B64B8,0x8B64CA,0x8B655D,0x8B65A2,0x8B661B,0x8B6698,0x8B66B4,
  0x8B66CE,0x8B6772,0x8B680B,0x8B6827,0x8B6866,0x8B6A8C,0x8B6ABD,0x8B6AC3,0x8B6AE3,0x8B6B04,0x8B6B49,0x8B6B65,
  0x8B6BA2,0x8B6BC9,0x8B6C06,0x8B6C24,0x8B6C3F,0x8B6C74,0x8B6D10,0x8B6DAA,0x8B6E38,0x8B6F6D,0x8B6F89,0x8B6FDE,
  0x8B6FE4,0x8B703A,0x8B706F,0x8B708B,0x8B70DD,0x8B7103,0x8B711F,0x8B714F,0x8B73B7,0x8B74A6,0x8B7554,0x8B7566,
  0x8B7586,0x8B758C,0x8B75D1,0x8B7602,0x8B761E,0x8B76DE,0x8B7796,0x8B77B6,0x8B77BC,0x8B7801,0x8B7885,0x8B78B6,
  0x8B78D2,0x8B78EE,0x8B7933,0x8B7B65,0x8B7B85,0x8B7BB4,0x8B7C1B,0x8B7C4C,0x8B7C68,0x8B7CAB,0x8B7CFA,0x8B7D7C,
  0x8B7D9C,0x8B7DA2,0x8B7DE7,0x8B7E18,0x8B7E34,0x8B7EB6,0x8B7ED6,0x8B7EDC,0x8B7F43,0x8B7F74,0x8B7F90,0x8B7FFA,
  0x8B801B,0x8B803B,0x8B8041,0x8B8086,0x8B80B7,0x8B80D3,0x8B80F6,0x8B810B,0x8B812F,0x8B8135,0x8B8142,0x8B8146,
  0x8B8168,0x8B8170,0x8B81B5,0x8B81DC,0x8B81E6,0x8B81F0,0x8B8221,0x8B8281,0x8B82AB,0x8B8329,0x8B83A6,0x8B83E4,
  0x8B8464,0x8B8755,0x8B8771,0x8B87C5,0x8B8882,0x8B88A2,0x8B88A8,0x8B88B0,0x8B88B5,0x8B891C,0x8B894D,0x8B8969,
  0x8B89B6,0x8B8A1D,0x8B8A61,0x8B8A81,0x8B8A87,0x8B8ACC,0x8B8AEE,0x8B8B1F,0x8B8B3B,0x8B8B70,0x8B8BC0,0x8B8C14,
  0x8B8C1A,0x8B8C5F,0x8B8C7B,0x8B8C80,0x8B8CFD,0x8B8D22,0x8B8D42,0x8B8D48,0x8B8DAF,0x8B8DE0,0x8B8DFC,0x8B8E2E,
  0x8B8E60,0x8B8E80,0x8B8E86,0x8B8E9F,0x8B8EE4,0x8B8F24,0x8B8F40,0x8B8FD7,0x8B9050,0x8B909E,0x8B90F4,0x8B911E,
  0x8B91AD,0x8B928E,0x8B93A1,0x8B9420,0x8B949A,0x8B94BA,0x8B94C0,0x8B9505,0x8B9536,0x8B9552,0x8B955F,0x8B956C,
  0x8B958C,0x8B9592,0x8B95D7,0x8B9619,0x8B964A,0x8B9666,0x8B9676,0x8B96DC,0x8B96EC,0x8B9701,0x8B9755,0x8B9775,
  0x8B977B,0x8B97C0,0x8B97F1,0x8B980D,0x8B9818,0x8B9838,0x8B983E,0x8B98A5,0x8B98D6,0x8B98F2,0x8B9910,0x8B9937,
  0x8B995B,0x8B997B,0x8B9981,0x8B99C6,0x8B99F7,0x8B9A13,0x8B9A8C,0x8B9B0F,0x8B9B36,0x8B9B3C,0x8B9B44,0x8B9B93,
  0x8B9BD6,0x8B9BF2,0x8B9C4D,0x8B9CD9,0x8B9D0F,0x8B9D39,0x8B9D79,0x8B9E31,0x8B9E4D,0x8B9ED8,0x8B9EFF,0x8B9F05,
  0x8B9F12,0x8B9F57,0x8B9F9A,0x8B9FB6,0x8B9FE0,0x8BA05E,0x8BA139,0x8BA1AB,0x8BA208,0x8BA224,0x8BA26F,0x8BA2B6,
  0x8BA2D6,0x8BA2DC,0x8BA321,0x8BA360,0x8BA391,0x8BA3AD,0x8BA3D0,0x8BA3F3,0x8BA413,0x8BA419,0x8BA45E,0x8BA4A4,
  0x8BA4D5,0x8BA4F1,0x8BA524,0x8BA557,0x8BA577,0x8BA57D,0x8BA5C2,0x8BA61B,0x8BA64C,0x8BA668,0x8BA6DB,0x8BA71A,
  0x8BA7E9,0x8BA809,0x8BA80F,0x8BA876,0x8BA8A7,0x8BA8C3,0x8BA8E3,0x8BA912,0x8BA932,0x8BA938,0x8BA99F,0x8BA9D0,
  0x8BA9EC,0x8BAAC0,0x8BAB72,0x8BABCB,0x8BAC26,0x8BAC2C,0x8BAC71,0x8BAC96,0x8BAD6F,0x8BAD8B,0x8BADC0,0x8BB011,
  0x8BB094,0x8BB0B0,0x8BB126,0x8BB174,0x8BB1B3,0x8BB1B9,0x8BB1FE,0x8BB21A,0x8BB21F,0x8BB23F,0x8BB5FA,0x8BBA3A,
  0x8BBA8D,0x8BBAA9,0x8BBADC,0x8BBAFC,0x8BBB18,0x8BBB7F,0x8BBBB0,0x8BBBCC,0x8BBC0A,0x8BBC4F,0x8BBCB0,0x8BBCB6,
  0x8BBCD9,0x8BBD1E,0x8BBD6A,0x8BBDDA,0x8BBE55,0x8BBE71,0x8BBEFE,0x8BBF2C,0x8BBF37,0x8BBF41,0x8BBF4B,0x8BBF5A,
  0x8BBF93,0x8BBFDB,0x8BBFF7,0x8BC01F,0x8BC03F,0x8BC045,0x8BC05B,0x8BC0C2,0x8BC0F3,0x8BC10F,0x8BC152,0x8BC16E,
  0x8BC1B3,0x8BC3EC,0x8BC40C,0x8BC412,0x8BC479,0x8BC4AA,0x8BC4C6,0x8BC519,0x8BC5CB,0x8BC631,0x8BC651,0x8BC657,
  0x8BC65F,0x8BC667,0x8BC6CE,0x8BC6FF,0x8BC71B,0x8BC73B,0x8BC741,0x8BC7A8,0x8BC7D9,0x8BC7F5,0x8BC821,0x8BC857,
  0x8BC879,0x8BC899,0x8BC8DE,0x8BC8E4,0x8BC924,0x8BC965,0x8BC992,0x8BC9B0,0x8BCB05,0x8BCB1E,0x8BCB63,0x8BCB69,
  0x8BCBCB,0x8BCC06,0x8BCC50,0x8BCC82,0x8BCD4F,0x8BCD79,0x8BCD7F,0x8BCD98,0x8BCDEE,0x8BCE0A,0x8BCE1F,0x8BCE38,
  0x8BCE6D,0x8BCE73,0x8BCE8F,0x8BCEC2,0x8BCEEC,0x8BCEF2,0x8BCF0B,0x8BCF50,0x8BCF6C,0x8BCFB9,0x8BCFE3,0x8BCFE9,
  0x8BD002,0x8BD047,0x8BD063,0x8BD0A3,0x8BD0CD,0x8BD0D3,0x8BD0EC,0x8BD142,0x8BD15E,0x8BD1D4,0x8BD222,0x8BD270,
  0x8BD28C,0x8BD2BC,0x8BD2E6,0x8BD2EC,0x8BD361,0x8BD372,0x8BD375,0x8BD39B,0x8BD3C5,0x8BD3CB,0x8BD3E4,0x8BD429,
  0x8BD445,0x8BD489,0x8BD4B3,0x8BD4B9,0x8BD4D2,0x8BD517,0x8BD533,0x8BD56C,0x8BD587,0x8BD5B1,0x8BD5B7,0x8BD5D6,
  0x8BD62C,0x8BD648,0x8BD66D,0x8BD6B2,0x8BD6CE,0x8BD80E,0x8BD829,0x8BD831,0x8BD84A,0x8BD863,0x8BD869,0x8BD89A,
  0x8BD8A0,0x8BD8BC,0x8BD901,0x8BD92B,0x8BD947,0x8BD9C3,0x8BDA2B,0x8BDA75,0x8BDBB5,0x8BDC21,0x8BDC8C,0x8BDCF7,
  0x8BDDA4,0x8BDDAC,0x8BDEE5,0x8BDF08,0x8BE077,0x8BE311,0x8BE319,0x8BE362,0x8BE38F,0x8BE3B5,0x8BE3DA,0x8BE432,
  0x8BE46D,0x8BE48A,0x8BE4A3,0x8BE4E2,0x8BE515,0x8BE533,0x8BE57A,0x8BE580,0x8BE5C5,0x8BE61C,0x8BE6D3,0x8BE842,
  0x8BE85E,0x8BE90D,0x8BE929,0x8BE960,0x8BEB2D,0x8BEC7F,0x8BEC98,0x8BEC9E,0x8BECE3,0x8BECFD,0x8BED27,0x8BED43,
  0x8BEDCC,0x8BEDF8,0x8BEE59,0x8BEEBE,0x8BEEDA,0x8BEF0A,0x8BEF66,0x8BEFC6,0x8BEFCC,0x8BF011,0x8BF05A,0x8BF076,
  0x8BF09E,0x8BF12E,0x8BF215,0x8BF22E,0x8BF234,0x8BF279,0x8BF2A3,0x8BF2BF,0x8BF4F0,0x8BF585,0x8BF5B3,0x8BF5B9,
  0x8BF5FE,0x8BF61A,0x8BF61F,0x8BF644,0x8BF660,0x8BF690,0x8BF7D7,0x8BF7F0,0x8BF845,0x8BF84B,0x8BF87C,0x8BF882,
  0x8BF89E,0x8BF8E3,0x8BF94F,0x8BF96B,0x8BF9A5,0x8BFA03,0x8BFA92,0x8BFAAB,0x8BFAD3,0x8BFB18,0x8BFB42,0x8BFB5E,
  0x8BFB86,0x8BFBAE,0x8C0026,0x8C0046,0x8C004C,0x8C008D,0x8C00D2,0x8C0156,0x8C0199,0x8C01B5,0x8C01D1,0x8C0201,
  0x8C042F,0x8C046E,0x8C0487,0x8C048D,0x8C04D2,0x8C04FC,0x8C0518,0x8C0645,0x8C065E,0x8C0664,0x8C066C,0x8C069A,
  0x8C06B6,0x8C0760,0x8C07A0,0x8C080B,0x8C092B,0x8C0947,0x8C0958,0x8C0982,0x8C0988,0x8C09A1,0x8C09E6,0x8C0A02,
  0x8C0A88,0x8C0AB2,0x8C0AB8,0x8C0AD1,0x8C0B16,0x8C0B32,0x8C0C26,0x8C0C50,0x8C0C56,0x8C0C6F,0x8C0CFB,0x8C0D40,
  0x8C0D5C,0x8C0D86,0x8C0D8C,0x8C0DA5,0x8C0DEA,0x8C0E06,0x8C0F7B,0x8C0FA5,0x8C0FAB,0x8C0FC4,0x8C1009,0x8C1025,
  0x8C1039,0x8C10DB,0x8C12C2,0x8C12EC,0x8C12F2,0x8C130B,0x8C1350,0x8C136C,0x8C13BB,0x8C1419,0x8C1442,0x8C145D,
  0x8C148B,0x8C158B,0x8C1736,0x8C174F,0x8C1755,0x8C179A,0x8C17DD,0x8C1807,0x8C1823,0x8C1857,0x8C1873,0x8C18AC,
  0x8C18C5,0x8C18D8,0x8C18F1,0x8C18F7,0x8C191D,0x8C1946,0x8C1984,0x8C198A,0x8C19A6,0x8C19EB,0x8C1A06,0x8C1A59,
  0x8C1A75,0x8C1AC3,0x8C1AEA,0x8C1B14,0x8C1B5C,0x8C1B79,0x8C1BB7,0x8C1BF9,0x8C1C51,0x8C1C75,0x8C1C87,0x8C1CD5,
  0x8C1D53,0x8C1D75,0x8C1D91,0x8C1DAD,0x8C1DB4,0x8C1DBB,0x8C1DC2,0x8C1DD9,0x8C1E18,0x8C1E4E,0x8C2233,0x8C2267,
  0x8C2291,0x8C22C0,0x8C22D9,0x8C22F2,0x8C230B,0x8C2324,0x8C234E,0x8C23EA,0x8C258F,0x8C261D,0x8C281E,0x8C283C,
  0x8C28C2,0x8C2921,0x8C2A5D,0x8C2F02,0x8C2FC1,0x8C31A5,0x8C3326,0x8C3388,0x8C35AF,0x8C366E,0x8C373F,0x8C3841,
  0x8C39E8,0x8C3A2D,0x8C3A33,0x8C3A48,0x8C3A53,0x8C3A5A,0x8C3A67,0x8C3A74,0x8C3A7B,0x8C3A89,0x8C3A91,0x8C3AAD,
  0x8C3ACC,0x8C3AED,0x8C3B51,0x8C3B6D,0x8C3B89,0x8C3CB8,0x8C3E70,0x8C3EC3,0x8C3F1F,0x8C3F92,0x8C3FA3,0x8C47DE,
  0x8C491D,0x8C4947,0x8C494D,0x8C4966,0x8C49AB,0x8C49C7,0x8C4A0A,0x8C4A34,0x8C4A3A,0x8C4A53,0x8C4A98,0x8C4AB4,
  0x8C4AED,0x8C4B1E,0x8C4B24,0x8C4B51,0x8C4B96,0x8C4BB2,0x8C4BE8,0x8C4C01,0x8C4C07,0x8C4C3D,0x8C4C82,0x8C4CD5,
  0x8C4CF1,0x8C4CF4,0x8C4DE3,0x8C4EA4,0x8C4EE0,0x8C4F2D,0x8C4F62,0x8C4F84,0x8C4FB5,0x8C4FD7,0x8C4FF9,0x8C501C,
  0x8C505F,0x8C5100,0x8C5123,0x8C5146,0x8C519A,0x8C51BC,0x8C51EE,0x8C521F,0x8C5250,0x8C5284,0x8C52B5,0x8C52DB,
  0x8C5304,0x8C53AF,0x8C53D0,0x8C545F,0x8C547A,0x8C54A4,0x8C54AA,0x8C54C3,0x8C5508,0x8C5524,0x8C553F,0x8C5689,
  0x8C56F7,0x8C5713,0x8C5763,0x8C579B,0x8C57A1,0x8C57AE,0x8C57C7,0x8C580C,0x8C5828,0x8C5976,0x8C59B4,0x8C59D9,
  0x8C5A10,0x8C5A29,0x8C5A2F,0x8C5A74,0x8C5ACA,0x8C5AE6,0x8C5B1E,0x8C5B86,0x8C5CE5,0x8C5D25,0x8C5D55,0x8C5D78,
  0x8C5D7E,0x8C5D8E,0x8C5DD3,0x8C5DFD,0x8C5E0A,0x8C5E17,0x8C5E2C,0x8C5E99,0x8C5EB5,0x8C5EF3,0x8C6035,0x8C6071,
  0x8C6076,0x8C60A0,0x8C60A6,0x8C60BF,0x8C60C4,0x8C6109,0x8C6125,0x8C619A,0x8C61C4,0x8C61CA,0x8C61E3,0x8C6228,
  0x8C6244,0x8C6269,0x8C62BB,0x8C633D,0x8C63C4,0x8C63F1,0x8C640E,0x8C6427,0x8C645D,0x8C64A2,0x8C64B8,0x8C64E2,
  0x8C64FE,0x8C651D,0x8C6553,0x8C657D,0x8C6583,0x8C6588,0x8C65CD,0x8C65D2,0x8C6606,0x8C6621,0x8C6697,0x8C66B3,
  0x8C66EB,0x8C67FA,0x8C6824,0x8C682A,0x8C6843,0x8C6875,0x8C68BA,0x8C68D6,0x8C6A8F,0x8C6AC7,0x8C6AE3,0x8C6B1E,
  0x8C6B91,0x8C6BBB,0x8C6BC1,0x8C6BDA,0x8C6C1F,0x8C6C3B,0x8C6C70,0x8C6C8C,0x8C6CFA,0x8C6D2B,0x8C6D43,0x8C6DAD,
  0x8C6DF2,0x8C6E0E,0x8C6E46,0x8C6E62,0x8C6E67,0x8C6E82,0x8C6F32,0x8C6FA4,0x8C70FC,0x8C7126,0x8C712C,0x8C7171,
  0x8C71ED,0x8C724F,0x8C726B,0x8C72C3,0x8C72DF,0x8C72E9,0x8C7313,0x8C7319,0x8C7332,0x8C7377,0x8C7393,0x8C73D7,
  0x8C73EF,0x8C744B,0x8C74A7,0x8C74C4,0x8C752F,0x8C75D8,0x8C7A33,0x8C7A8F,0x8C7ACC,0x8C7B26,0x8C7B43,0x8C7B48,
  0x8C7B72,0x8C7B78,0x8C7B91,0x8C7BD6,0x8C7BF2,0x8C7C22,0x8C7D42,0x8C7D6F,0x8C7D95,0x8C7DBA,0x8C7FA2,0x8C7FEF,
  0x8C802E,0x8C8079,0x8C812B,0x8C8147,0x8C818E,0x8C81CD,0x8C827D,0x8C82A7,0x8C82AD,0x8C82C9,0x8C82E2,0x8C82EE,
  0x8C82FA,0x8C833F,0x8C83BA,0x8C83D6,0x8C8420,0x8C87F2,0x8C8820,0x8C8826,0x8C8842,0x8C885B,0x8C88A0,0x8C88CF,
  0x8C891C,0x8C895C,0x8C8991,0x8C89BB,0x8C89C1,0x8C89DA,0x8C8A1F,0x8C8A3B,0x8C8A88,0x8C8ADA,0x8C8C53,0x8C8C90,
  0x8C8CAC,0x8C8CE4,0x8C8D4F,0x8C8D79,0x8C8D7F,0x8C8D98,0x8C8DDD,0x8C8DF9,0x8C8E67,0x8C8F71,0x8C8FA4,0x8C8FC0,
  0x8C8FF5,0x8C905A,0x8C9084,0x8C908A,0x8C90A3,0x8C90E8,0x8C9104,0x8C918D,0x8C91DC,0x8C9224,0x8C924E,0x8C9254,
  0x8C926D,0x8C92B2,0x8C92CE,0x8C931C,0x8C93A5,0x8C93EC,0x8C942D,0x8C9457,0x8C949C,0x8C94A2,0x8C94BB,0x8C94D7,
  0x8C9629,0x8C98AA,0x8C98CB,0x8C98EB,0x8C9939,0x8C993F,0x8C994C,0x8C997A,0x8C99BF,0x8C99DB,0x8C99FB,0x8C9A3C,
  0x8C9A86,0x8C9AFB,0x8C9B0D,0x8C9B29,0x8C9B49,0x8C9BC5,0x8C9BCB,0x8C9BE0,0x8C9BEE,0x8C9C01,0x8C9C0B,0x8C9C50,
  0x8C9CA4,0x8C9CEA,0x8C9D06,0x8C9FC8,0x8CA072,0x8CA2D0,0x8CA2F1,0x8CA30F,0x8CA5C2,0x8CA815,0x8CA867,0x8CA86D,
  0x8CA87E,0x8CA8A5,0x8CA901,0x8CA946,0x8CA962,0x8CA978,0x8CAA12,0x8CABF6,0x8CAC24,0x8CAC2A,0x8CAC43,0x8CAC65,
  0x8CACAA,0x8CACC6,0x8CAD35,0x8CAD4B,0x8CAD8F,0x8CADC7,0x8CADCD,0x8CADED,0x8CAE23,0x8CAE68,0x8CAE84,0x8CAEAA,
  0x8CB005,0x8CB0A8,0x8CB0E0,0x8CB0E6,0x8CB106,0x8CB14B,0x8CB167,0x8CB194,0x8CB1BA,0x8CB21F,0x8CB28B,0x8CB2CE,
  0x8CB3D1,0x8CB3FB,0x8CB419,0x8CB452,0x8CB4AC,0x8CB4F1,0x8CB513,0x8CB537,0x8CB5A6,0x8CB612,0x8CB656,0x8CB66D,
  0x8CB69F,0x8CB6F1,0x8CB712,0x8CB72B,0x8CB742,0x8CB758,0x8CB775,0x8CB7A2,0x8CB7C8,0x8CB7ED,0x8CB837,0x8CB871,
  0x8CB8A1,0x8CB8FC,0x8CB946,0x8CB961,0x8CB9E4,0x8CBA27,0x8CBA40,0x8CBACB,0x8CBB53,0x8CBB86,0x8CBBC5,0x8CBBE3,
  0x8CBC97,0x8CBCCE,0x8CBDBA,0x8CBF25,0x8CBF4F,0x8CBF55,0x8CBF6E,0x8CBFB3,0x8CBFCF,0x8CC022,0x8CC04C,0x8CC052,
  0x8CC06B,0x8CC0B0,0x8CC0CC,0x8CC187,0x8CC1D7,0x8CC1F3,0x8CC228,0x8CC29D,0x8CC2C7,0x8CC2CD,0x8CC31A,0x8CC35F,
  0x8CC37B,0x8CC459,0x8CC4B4,0x8CC574,0x8CC594,0x8CC5B7,0x8CC60F,0x8CC639,0x8CC63F,0x8CC658,0x8CC69C,0x8CC6E1,
  0x8CC6FD,0x8CC711,0x8CC8E9,0x8CC947,0x8CC963,0x8CC99B,0x8CC9C5,0x8CC9CB,0x8CC9E4,0x8CCA29,0x8CCA45,0x8CCADB,
  0x8CCB05,0x8CCB0B,0x8CCB24,0x8CCB69,0x8CCB85,0x8CCBEB,0x8CCC15,0x8CCC1B,0x8CCC34,0x8CCC79,0x8CCC95,0x8CCCB4,
  0x8CCE0D,0x8CCE37,0x8CCE3D,0x8CCE56,0x8CCE9B,0x8CCEB7,0x8CCEC9,0x8CCF76,0x8CD08C,0x8CD12F,0x8CD14F,0x8CD155,
  0x8CD19A,0x8CD1DA,0x8CD1F6,0x8CD256,0x8CD297,0x8CD313,0x8CD341,0x8CD35D,0x8CD3A8,0x8CD3FC,0x8CD41C,0x8CD422,
  0x8CD42D,0x8CD472,0x8CD4AA,0x8CD4C5,0x8CD514,0x8CD51A,0x8CD55F,0x8CD675,0x8CD93F,0x8CD9CD,0x8CD9D2,0x8CD9FD,
  0x8CDA03,0x8CDA41,0x8CDA86,0x8CDAAE,0x8CDC11,0x8CDCE9,0x8CDDD7,0x8CDE22,0x8CDE59,0x8CDE8B,0x8CDE91,0x8CDED6,
  0x8CDF07,0x8CDFC9,0x8CE007,0x8CE027,0x8CE02D,0x8CE072,0x8CE0B7,0x8CE0C4,0x8CE0FA,0x8CE116,0x8CE196,0x8CE1B2,
  0x8CE1DF,0x8CE22F,0x8CE235,0x8CE249,0x8CE25E,0x8CE273,0x8CE2AA,0x8CE309,0x8CE34E,0x8CE36A,0x8CE37F,0x8CE394,
  0x8CE3DD,0x8CE413,0x8CE44B,0x8CE47B,0x8CE48D,0x8CE558,0x8CE570,0x8CE59A,0x8CE5CF,0x8CE69D,0x8CE6C6,0x8CE75B,
  0x8CEA86,0x8CEABE,0x8CEB0D,0x8CEB40,0x8CEB7F,0x8CEB9B,0x8CEBCB,0x8CEF5F,0x8CEF70,0x8CEF91,0x8CEFA2,0x8CEFC1,
  0x8CF003,0x8CF01B,0x8CF065,0x8CF081,0x8CF0D2,0x8CF0EE,0x8CF14D,0x8CF197,0x8CF207,0x8CF234,0x8CF263,0x8CF28B,
  0x8CF2A7,0x8CF2BF,0x8CF2FE,0x8CF31C,0x8CF338,0x8CF3F7,0x8CF413,0x8CF443,0x8CF47D,0x8CF53A,0x8CF57E,0x8CF59D,
  0x8CF5BF,0x8CF731,0x8CF769,0x8CF833,0x8CF8C5,0x8CF957,0x8CF9AD,0x8CFB04,0x8CFB87,0x8CFC29,0x8CFD19,0x8CFD46,
  0x8CFD75,0x8CFD9D,0x8CFDB9,0x8CFDD1,0x8CFE10,0x8CFE2E,0x8CFE4A,0x8CFF09,0x8CFF25,0x8CFF55,0x8CFF8F,0x8D000E,
  0x8D0066,0x8D00E2,0x8D00E8,0x8D012D,0x8D0138,0x8D018A,0x8D01C2,0x8D01F2,0x8D0215,0x8D024A,0x8D0277,0x8D02BA,
  0x8D02D9,0x8D0323,0x8D033D,0x8D0380,0x8D0386,0x8D03CB,0x8D03F8,0x8D0425,0x8D04CA,0x8D04D9,0x8D04EB,0x8D04F3,
  0x8D0505,0x8D0534,0x8D055C,0x8D05BB,0x8D05D7,0x8D05F3,0x8D060B,0x8D064A,0x8D0668,0x8D0684,0x8D06BA,0x8D0779,
  0x8D0795,0x8D07CF,0x8D09E1,0x8D0A08,0x8D0A58,0x8D0A78,0x8D0A98,0x8D0AB1,0x8D0AB7,0x8D0B0D,0x8D0B6E,0x8D0B8A,
  0x8D0BF3,0x8D0C87,0x8D0CE0,0x8D0DE6,0x8D0E17,0x8D0E1D,0x8D0E3D,0x8D0E82,0x8D0EFC,0x8D0F18,0x8D0F50,0x8D0F6C,
  0x8D103D,0x8D1192,0x8D11DD,0x8D120E,0x8D1214,0x8D1249,0x8D128E,0x8D12AA,0x8D12E3,0x8D134C,0x8D150F,0x8D153A,
  0x8D1579,0x8D157F,0x8D15C4,0x8D1617,0x8D172A,0x8D1746,0x8D1790,0x8D17AC,0x8D1802,0x8D1833,0x8D1878,0x8D187E,
  0x8D189E,0x8D18BA,0x8D193A,0x8D1979,0x8D1AEB,0x8D1D59,0x8D1D91,0x8D1DD3,0x8D1DD9,0x8D1E1E,0x8D1E77,0x8D1E93,
  0x8D1EA7,0x8D203F,0x8D206C,0x8D209D,0x8D20A3,0x8D20C3,0x8D2108,0x8D2124,0x8D2172,0x8D21A3,0x8D21A9,0x8D21C9,
  0x8D220E,0x8D222A,0x8D235D,0x8D2370,0x8D238D,0x8D239B,0x8D2464,0x8D2495,0x8D249B,0x8D24BB,0x8D2500,0x8D251C,
  0x8D25CD,0x8D2688,0x8D26B3,0x8D26BF,0x8D26E0,0x8D26E6,0x8D26F3,0x8D278A,0x8D27E8,0x8D284A,0x8D286F,0x8D28F1,
  0x8D28F9,0x8D2901,0x8D296A,0x8D2970,0x8D29A9,0x8D2ADB,0x8D2B05,0x8D2B21,0x8D2EC6,0x8D2F23,0x8D2F92,0x8D3131,
  0x8D3167,0x8D3225,0x8D3244,0x8D3285,0x8D328A,0x8D32A7,0x8D32CC,0x8D32E8,0x8D3301,0x8D335D,0x8D33C7,0x8D3437,
  0x8D3488,0x8D34AB,0x8D34D2,0x8D3500,0x8D354A,0x8D35B2,0x8D36D7,0x8D3702,0x8D3723,0x8D376A,0x8D37BF,0x8D37EE,
  0x8D3813,0x8D381B,0x8D3985,0x8D3AF1,0x8D3BA6,0x8D3C35,0x8D3CE2,0x8D3D13,0x8D3D1A,0x8D3D33,0x8D3DDA,0x8D3DEC,
  0x8D3ECD,0x8D3F4D,0x8D3F6B,0x8D3FA2,0x8D3FD9,0x8D40B1,0x8D40E6,0x8D4204,0x8D4301,0x8D4407,0x8D449B,0x8D4578,
  0x8D46D0,0x8D4761,0x8D4884,0x8D48A9,0x8D48C0,0x8D48DF,0x8D4925,0x8D4952,0x8D497F,0x8D4998,0x8D49B7,0x8D49EB,
  0x8D4A49,0x8D4BF5,0x8D4D2C,0x8D4D64,0x8D4DEA,0x8D4E89,0x8D51E6,0x8D526B,0x8D5343,0x8D5362,0x8D538B,0x8D53B4,
  0x8D53D6,0x8D5403,0x8D54D1,0x8D5692,0x8D57D8,0x8D59D7,0x8D5BA5,0x8D5C5B,0x8D5D07,0x8D5E8F,0x8D5F04,0x8D5F39,
  0x8D5FC3,0x8D604D,0x8D6079,0x8D61F3,0x8D6233,0x8D625C,0x8D6392,0x8D641C,0x8D64A6,0x8D64F6,0x8D652E,0x8D654B,
  0x8D6686,0x8D67E4,0x8D69A9,0x8D6A28,0x8D6A70,0x8D6AB9,0x8D6AD6,0x8D6BDD,0x8D6C51,0x8D6CCC,0x8D6D52,0x8D6EA1,
  0x8D7019,0x8D70F5,0x8D728F,0x8D74F5,0x8D75AC,0x8D77B5,0x8D7AF5,0x8D7BAD,0x8D7C78,0x8D7CA6,0x8D7CE2,0x8D7D7E,
  0x8D7D90,0x8D7DA6,0x8D7DBB,0x8D7E52,0x8D7E82,0x8D7F03,0x8D7F1E,0x8D7F77,0x8D7FD2,0x8D802B,0x8D8048,0x8D8078,
  0x8D80CB,0x8D80FC,0x8D8194,0x8D8233,0x8D826F,0x8D82BB,0x8D8314,0x8D836B,0x8D847B,0x8D8516,0x8D8553,0x8D861A,
  0x8D86D0,0x8D8735,0x8D89D7,0x8D8A43,0x8D8A90,0x8D8DED,0x8D8E86,0x8D8F3B,0x8D909C,0x8D925A,0x8D930E,0x8D9352,
  0x8D9396,0x8D93DA,0x8D941E,0x8D9462,0x8D94A6,0x8D94C7,0x8D953B,0x8D9581,0x8D95AD,0x8D9749,0x8D982A,0x8D9855,
  0x8D9927,0x8D994C,0x8D9950,0x8D996A,0x8D9990,0x8D999D,0x8D99F1,0x8D9A23,0x8D9A45,0x8D9A4F,0x8D9A84,0x8D9AAA,
  0x8D9ADF,0x8D9B05,0x8D9B0A,0x8D9B24,0x8D9B3D,0x8D9B56,0x8D9B6B,0x8D9B80,0x8D9B9D,0x8D9BBA,0x8D9BD3,0x8D9C00,
  0x8D9C23,0x8D9C5C,0x8D9C61,0x8D9C6D,0x8D9C91,0x8D9CB4,0x8D9CDB,0x8D9D02,0x8D9D0E,0x8D9D12,0x8D9D1C,0x8D9D3A,
  0x8D9D41,0x8D9D46,0x8D9D52,0x8D9D6B,0x8D9D99,0x8D9DAA,0x8D9DCA,0x8D9DF8,0x8D9E14,0x8D9E92,0x8D9EAE,0x8D9ECA,
  0x8D9FA9,0x8DA03C,0x8DA0D3,0x8DA16D,0x8DA204,0x8DA29B,0x8DA332,0x8DA3BE,0x8DA448,0x8DA461,0x8DA497,0x8DA4CB,
  0x8DA4E6,0x8DA503,0x8DA539,0x8DA586,0x8DA5CE,0x8DA5EF,0x8DA648,0x8DA696,0x8DA6CC,0x8DA759,0x8DA7E6,0x8DA873,
  0x8DA88C,0x8DA8A7,0x8DA93F,0x8DA975,0x8DA992,0x8DA9C6,0x8DA9E1,0x8DAA15,0x8DAABC,0x8DAB01,0x8DAB68,0x8DAB84,
  0x8DABBA,0x8DAC7A,0x8DAE35,0x8DAE51,0x8DAE6D,0x8DAE89,0x8DAEA5,0x8DAEC1,0x8DAEEE,0x8DAF22,0x8DAF51,0x8DAF6C,
  0x8DAF81,0x8DAFA4,0x8DAFDD,0x8DAFFC,0x8DB030,0x8DB050,0x8DB060,0x8DB0AB,0x8DB103,0x8DB149,0x8DB1A7,0x8DB278,
  0x8DB33A,0x8DB378,0x8DB489,0x8DB4DB,0x8DB4FC,0x8DB5DE,0x8DB679,0x8DB6BD,0x8DB6D5,0x8DB737,0x8DB749,0x8DB758,
  0x8DB778,0x8DB798,0x8DB79E,0x8DB7A4,0x8DB7AA,0x8DB7B0,0x8DB810,0x8DB845,0x8DB860,0x8DB896,0x8DB8CB,0x8DB8D9,
  0x8DB907,0x8DB944,0x8DB9CF,0x8DB9F4,0x8DBA13,0x8DBA9A,0x8DBAB7,0x8DBACE,0x8DBAEC,0x8DBD03,0x8DBD7B,0x8DBD97,
  0x8DBDEF,0x8DBDFF,0x8DBE1D,0x8DBE7E,0x8DBE8B,0x8DBEAE,0x8DBECF,0x8DBED5,0x8DBEFA,0x8DBF00,0x8DBF1D,0x8DBF23,
  0x8DBF40,0x8DBF46,0x8DBF67,0x8DBFCF,0x8DBFFC,0x8DC171,0x8DC177,0x8DC182,0x8DC20F,0x8DC24C,0x8DC27F,0x8DC2C3,
  0x8DC3EA,0x8DC404,0x8DC4E8,0x8DC4ED,0x8DC507,0x8DC575,0x8DC5AE,0x8DC5B9,0x8DC5EC,0x8DC60C,0x8DC626,0x8DC67B,
  0x8DC693,0x8DC6B0,0x8DC6E7,0x8DC73F,0x8DC75E,0x8DC7E8,0x8DC81D,0x8DC839,0x8DC855,0x8DC872,0x8DC8B0,0x8DC9AB,
  0x8DC9B5,0x8DC9BB,0x8DCA11,0x8DCA19,0x8DCA5C,0x8DCA8B,0x8DCB22,0x8DCBA6,0x8DCBF0,0x8DCC2F,0x8DCC6E,0x8DCC8A,
  0x8DCE39,0x8DCE4A,0x8DCF1D,0x8DD01F,0x8DD079,0x8DD0E4,0x8DD1A6,0x8DD5FF,0x8DD63C,0x8DD663,0x8DD6B1,0x8DD6DE,
  0x8DD6F3,0x8DD74F,0x8DD7AF,0x8DD7DC,0x8DD819,0x8DD866,0x8DD876,0x8DD8AE,0x8DD8EC,0x8DD92E,0x8DD96D,0x8DD9B6,
  0x8DD9D3,0x8DDA06,0x8DDA33,0x8DDA66,0x8DDB2A,0x8DDBC4,0x8DDCB5,0x8DDD00,0x8DDD1E,0x8DDD47,0x8DDD74,0x8DDD86,
  0x8DDDBE,0x8DDDF1,0x8DDE1B,0x8DDE50,0x8DDE68,0x8DDE95,0x8DDEC4,0x8DDEEC,0x8DDF19,0x8DDF3B,0x8DE1C2,0x8DE201,
  0x8DE23A,0x8DE263,0x8DE281,0x8DE2FF,0x8DE385,0x8DE417,0x8DE463,0x8DE522,0x8DE5AD,0x8DE5E7,0x8DE628,0x8DE838,
  0x8DED5C,0x8DED9C,0x8DEDBB,0x8E02AF,0x8E0340,0x8E0354,0x8E047D,0x8E08DC,0x8E0906,0x8E092B,0x8E094D,0x8E0983,
  0x8E09CE,0x8E0A11,0x8E0A54,0x8E0B4A,0x8E0B77,0x8E0B95,0x8E0C62,0x8E0CA9,0x8E0D47,0x8E0EAE,0x8E0ED7,0x8E10A4,
  0x8E10DC,0x8E116B,0x8E11A1,0x8E12F5,0x8E14E3,0x8E1619,0x8E166D,0x8E168A,0x8E1853,0x8E19E3,0x8E1A22,0x8E1A99,
  0x8E1AEC,0x8E1B05,0x8E1B8E,0x8E1BAD,0x8E1C5A,0x8E1C70,0x8E1CC4,0x8E1DAD,0x8E1E64,0x8E2138,0x8E214A,0x8E216E,
  0x8E2304,0x8E231B,0x8E24D3,0x8E2615,0x8E26B7,0x8E2848,0x8E296E,0x8E299A,0x8E2A21,0x8E2ACA,0x8E2B17,0x8E2B72,
  0x8E2C0F,0x8E2CB6,0x8E2DAE,0x8E2E04,0x8E2E52,0x8E2E6D,0x8E2EB2,0x8E2F47,0x8E2F63,0x8E302A,0x8E30DD,0x8E3174,
  0x8E326D,0x8E3503,0x8E3521,0x8E352F,0x8E3551,0x8E357A,0x8E35A9,0x8E35D3,0x8E3632,0x8E368D,0x8E369A,0x8E36A7,
  0x8E36CF,0x8E36F6,0x8E36FC,0x8E37C2,0x8E382A,0x8E38BF,0x8E38D8,0x8E38DD,0x8E3ABB,0x8E3B04,0x8E3B58,0x8E3B71,
  0x8E3BB1,0x8E3BCC,0x8E3BE5,0x8E3BF9,0x8E3C12,0x8E3C24,0x8E3C3D,0x8E3C58,0x8E3C6E,0x8E3CF3,0x8E3D1E,0x8E3D4C,
  0x8E3D77,0x8E3DA1,0x8E3DD6,0x8E3E78,0x8E3EA1,0x8E3EE9,0x8E3EF8,0x8E3FD6,0x8E4009,0x8E4042,0x8E4082,0x8E41EB,
  0x8E4264,0x8E4274,0x8E42C8,0x8E4416,0x8E4456,0x8E4475,0x8E44D7,0x8E4591,0x8E4686,0x8E46A5,0x8E46D9,0x8E480C,
  0x8E4919,0x8E492F,0x8E4A05,0x8E4A1A,0x8E4A21,0x8E4A3A,0x8E4A47,0x8E4A54,0x8E4ABC,0x8E4ACD,0x8E4B10,0x8E4B1A,
  0x8E4B32,0x8E4B56,0x8E4B65,0x8E4B74,0x8E4B8C,0x8E4BA5,0x8E4C1E,0x8E4C5A,0x8E4C75,0x8E4CBE,0x8E4D0B,0x8E4D2D,
  0x8E4D9D,0x8E4E10,0x8E4E79,0x8E4EB7,0x8E4EFC,0x8E4F23,0x8E4F81,0x8E4FDF,0x8E501A,0x8E505B,0x8E5135,0x8E514A,
  0x8E51CD,0x8E51E6,0x8E52DB,0x8E52F7,0x8E561B,0x8E5756,0x8E5781,0x8E57BB,0x8E57D4,0x8E5811,0x8E5817,0x8E586A,
  0x8E5895,0x8E589C,0x8E590B,0x8E5924,0x8E593B,0x8E59DD,0x8E59E9,0x8E5A05,0x8E5A35,0x8E5A72,0x8E5A80,0x8E5B02,
  0x8E5B89,0x8E5BE0,0x8E5C5C,0x8E5C9B,0x8E5CA1,0x8E5CF2,0x8E5D74,0x8E5DA9,0x8E5DBC,0x8E5E3E,0x8E5E55,0x8E5E63,
  0x8E5EEE,0x8E5F0B,0x8E5F3A,0x8E5FC1,0x8E5FDF,0x8E600A,0x8E604F,0x8E607C,0x8E60B2,0x8E60CE,0x8E60EA,0x8E6106,
  0x8E6185,0x8E6204,0x8E6220,0x8E623C,0x8E6258,0x8E629F,0x8E6312,0x8E633F,0x8E64A1,0x8E64D6,0x8E64EE,0x8E6593,
  0x8E6601,0x8E66A3,0x8E66DF,0x8E6708,0x8E6731,0x8E6757,0x8E6787,0x8E681B,0x8E68B2,0x8E68F1,0x8E6912,0x8E693C,
  0x8E6A0C,0x8E6ADF,0x8E6B8F,0x8E6FBD,0x8E700C,0x8E7044,0x8E7127,0x8E72E2,0x8E7351,0x8E74D4,0x8E7538,0x8E755A,
  0x8E75A8,0x8E75D5,0x8E75FB,0x8E7620,0x8E7747,0x8E7756,0x8E7805,0x8E78CE,0x8E7956,0x8E7973,0x8E7981,0x8E7A04,
  0x8E7B32,0x8E7C24,0x8E7C4A,0x8E7C74,0x8E7C9E,0x8E7CC4,0x8E7CE3,0x8E7CFF,0x8E7D7B,0x8E7DC4,0x8E7DF1,0x8E7E16,
  0x8E7E32,0x8E7E95,0x8E7EBC,0x8E7F38,0x8E7F59,0x8E8010,0x8E80ED,0x8E8220,0x8E8257,0x8E8270,0x8E82CA,0x8E8309,
  0x8E8327,0x8E8368,0x8E83C2,0x8E83DF,0x8E83EA,0x8E849E,0x8E84BA,0x8E84D6,0x8E84F2,0x8E8529,0x8E8577,0x8E85E0,
  0x8E8688,0x8E869F,0x8E86A5,0x8E86D0,0x8E873E,0x8E8811,0x8E8843,0x8E89AA,0x8E89BD,0x8E89DF,0x8E8A8A,0x8E8B61,
  0x8E8B93,0x8E8CED,0x8E8DDD,0x8E8DE8,0x8E8E04,0x8E90DD,0x8E9497,0x8E94F2,0x8E951F,0x8E95D5,0x8E95FE,0x8E968E,
  0x8E9702,0x8E9744,0x8E9977,0x8E99C0,0x8E99EE,0x8E9B09,0x8E9B34,0x8E9B44,0x8E9B69,0x8E9B9A,0x8E9BA2,0x8E9BBE,
  0x8E9BD5,0x8E9C35,0x8E9C8C,0x8E9CD0,0x8E9D45,0x8E9D79,0x8E9DB2,0x8E9E74,0x8E9E91,0x8E9EAF,0x8E9EF5,0x8E9F1B,
  0x8E9F9F,0x8E9FBA,0x8E9FDC,0x8EA047,0x8EA082,0x8EA0B2,0x8EA106,0x8EA192,0x8EA224,0x8EA3CA,0x8EA3E5,0x8EA467,
  0x8EA488,0x8EA4CC,0x8EA8E2,0x8EA94B,0x8EA967,0x8EA9C2,0x8EAA55,0x8EAB08,0x8EAB29,0x8EACFC,0x8EADBB,0x8EADC0,
  0x8EADC7,0x8EAE72,0x8EAEB8,0x8EAF43,0x8EAFAF,0x8EB072,0x8EB0BA,0x8EB15A,0x8EB174,0x8EB18B,0x8EB1D8,0x8EB275,
  0x8EB2BA,0x8EB2D8,0x8EB333,0x8EB371,0x8EB66D,0x8EB756,0x8EB75B,0x8EB99C,0x8EB9B4,0x8EB9D8,0x8EBA1B,0x8EBA26,
  0x8EBAED,0x8EBB14,0x8EBBFB,0x8EBC3B,0x8EBC61,0x8EC1C7,0x8EC271,0x8EC278,0x8EC2AE,0x8EC2D8,0x8EC2EF,0x8EC318,
  0x8EC35C,0x8EC392,0x8EC3CA,0x8EC442,0x8EC449,0x8EC450,0x8EC467,0x8EC4B0,0x8EC506,0x8EC681,0x8EC6BC,0x8EC6C1,
  0x8EC708,0x8EC91C,0x8EC95E,0x8EC97D,0x8ECB10,0x8ECB84,0x8ECB8F,0x8ECBC9,0x8ECC01,0x8ECC7A,0x8ECD3E,0x8ECD8E,
  0x8ECF3E,0x8ED256,0x8ED45C,0x8ED4A4,0x8ED4AA,0x8ED505,0x8ED575,0x8ED5C4,0x8ED61D,0x8ED6DC,0x8ED726,0x8ED772,
  0x8ED85F,0x8EDA1D,0x8EDA39,0x8EDA5E,0x8EDA8E,0x8EDACE,0x8EDAFF,0x8EDB2C,0x8EDB87,0x8EDBB0,0x8EDBE1,0x8EDC02,
  0x8EDC7D,0x8EDCBA,0x8EDCE6,0x8EDD10,0x8EDD3D,0x8EDDF6,0x8EDF09,0x8EDF9A,0x8EDFC4,0x8EDFDD,0x8EE097,0x8EE0BC,
  0x8EE0D7,0x8EE22C,0x8EE256,0x8EE2AC,0x8EE594,0x8EE645,0x8EE661,0x8EE6A5,0x8EE710,0x8EE731,0x8EE74A,0x8EE765,
  0x8EE84C,0x8EE871,0x8EE89E,0x8EE8CD,0x8EE994,0x8EEA3D,0x8EEA66,0x8EEA9E,0x8EEADA,0x8EEB44,0x8EEBA4,0x8EEBAC,
  0x8EEC71,0x8EEF8F,0x8EF0D3,0x8EF1DF,0x8EF287,0x8EF302,0x8EF333,0x8EF34D,0x8EF35B,0x8EF389,0x8EF3C7,0x8EF3EC,
  0x8EF42B,0x8EF452,0x8EF473,0x8EF4CD,0x8EF572,0x8EF6DB,0x8EF913,0x8EF94A,0x8EF961,0x8EF98A,0x8EF9C6,0x8EF9E4,
  0x8EFA1E,0x8EFA37,0x8EFA4E,0x8EFC29,0x8EFC56,0x8EFC90,0x8EFCF9,0x8EFDED,0x8EFE51,0x8EFE95,0x8EFEEC,0x8EFF08,
  0x8EFF40,0x8F0076,0x8F0091,0x8F010C,0x8F014F,0x8F0284,0x8F02CC,0x8F0393,0x8F03AB,0x8F03B6,0x8F03C1,0x8F03FA,
  0x8F0497,0x8F04F7,0x8F0502,0x8F0602,0x8F0660,0x8F06FF,0x8F0783,0x8F0872,0x8F08ED,0x8F09BD,0x8F0A53,0x8F0B92,
  0x8F0BBC,0x8F0D54,0x8F0E6C,0x8F0EB4,0x8F1149,0x8F114D,0x8F1151,0x8F1155,0x8F1161,0x8F1165,0x8F1186,0x8F11D2,
  0x8F11DA,0x8F121F,0x8F1251,0x8F1266,0x8F128B,0x8F12C3,0x8F12FF,0x8F135E,0x8F144C,0x8F1499,0x8F157F,0x8F1690,
  0x8F16AB,0x8F16BD,0x8F16DA,0x8F1700,0x8F1725,0x8F175A,0x8F1792,0x8F17EE,0x8F1848,0x8F18DE,0x8F1933,0x8F19CE,
  0x8F19E9,0x8F1A19,0x8F1A49,0x8F1A7A,0x8F1AA9,0x8F1B49,0x8F1B50,0x8F1D88,0x8F1F59,0x8F1F90,0x8F2006,0x8F21F7,
  0x8F232F,0x8F2466,0x8F26C3,0x8F2727,0x8F2784,0x8F27AD,0x8F28C1,0x8F28DD,0x8F29F1,0x8F2A12,0x8F2A1E,0x8F2A32,
  0x8F2A4D,0x8F2A81,0x8F2AA1,0x8F2AEE,0x8F2B30,0x8F2B36,0x8F2B84,0x8F2BBD,0x8F2BE6,0x8F2C0E,0x8F2C3B,0x8F2C55,
  0x8F2D30,0x8F2D52,0x8F2DA0,0x8F2DEE,0x8F2E3C,0x8F2E7A,0x8F2EB8,0x8F2EF6,0x8F2F35,0x8F2FAE,0x8F30E5,0x8F3120,
  0x8F31DA,0x8F31EE,0x8F323D,0x8F3308,0x8F33A0,0x8F3401,0x8F3439,0x8F352E,0x8F374C,0x8F3752,0x8F3888,0x8F3A89,
  0x8F3CDF,0x8F3CFB,0x8F3D4A,0x8F3D59,0x8F3D92,0x8F3DAC,0x8F3DD3,0x8F3DF3,0x8F3E6A,0x8F3E70,0x8F3EA8,0x8F3EAD,
  0x8F3EB2,0x8F3EB7,0x8F3EEF,0x8F3EF4,0x8F3EF9,0x8F3EFE,0x8F3F5D,0x8F3F62,0x8F3F67,0x8F3F6C,0x8F400E,0x8F4040,
  0x8F4046,0x8F4075,0x8F4091,0x8F40E0,0x8F417A,0x8F457D,0x8F47EB,0x8F481C,0x8F4A09,0x8F4D47,0x8F4D81,0x8F4D9B,
  0x8F4DB2,0x8F4DEF,0x8F4E2F,0x8F4E4F,0x8F4E6F,0x8F4E96,0x8F4EB9,0x8F4ED9,0x8F4F00,0x8F4F3B,0x8F4F70,0x8F4F8A,
  0x8F4FF0,0x8F501B,0x8F5040,0x8F5067,0x8F50B0,0x8F5220,0x8F5347,0x8F54BA,0x8F55FD,0x8F5756,0x8F5A3A,0x8F5A5E,
  0x8F5A87,0x8F5AB7,0x8F5ABD,0x8F5BDB,0x8F5D5D,0x8F5EEB,0x8F5FD8,0x8F6358,0x8F637B,0x8F64DB,0x8F6511,0x8F66A1,
  0x8F66BD,0x8F69E8,0x8F6B5A,0x8F6DE9,0x8F7211,0x8F736E,0x8F78EB,0x8F7949,0x8F7B3B,0x8F7D42,0x8F7D71,0x8F7F2B,
  0x8F8014,0x8F8019,0x8F801F,0x8F805D,0x8F8268,0x8F8572,0x8F858E,0x8F8B8F,0x8F915C,0x8F9487,0x8F96B6,0x8F9705,
  0x8F9744,0x8F994F,0x8F9965,0x8F99B8,0x8F9A1A,0x8F9ADD,0x8F9BBF,0x8F9E64,0x8F9E8A,0x8F9EAF,0x8F9EE2,0x8F9F32,
  0x8F9FF4,0x8FA010,0x8FA047,0x8FA098,0x8FA15E,0x8FA203,0x8FA240,0x8FA28C,0x8FA2D7,0x8FA30C,0x8FA359,0x8FA36D,
  0x8FA3E4,0x8FA3EA,0x8FA451,0x8FA4C9,0x8FA4E8,0x8FA569,0x8FA629,0x8FA6E6,0x8FA702,0x8FA74C,0x8FA76B,0x8FA779,
  0x8FA77F,0x8FA7DA,0x8FA834,0x8FA930,0x8FA977,0x8FA97D,0x8FAA11,0x8FAA31,0x8FAA51,0x8FABC8,0x8FACFB,0x8FAD17,
  0x8FAD90,0x8FAE0F,0x8FAE36,0x8FAE55,0x8FAE7D,0x8FAEA8,0x8FAEEA,0x8FAF8E,0x8FAFB8,0x8FB03B,0x8FB06F,0x8FB0AB,
  0x8FB0D0,0x8FB0F0,0x8FB10D,0x8FB130,0x8FB2B7,0x8FB2D8,0x8FB2FD,0x8FB31F,0x8FB36D,0x8FB405,0x8FB434,0x8FB4CD,
  0x8FB566,0x8FB653,0x8FB695,0x8FB6D9,0x8FB6FB,0x8FB713,0x8FB736,0x8FB756,0x8FB793,0x8FB7D7,0x8FB7F2,0x8FB804,
  0x8FB82A,0x8FB84F,0x8FB875,0x8FB89A,0x8FB8AC,0x8FB8D2,0x8FB8F7,0x8FB924,0x8FB951,0x8FB983,0x8FB9FC,0x8FBA1C,
  0x8FBA4D,0x8FBA6A,0x8FBA85,0x8FBAA0,0x8FBB9E,0x8FBBB9,0x8FBC08,0x8FBC5F,0x8FBD38,0x8FBD53,0x8FBD79,0x8FBDFC,
  0x8FBE28,0x8FBE4A,0x8FBE70,0x8FBEBD,0x8FBF88,0x8FBF9F,0x8FC002,0x8FC0AD,0x8FC0ED,0x8FC14F,0x8FC19B,0x8FC2EC,
  0x8FC39B,0x8FC3B6,0x8FC3E4,0x8FC437,0x8FC4A5,0x8FC4BE,0x8FC4EB,0x8FC51E,0x8FC53F,0x8FC5AA,0x8FC5C1,0x8FC669,
  0x8FC74D,0x8FC781,0x8FC7E4,0x8FC7FB,0x8FC853,0x8FC880,0x8FC8A9,0x8FCABD,0x8FCAFC,0x8FCB12,0x8FCB1A,0x8FCB37,
  0x8FCB9F,0x8FCBB6,0x8FCBCF,0x8FCC03,0x8FCC3F,0x8FCD82,0x8FCD9F,0x8FCDB8,0x8FCE3F,0x8FCEB8,0x8FCEF2,0x8FCF0B,
  0x8FCF22,0x8FCF31,0x8FCF91,0x8FD043,0x8FD061,0x8FD0C9,0x8FD0E2,0x8FD0FB,0x8FD11D,0x8FD17A,0x8FD2A9,0x8FD3C0,
  0x8FD3F9,0x8FD426,0x8FD4D8,0x8FD52B,0x8FD562,0x8FD5A1,0x8FD5EB,0x8FD62A,0x8FD665,0x8FD717,0x8FD74A,0x8FD768,
  0x8FD786,0x8FD7A4,0x8FD85B,0x8FD890,0x8FD8F8,0x8FD911,0x8FD985,0x8FDA08,0x8FDA4F,0x8FDA71,0x8FDA8C,0x8FDB01,
  0x8FDB43,0x8FDB6C,0x8FDC1E,0x8FDCD5,0x8FDD0C,0x8FDD34,0x8FDDBC,0x8FDE42,0x8FDECE,0x8FDEE9,0x8FDFA0,0x8FE06D,
  0x8FE0A4,0x8FE0DB,0x8FE0FC,0x8FE222,0x8FE265,0x8FE28B,0x8FE318,0x8FE33B,0x8FE401,0x8FE6AF,0x8FE971,0x8FEA4D,
  0x8FEB3C,0x8FEB59,0x8FEBB9,0x8FEBD6,0x8FEC1C,0x8FEDF2,0x8FEE4B,0x8FEED6,0x8FEFC5,0x8FF0AC,0x8FF29B,0x8FF2B7,
  0x8FF2C7,0x8FF2D7,0x8FF2DB,0x8FF2DF,0x8FF2FF,0x8FF304,0x8FF337,0x8FF34A,0x8FF364,0x8FF393,0x8FF416,0x8FF483,
  0x8FF4F3,0x8FF50E,0x8FF62B,0x8FF64D,0x8FF67C,0x8FF69A,0x8FF6BF,0x8FF6D9,0x8FF6F8,0x8FF849,0x8FF99B,0x8FF9DA,
  0x8FFA08,0x8FFA24,0x8FFA39,0x8FFA70,0x8FFB3C,0x8FFB58,0x8FFB94,0x8FFBD4,0x8FFC4A,0x8FFD84,0x8FFDC7,0x8FFE03,
  0x8FFED8,0x8FFF39,0x8FFF41,0x90000E,0x90002D,0x900089,0x9000D4,0x90010C,0x900131,0x900159,0x90018B,0x9002ED,
  0x900313,0x9003F6,0x9004A6,0x900533,0x9006E5,0x9008A6,0x900AA7,0x900B84,0x900BCF,0x900C40,0x900CA0,0x900CBC,
  0x900D32,0x900D4E,0x900D61,0x900D79,0x900DFC,0x900E2D,0x900E58,0x900F10,0x900F7F,0x900F84,0x900FDE,0x90106F,
  0x9010CD,0x9010F0,0x901147,0x901171,0x9011CF,0x90120D,0x901212,0x90125B,0x901291,0x90129D,0x9012D7,0x9012E9,
  0x901316,0x901343,0x901370,0x9013E2,0x901436,0x90149C,0x901502,0x901568,0x9015CE,0x901630,0x901654,0x901678,
  0x90169C,0x9016C5,0x9016EE,0x901717,0x90174F,0x901787,0x9017BF,0x9017E3,0x9017F8,0x901818,0x90182D,0x90188A,
  0x901987,0x9019A3,0x9019BF,0x9019DF,0x901A5F,0x901AA3,0x901B33,0x901B65,0x901BA7,0x901D0E,0x901DD5,0x901E84,
  0x901F81,0x901F94,0x901FA7,0x902035,0x902045,0x9020A8,0x90210B,0x90216E,0x9021CD,0x90220B,0x902261,0x9022AD,
  0x9022EF,0x902332,0x902375,0x9023D8,0x90243F,0x9024A2,0x902509,0x902525,0x902588,0x9025EF,0x902623,0x902668,
  0x9026AD,0x9026F2,0x90272D,0x902768,0x9027A3,0x9027DE,0x902874,0x9028F5,0x90297D,0x9029A8,0x9029CE,0x9029DD,
  0x902A5F,0x902A72,0x902A96,0x902ACD,0x902AF1,0x902AFE,0x902B0B,0x902B78,0x902B96,0x902C67,0x902CFB,0x902D5C,
  0x902DE8,0x902DEE,0x902E0A,0x903092,0x90313E,0x903179,0x90319F,0x9031A4,0x9031C4,0x9031D4,0x903229,0x90323F,
  0x903265,0x9032B8,0x90330B,0x903356,0x9033D4,0x9033D9,0x903442,0x903460,0x903497,0x9034CE,0x9035AE,0x903660,
  0x903887,0x903AC0,0x9040EA,0x904498,0x904802,0x90498E,0x904A15,0x904A47,0x904A59,0x904A89,0x904B03,0x904B30,
  0x904B5D,0x904BB2,0x904BDB,0x904C04,0x904C28,0x904C4D,0x904C71,0x904CA6,0x904CE2,0x904D1F,0x904D70,0x904D9A,
  0x904DC4,0x904DED,0x904E17,0x904F11,0x904F3A,0x904F7A,0x904F99,0x904FAC,0x904FBF,0x9050E3,0x9051BC,0x90526A,
  0x905377,0x9053AF,0x905422,0x905495,0x905508,0x905531,0x9055C5,0x9055CD,0x9055FE,0x905615,0x90561D,0x90562A,
  0x905643,0x9056E8,0x90578D,0x9058A1,0x9059E0,0x905C14,0x905D8F,0x905DA7,0x905EBE,0x905FF9,0x906134,0x906263,
  0x9063A7,0x9063CD,0x9063F2,0x90640F,0x906431,0x90646E,0x90652D,0x906678,0x9066B2,0x9066D7,0x90670C,0x906741,
  0x90676E,0x906794,0x9067B9,0x906819,0x90684B,0x906878,0x906895,0x9069AE,0x9069D7,0x906A00,0x906A2D,0x906A4A,
  0x906A70,0x906A95,0x906AB7,0x906AE4,0x906B6C,0x906BA7,0x906BD4,0x906C06,0x906C76,0x906CDB,0x906D13,0x906D52,
  0x906DB2,0x906DD0,0x906E44,0x906F3E,0x906F57,0x906F75,0x906F97,0x90701F,0x90705A,0x90707C,0x9070A3,0x9070B0,
  0x9070EF,0x907125,0x907142,0x907175,0x90722C,0x90724A,0x907344,0x9073B7,0x9073D5,0x90745D,0x9074FF,0x90752C,
  0x907599,0x907620,0x907628,0x90764C,0x907682,0x90768A,0x9076F5,0x907726,0x907757,0x90794F,0x90796C,0x9079C0,
  0x907A77,0x907B1C,0x907C42,0x907CF6,0x907D18,0x907D35,0x907D83,0x907DCC,0x907E71,0x907EA6,0x907F2E,0x907FC6,
  0x907FF3,0x908010,0x9081CF,0x9082C5,0x9083A1,0x9083BE,0x9083F9,0x90851F,0x908554,0x908589,0x9085AB,0x9085D8,
  0x9085FA,0x908632,0x9086CB,0x9086F4,0x90871D,0x9087A5,0x90882B,0x90884D,0x90886F,0x9088D1,0x90890E,0x908963,
  0x908A89,0x908B11,0x908B97,0x908BC4,0x908C90,0x908CAD,0x908DD3,0x908DF5,0x908E38,0x908E55,0x908EDD,0x908F18,
  0x909490,0x90958A,0x9095A7,0x909CA9,0x909CD1,0x909D11,0x909D6E,0x909D9A,0x909DD2,0x909E13,0x909E54,0x909E88,
  0x909F2D,0x909F99,0x909FA5,0x90A03D,0x90A063,0x90A0AD,0x90A0CD,0x90A0EF,0x90A121,0x90A1AA,0x90A21D,0x90A3C1,
  0x90A434,0x90A4BC,0x90A4DF,0x90A4F4,0x90A4F9,0x90A59B,0x90A5F2,0x90A67C,0x90A699,0x90A750,0x90A776,0x90A7B6,
  0x90A7FB,0x90A83F,0x90A85A,0x90A875,0x90A8EA,0x90A90C,0x90A92E,0x90A9FA,0x90AAEF,0x90AC9D,0x90AD3E,0x90ADB3,
  0x90ADF3,0x90AE4F,0x90AF82,0x90B120,0x90B1CF,0x90B1F4,0x90B2A0,0x90B342,0x90B3CE,0x90B43D,0x90B4E7,0x90B6B3,
  0x90B8B4,0x90B8C7,0x90BA94,0x90BB5D,0x90BD34,0x90BD67,0x90BD9A,0x90BDCD,0x90BE00,0x90BE31,0x90C04E,0x90C09E,
  0x90C0EE,0x90C349,0x90C436,0x90C50C,0x90C5E2,0x90C6FE,0x90CADA,0x90CB85,0x90CB9F,0x90CBDD,0x90CC05,0x90CC23,
  0x90CCEC,0x90CCF9,0x90CD00,0x90CD0C,0x90CD45,0x90CDAD,0x90CDC8,0x90CE35,0x90CE76,0x90D16A,0x90D286,0x90D33E,
  0x90D37A,0x90D3C7,0x90D573,0x90D6A3,0x90D6BF,0x90D6EF,0x90D6F5,0x90D77C,0x90D8F0,0x90D901,0x90D9AD,0x90D9C9,
  0x90DA1D,0x90DAE9,0x90DAFD,0x90DB70,0x90DB89,0x90DD3C,0x90DD7B,0x90DD99,0x90DEF0,0x90E28C,0x90E683,0x90E73D,
  0x90E7EF,0x90E80B,0x90E855,0x90E9B2,0x90E9E9,0x90EA4F,0x90EA55,0x90EA77,0x90EAAC,0x90EAF9,0x90ED61,0x90EDA8,
  0x90EE10,0x90EEA5,0x90EEC1,0x90EEF9,0x90EF46,0x90EFDB,0x90F035,0x90F051,0x90F089,0x90F0D6,0x90F0E8,0x90F130,
  0x90F177,0x90F403,0x90F44A,0x90F4DF,0x90F501,0x90F534,0x90F594,0x90F5A6,0x90F5F3,0x90F74F,0x90F775,0x90F791,
  0x90F7C9,0x90F7DB,0x90F828,0x90F858,0x90F887,0x90F8B8,0x90F8D8,0x90F8F4,0x90F92C,0x90F933,0x90F954,0x90F987,
  0x90F9B4,0x90FA01,0x90FA48,0x90FC70,0x90FEF7,0x90FF56,0x90FF5D,0x90FF79,0x90FFD8,0x910025,0x910070,0x910179,
  0x910380,0x91062F,0x9107E1,0x9108EE,0x910A29,0x910A45,0x910A7D,0x910ACA,0x910C27,0x910C8A,0x910D2F,0x910D82,
  0x910DCF,0x910E8F,0x910EA1,0x910F78,0x91102F,0x911051,0x911086,0x911143,0x91117C,0x91139F,0x9113D2,0x911407,
  0x911494,0x9114B4,0x9114C9,0x911516,0x9115BB,0x911602,0x91161F,0x9116BA,0x911707,0x911770,0x9117A7,0x911829,
  0x91185A,0x91187C,0x9118B1,0x91193A,0x911957,0x911973,0x91197E,0x9119CB,0x911A58,0x911AC9,0x911B39,0x911B5C,
  0x911B78,0x911B7D,0x911BCA,0x911BCF,0x911BFD,0x911C12,0x911C32,0x911C46,0x911DC5,0x911E1D,0x911E39,0x911E83,
  0x911EA2,0x911EDC,0x911FFC,0x912033,0x91204F,0x912087,0x91209F,0x9120E6,0x912241,0x912271,0x91228D,0x912292,
  0x9122CB,0x9122FC,0x9124CB,0x912551,0x91258D,0x9125B4,0x912663,0x912728,0x912794,0x9127B6,0x91284E,0x91288D,
  0x9128CC,0x91293C,0x912AA6,0x912AE8,0x912B4A,0x912BBC,0x912C8E,0x912E41,0x913131,0x91317D,0x9131DB,0x913338,
  0x913415,0x913E85,0x9140D8,0x91432D,0x914684,0x914A15,0x914A5A,0x914B54,0x914C4B,0x914C51,0x914C7C,0x914CA0,
  0x914CD6,0x914D0C,0x914D28,0x914D83,0x914D8D,0x914E91,0x914EF0,0x914FEB,0x915024,0x91507F,0x9150BC,0x91510A,
  0x91513F,0x915159,0x9151C3,0x9152E3,0x915328,0x915392,0x9154AC,0x9154D5,0x9154FA,0x91551F,0x91554C,0x91556B,
  0x9155C2,0x9156DC,0x91570C,0x91578C,0x91589B,0x915917,0x915946,0x915960,0x915983,0x9159BE,0x915A03,0x915A38,
  0x915AA1,0x915B0C,0x915B2E,0x915B4A,0x915BF6,0x915DD9,0x915DF5,0x915F5D,0x9160E5,0x9161DD,0x916225,0x91625E,
  0x916288,0x9164C9,0x9164EB,0x916558,0x916581,0x916615,0x9166AC,0x9168BC,0x9168C4,0x9168E0,0x916936,0x916952,
  0x91696E,0x916973,0x916C88,0x916CD4,0x916E8F,0x916FC4,0x916FE0,0x917029,0x9170A4,0x9170AF,0x9172D5,0x9172F2,
  0x917348,0x91739E,0x917511,0x9177D4,0x917937,0x9179D9,0x917A47,0x917ACE,0x917AF6,0x917B0D,0x917B30,0x917B60,
  0x917BEC,0x917C2D,0x917CCA,0x917F53,0x917F74,0x917FEE,0x91801B,0x918151,0x918176,0x918261,0x91827C,0x918309,
  0x918372,0x918425,0x918464,0x9188EB,0x9188EE,0x9188F9,0x918968,0x918998,0x9189F6,0x918A01,0x918A5B,0x918AE3,
  0x918AFF,0x918B1A,0x918BA0,0x918BA3,0x918C20,0x918C2B,0x918C57,0x918DBB,0x918DD7,0x918F91,0x918F97,0x918FDC,
  0x918FF8,0x919056,0x9190C0,0x9190F0,0x919158,0x9191E1,0x9191EC,0x91934F,0x9193F1,0x919447,0x91949D,0x9196B9,
  0x919764,0x919780,0x9197CE,0x91988F,0x919B4A,0x919B76,0x919BA4,0x919BC6,0x919BF6,0x919C26,0x919CC6,0x919E47,
  0x919E7B,0x919EB4,0x919EDE,0x91A007,0x91A00D,0x91A018,0x91A08E,0x91A0C8,0x91A0ED,0x91A109,0x91A13C,0x91A15E,
  0x91A183,0x91A1A8,0x91A20A,0x91A6BF,0x91AC95,0x91ACA2,0x91ACDE,0x91ADB6,0x91B012,0x91B0E2,0x91B1D2,0x91B2ED,
  0x91B338,0x91B36D,0x91B3E5,0x91B3F0,0x91B4B5,0x91BD6F,0x91BD8B,0x91BF7E,0x91C108,0x91C1C8,0x91C215,0x91C262,
  0x91C2AF,0x91C2FC,0x91C9A9,0x91D4F2,0x91D68C,0x91D6A1,0x91D6E3,0x91D702,0x91D71B,0x91D739,0x91D75D,0x91D7A3,
  0x91D7DF,0x91D821,0x91D842,0x91D8C7,0x91D8EB,0x91DB1C,0x91DB3B,0x91DB52,0x91DB6E,0x91DBA2,0x91DBCF,0x91DCB0,
  0x91DCBB,0x91DD1E,0x91DD59,0x91DD75,0x91E133,0x91E4A0,0x91E679,0x91E702,0x91E708,0x91E832,0x91EA1D,0x91EA39,
  0x91EB30,0x91EB77,0x91EBD1,0x91EC52,0x91ED2E,0x91ED91,0x91EE11,0x91EE9A,0x91EF0F,0x91F038,0x91F175,0x91F28F,
  0x91F2AB,0x91F790,0x91F90D,0x920E0F,0x920F34,0x921689,0x921695,0x9216B1,0x921841,0x9218C2,0x9218CB,0x921904,
  0x921B04,0x921C9D,0x9220BD,0x9220C2,0x9220DE,0x9222B2,0x9226AA,0x9226FA,0x922700,0x92271A,0x92271F,0x922855,
  0x92287C,0x9228BF,0x922911,0x922956,0x922A19,0x922ABA,0x922B88,0x922BB5,0x922C2A,0x923020,0x923054,0x92306B,
  0x9230A5,0x923125,0x9231CB,0x923353,0x92336C,0x923383,0x92343F,0x92344A,0x9234B0,0x9235A9,0x923603,0x923648,
  0x923689,0x9236C1,0x92371A,0x9238CD,0x923938,0x923977,0x9239BB,0x923A18,0x923A61,0x923ACF,0x923F6F,0x923FB6,
  0x923FD1,0x924003,0x924024,0x92402A,0x9240B9,0x924103,0x92411A,0x924160,0x92419A,0x9241F5,0x924210,0x924293,
  0x9242D6,0x9246EF,0x924B69,0x924BBB,0x924BDA,0x924C14,0x924CB8,0x924CF7,0x924D18,0x924D31,0x924D70,0x924DD1,
  0x924F24,0x924FEC,0x925014,0x9251F9,0x92522B,0x92525D,0x9252C4,0x925523,0x92554C,0x9255DE,0x925625,0x92566C,
  0x925699,0x925FFA,0x9260C8,0x926196,0x92623B,0x926268,0x92628D,0x9262FC,0x92632E,0x926417,0x92646D,0x9264F4,
  0x92651A,0x926537,0x926554,0x92656F,0x9265BD,0x926910,0x92698D,0x9269AA,0x9269E0,0x926A0F,0x926A28,0x926A46,
  0x926A85,0x926AB8,0x926B2C,0x926BE3,0x926DFF,0x926E0A,0x926EF5,0x926FF7,0x926FFD,0x92701E,0x92708A,0x9270AD,
  0x92723E,0x9275EC,0x927898,0x927A07,0x927A2C,0x927AF4,0x927B29,0x927B78,0x927B83,0x927B9F,0x927EC6,0x927FBF,
  0x927FDA,0x927FEF,0x92803D,0x928062,0x928072,0x928084,0x928094,0x9280A4,0x9280BA,0x92810A,0x9281A8,0x9281DB,
  0x928249,0x9282C7,0x9282E3,0x92832D,0x928468,0x92846C,0x928477,0x928482,0x9284D0,0x928502,0x928510,0x928614,
  0x928674,0x9286BB,0x9286D7,0x92889A,0x9288B2,0x9288D0,0x928C34,0x928C68,0x928CDB,0x928E22,0x928F37,0x928FAA,
  0x9290EB,0x9291B3,0x929226,0x9293F5,0x9294B3,0x92951E,0x929551,0x929589,0x929745,0x929DD6,0x929ECF,0x929EE6,
  0x929F11,0x92A070,0x92A083,0x92A0B3,0x92A253,0x92A2DC,0x92A2E7,0x92A303,0x92A832,0x92A838,0x92A84A,0x92A879,
  0x92A8A8,0x92A8D5,0x92A8FB,0x92A920,0x92A99C,0x92A9D3,0x92A9F6,0x92AA2B,0x92AA60,0x92AAC0,0x92AAF5,0x92AB2A,
  0x92AB5F,0x92AC12,0x92AC84,0x92ACB3,0x92AD39,0x92ADAB,0x92ADDA,0x92AE1D,0x92AE8F,0x92AECE,0x92AEE9,0x92AF0A,
  0x92AFB0,0x92B062,0x92B0C7,0x92B12F,0x92B194,0x92B1F9,0x92B23B,0x92B27D,0x92B2E2,0x92B319,0x92B3A4,0x92B413,
  0x92B447,0x92B501,0x92B520,0x92B539,0x92B558,0x92B5B6,0x92B5BB,0x92B64E,0x92B688,0x92B6D3,0x92B6EF,0x92B7D5,
  0x92B969,0x92B9A9,0x92B9C8,0x92BA1F,0x92BA91,0x92BAD7,0x92BB2A,0x92BB59,0x92BB7C,0x92BBA1,0x92BBEA,0x92BBEF,
  0x92BC2A,0x92BC90,0x92BCC2,0x92BD5A,0x92BDC5,0x92BE2D,0x92BE94,0x92C051,0x92C080,0x92C0A2,0x92C1F2,0x92C2DA,
  0x92C2F5,0x92C328,0x92C32F,0x92C351,0x92C367,0x92C385,0x92C3C0,0x92C420,0x92C4F6,0x92C734,0x92C809,0x92C86F,
  0x92C8C4,0x92CA77,0x92CB72,0x92CB8C,0x92CCE4,0x92CD2E,0x92CDB1,0x92CDBE,0x92CE90,0x92D8FA,0x92D97A,0x92D9B5,
  0x92D9EF,0x92D9F4,0x92DB7B,0x92DB80,0x92DDE7,0x92E1D6,0x92E229,0x92E23E,0x92E25E,0x92E315,0x92E362,0x92E3AA,
  0x92E414,0x92E44C,0x92E462,0x92E570,0x92E588,0x92E606,0x92E61F,0x92E689,0x92E753,0x92E8D8,0x92E9EA,0x92EA27,
  0x92EA2C,0x92EC75,0x92ECE9,0x92ED4D,0x92ED9C,0x92EDDC,0x92EE1C,0x92EE76,0x92EFD8,0x92EFDF,0x92F015,0x92F082,
  0x92F34B,0x92F350,0x92F357,0x92F556,0x92F599,0x92F5A4,0x92F5D5,0x92F610,0x92F636,0x92F65F,0x92F67B,0x92F6AA,
  0x92F6CE,0x92F6F2,0x92F712,0x92F778,0x92F990,0x92FA39,0x92FA40,0x92FA46,0x92FA60,0x92FA83,0x92FAA5,0x92FACB,
  0x92FB90,0x92FBAB,0x92FDCC,0x92FE33,0x92FF5C,0x930035,0x930088,0x9304DB,0x9305CE,0x930809,0x930A0B,0x930A17,
  0x930A1E,0x930A25,0x930CA4,0x930CE7,0x930DA6,0x930E2A,0x930E4D,0x930E6E,0x930ECA,0x930F0F,0x930F96,0x93107C,
  0x9310AD,0x9310C5,0x9311C0,0x9311E1,0x93121C,0x93125F,0x931666,0x93166B,0x93178C,0x931978,0x9319CC,0x931A3A,
  0x931A5B,0x931A7C,0x931AD1,0x931B46,0x931BB6,0x931C26,0x931C5C,0x931C74,0x931CAF,0x931DE9,0x931E46,0x931E62,
  0x931EBF,0x931EC3,0x931F2B,0x931F68,0x931F85,0x931F98,0x931FBB,0x931FF2,0x932029,0x932060,0x9320D6,0x9320F3,
  0x93211A,0x932147,0x9321A5,0x932226,0x932266,0x93228A,0x9322BD,0x932302,0x93235B,0x932472,0x932478,0x932519,
  0x932524,0x932533,0x932570,0x9325B4,0x9325C8,0x9325E4,0x93261D,0x93264A,0x9326A3,0x93275B,0x932797,0x9327B4,
  0x9327CE,0x9327E0,0x932804,0x932823,0x9328B0,0x9328FD,0x932960,0x932993,0x9329D6,0x932A8D,0x932AE9,0x932B3A,
  0x932B82,0x932BF7,0x932C24,0x932C51,0x932C77,0x932C9C,0x932CB4,0x932CDA,0x932D03,0x932D30,0x932D48,0x932D75,
  0x932D8D,0x932DBA,0x932DE7,0x932DFF,0x932E2C,0x932E59,0x932E86,0x932E9F,0x932EB8,0x93327D,0x9332C1,0x933305,
  0x933349,0x933361,0x933379,0x9333AD,0x9333EC,0x93340A,0x933467,0x9334A6,0x933506,0x933545,0x9335A5,0x933605,
  0x933644,0x933683,0x9336E3,0x933722,0x933761,0x9337BE,0x93381E,0x93385D,0x933905,0x93390B,0x933AAC,0x933B63,
  0x933BA2,0x933BF3,0x933C98,0x933CB4,0x933CEB,0x933D18,0x933D87,0x933DE7,0x933E12,0x933E3F,0x933E65,0x933EC5,
  0x934012,0x93402E,0x93405B,0x93408A,0x9340B2,0x9341AB,0x9341B3,0x9341B7,0x934387,0x9343CE,0x934400,0x93442F,
  0x93443D,0x934454,0x93447C,0x9344B8,0x9344DE,0x93450F,0x934538,0x934594,0x9345AA,0x934602,0x9346AC,0x9346CF,
  0x9346E0,0x9347C6,0x934806,0x93483E,0x93485A,0x93491C,0x93496C,0x93499A,0x9349C8,0x934A0C,0x934A39,0x934A85,
  0x934D51,0x934E34,0x935051,0x93527F,0x9356DF,0x935BFF,0x935C57,0x935FAA,0x936B7D,0x9378B2,0x937919,0x937930,
  0x937973,0x9379B5,0x937A4E,0x937A97,0x937AE4,0x937AFB,0x937B9F,0x937C23,0x937C65,0x937CA7,0x937D96,0x937DE6,
  0x937E2B,0x937E77,0x937EC3,0x937F15,0x937F2D,0x937F7F,0x937FD2,0x938045,0x938085,0x9380BC,0x93813C,0x938240,
  0x9382DD,0x9383A9,0x9383FE,0x938430,0x93844A,0x9384C6,0x9384EE,0x938521,0x938553,0x9385C0,0x93866D,0x9386B7,
  0x938713,0x938746,0x938779,0x9387D9,0x938838,0x9388DE,0x938939,0x93894B,0x9389A6,0x9389CE,0x938A2B,0x938A6E,
  0x938ACF,0x938B3B,0x938B99,0x938C07,0x938C22,0x938C48,0x938C6D,0x938C9A,0x938CCB,0x938D89,0x938D9B,0x938DBF,
  0x938DE3,0x938E07,0x938E42,0x939188,0x939217,0x939226,0x93930C,0x9395B9,0x93973A,0x93981D,0x9398E3,0x93992E,
  0x939DE8,0x939E1F,0x939EF4,0x939F17,0x939FA8,0x93A43D,0x93A4B8,0x93A530,0x93AC0F,0x93AD6E,0x93AD93,0x93ADE6,
  0x93ADEE,0x93AE7D,0x93AEA7,0x93AF67,0x93AF9C,0x93AFB9,0x93AFE2,0x93AFFF,0x93B031,0x93B069,0x93B090,0x93B0C5,
  0x93B14D,0x93B1D3,0x93B211,0x93B337,0x93B354,0x93B3D8,0x93B44C,0x93B46D,0x93B48F,0x93B4B1,0x93B4E5,0x93B512,
  0x93B53F,0x93B6FA,0x93B71C,0x93B749,0x93B7CF,0x93B805,0x93B8E9,0x93B90E,0x93B931,0x93B9BD,0x93BD39,0x93BD52,
  0x93BD82,0x93BE7C,0x93BF28,0x93BFF5,0x93C098,0x93C0AC,0x93C0B7,0x93C1B2,0x93C1F9,0x93C243,0x93C294,0x93C2DF,
  0x93C330,0x93C37B,0x93C3CC,0x93C417,0x93C4E5,0x93C52C,0x93C576,0x93C5D3,0x93C61A,0x93C664,0x93C6AB,0x93C6F5,
  0x93C73C,0x93C786,0x93C7CD,0x93C817,0x93C85E,0x93C8A8,0x93C8F0,0x93C939,0x93C981,0x93C9CA,0x93CA12,0x93CA5B,
  0x93CAA3,0x93CAEC,0x93CB45,0x93CBA1,0x93CBE8,0x93CC32,0x93CC79,0x93CCC3,0x93CD0A,0x93CD54,0x93CD9B,0x93CDE5,
  0x93CE2C,0x93CE76,0x93CEBD,0x93CF07,0x93CF4E,0x93CF98,0x93CFDF,0x93D029,0x93D070,0x93D0BA,0x93D101,0x93D14B,
  0x93D195,0x93D1DC,0x93D226,0x93D26D,0x93D2B7,0x93D302,0x93D353,0x93D39A,0x93D3E4,0x93D42B,0x93D597,0x93D5DE,
  0x93D628,0x93D66F,0x93D6B9,0x93D700,0x93D74A,0x93D791,0x93D7DB,0x93D822,0x93D86C,0x93D8B3,0x93DA51,0x93DAC6,
  0x93DB3E,0x93DB97,0x93DBF3,0x93DC3B,0x93DC84,0x93DCE5,0x93DD42,0x93DD94,0x93DDE9,0x93DE3B,0x93DE90,0x93DF4C,
  0x93E008,0x93E0EC,0x93E1D0,0x93E21F,0x93E382,0x93E3D1,0x93E669,0x93E6D0,0x93E6E1,0x93E6F2,0x93E72F,0x93E796,
  0x93E7B2,0x93E7C6,0x93E7E3,0x93E81F,0x93E88C,0x93E8AA,0x93E8D6,0x93E902,0x93E993,0x93E9A2,0x93E9B1,0x93E9C0,
  0x93E9CF,0x93E9DE,0x93EA69,0x93EAEF,0x93EB12,0x93EB51,0x93EC01,0x93EC11,0x93EC2D,0x93EC4F,0x93ECDE,0x93ED77,
  0x93EE66,0x93EECA,0x93EF4E,0x93EF73,0x93EFA0,0x93EFD6,0x93F027,0x93F065,0x93F0A9,0x93F0D8,0x93F0F2,0x93F1A9,
  0x93F21B,0x93F267,0x93F29C,0x93F2AC,0x93F2BF,0x93F2F6,0x93F38B,0x93F39F,0x93F3BD,0x93F462,0x93F48E,0x93F4B9,
  0x93F4E1,0x93F4FA,0x93F547,0x93F5C0,0x93F611,0x93F61F,0x93F666,0x93F6A8,0x93F6D0,0x93F6F4,0x93F77A,0x93F7A3,
  0x93F7DB,0x93F7F7,0x93F7FC,0x93F88A,0x93F8C9,0x93F91A,0x93F924,0x93FA67,0x93FAFA,0x93FB62,0x93FB8C,0x93FBB6,
  0x93FBE0,0x93FC0A,0x93FC3A,0x93FC7B,0x93FCA5,0x93FCCF,0x93FD3F,0x93FDAC,0x93FDCA,0x93FE36,0x93FE8D,0x93FEA9,
  0x94002B,0x940033,0x940100,0x9401ED,0x940211,0x9402CD,0x9402E7,0x940340,0x94037B,0x9403A6,0x9403ED,0x940435,
  0x941C3E,0x941C52,0x941CB0,0x941CF5,0x941D00,0x941D4F,0x941D6B,0x941DFB,0x941E9B,0x941F04,0x941F34,0x9420C4,
  0x9421C8,0x9421E7,0x94220B,0x942227,0x942316,0x942368,0x942490,0x9424EA,0x942517,0x94251F,0x942687,0x9426CD,
  0x9426F6,0x942733,0x94397F,0x943D6F,0x944476,0x944487,0x944498,0x9444F3,0x944509,0x944534,0x94475A,0x944911,
  0x944B88,0x944CC0,0x944D54,0x944DF0,0x944EBB,0x944EFB,0x9450EB,0x94515E,0x94518D,0x9454F6,0x94558B,0x945644,
  0x94564C,0x945661,0x945687,0x9456B6,0x9456DB,0x94570F,0x945724,0x94577A,0x945782,0x9457DC,0x9457FE,0x94591C,
  0x945938,0x945985,0x94599C,0x9459B8,0x9459D1,0x945A76,0x945AC9,0x945ADA,0x945AE4,0x945B22,0x945B79,0x945C00,
  0x945C15,0x945C39,0x945C5D,0x945C8D,0x945CD4,0x945D12,0x945D30,0x945D73,0x945DFB,0x945E53,0x9460F8,0x946138,
  0x946154,0x946173,0x9461FC,0x946200,0x94622C,0x946296,0x946303,0x946349,0x9463CE,0x9463F5,0x94644A,0x94648C,
  0x9464A8,0x946515,0x946598,0x9465B0,0x9466D0,0x946714,0x94674E,0x946807,0x946849,0x94687C,0x9468B8,0x9468F5,
  0x946905,0x946920,0x94693D,0x94695A,0x94696C,0x94699E,0x9469C4,0x9469E9,0x946A4E,0x946A6A,0x946A87,0x946AB4,
  0x946AD1,0x946B00,0x946B70,0x946BB2,0x946BF9,0x946C1E,0x946C41,0x946C67,0x946D2F,0x946DEC,0x946E34,0x946E76,
  0x946F9A,0x947017,0x94704E,0x9470E6,0x947127,0x947162,0x9471A5,0x9472A8,0x947343,0x947389,0x9473A5,0x947420,
  0x947465,0x9474CA,0x947501,0x947527,0x947576,0x9475CF,0x94760A,0x94766F,0x94769C,0x9476D2,0x94778A,0x9477A5,
  0x9477C5,0x947813,0x947855,0x947897,0x9478C2,0x9478FE,0x94790E,0x947929,0x947939,0x947954,0x947971,0x94798E,
  0x9479A0,0x9479B2,0x9479E4,0x947A16,0x947A3C,0x947A61,0x947A87,0x947AAC,0x947ADE,0x947B3F,0x947B64,0x947B81,
  0x947B9E,0x947BCB,0x947BF8,0x947C15,0x947C32,0x947C61,0x947C90,0x947D00,0x947D42,0x947D84,0x947DCB,0x947E12,
  0x947E37,0x947E5A,0x947E7D,0x947EA3,0x947EC9,0x947F91,0x948059,0x948116,0x9481D3,0x94821B,0x948263,0x9482A5,
  0x9483BE,0x948400,0x94852F,0x9485AC,0x948629,0x948660,0x9486F8,0x94872F,0x9487C7,0x948808,0x948852,0x948860,
  0x9488B3,0x94890D,0x9489A8,0x9489EE,0x948A89,0x948ACF,0x948AEB,0x948B66,0x948BAB,0x948C10,0x948C55,0x948CBA,
  0x948CFD,0x948D31,0x948D66,0x948D9A,0x94901C,0x94907C,0x949132,0x949147,0x9491CC,0x9491D1,0x94924A,0x949265,
  0x9492D8,0x949318,0x949335,0x949437,0x949480,0x9494A8,0x949556,0x949561,0x949567,0x949575,0x9495C4,0x9495F7,
  0x94962A,0x949630,0x949665,0x949693,0x9496C0,0x949709,0x94970F,0x949758,0x94975E,0x94977F,0x949785,0x9497A1,
  0x9497EA,0x9497F0,0x949872,0x949994,0x949A10,0x949BD3,0x949CA7,0x94A048,0x94A183,0x94A29F,0x94A407,0x94A571,
  0x94A69E,0x94A70A,0x94A805,0x94A8E8,0x94A909,0x94A90F,0x94A91A,0x94A920,0x94A949,0x94A986,0x94AA02,0x94AA10,
  0x94AA83,0x94AAC4,0x94AB40,0x94AB5C,0x94ABB7,0x94AC40,0x94AC78,0x94ACD3,0x94AD7D,0x94ADC5,0x94AE27,0x94AE4C,
  0x94AE52,0x94AE99,0x94AEC3,0x94AECD,0x94AF5A,0x94AF92,0x94AFCF,0x94B040,0x94B05D,0x94B063,0x94B080,0x94B09D,
  0x94B0BA,0x94B0D7,0x94B0F4,0x94B2C5,0x94B2E1,0x94B306,0x94B325,0x94B394,0x94B3E9,0x94B456,0x94B477,0x94B47D,
  0x94B49E,0x94B4A4,0x94B4AF,0x94B4B5,0x94B68E,0x94B6C9,0x94B704,0x94B721,0x94B727,0x94B7FD,0x94B819,0x94B908,
  0x94B926,0x94BA46,0x94BA64,0x94BA6F,0x94BA75,0x94BA8C,0x94BAE0,0x94BB1E,0x94BB3D,0x94BC05,0x94BC51,0x94BC85,
  0x94BCA6,0x94BCAC,0x94BD7E,0x94BD9A,0x94BDE3,0x94BDE9,0x94BEAD,0x94C017,0x94C0F4,0x94C144,0x94C310,0x94C419,
  0x94C436,0x94C43C,0x94C44E,0x94C459,0x94C45F,0x94C481,0x94C4B4,0x94C4E7,0x94C517,0x94C574,0x94C579,0x94C5C1,
  0x94C5C6,0x94C61F,0x94C647,0x94C64D,0x94C679,0x94C67F,0x94C69B,0x94C6A1,0x94C6BD,0x94C74F,0x94C77B,0x94C781,
  0x94C7DF,0x94C84F,0x94C8D0,0x94CA71,0x94CBFC,0x94CC98,0x94CD9D,0x94CE46,0x94CEB4,0x94CF2A,0x94D02C,0x94D11D,
  0x94D17A,0x94D18A,0x94D1B0,0x94D1EB,0x94D1F5,0x94D235,0x94D251,0x94D28C,0x94D2CC,0x94D303,0x94D347,0x94D38F,
  0x94D39F,0x94D3BE,0x94D3D7,0x94D3F8,0x94D403,0x94D43A,0x94D444,0x94D460,0x94D496,0x94D4BC,0x94D4F5,0x94D526,
  0x94D54E,0x94D57C,0x94D587,0x94D5C8,0x94D5FF,0x94D609,0x94D625,0x94D64B,0x94D674,0x94D6A3,0x94D6FD,0x94D79D,
  0x94D7D2,0x94D7FE,0x94D830,0x94D83B,0x94D88A,0x94D8C1,0x94D8CB,0x94D8E7,0x94D90D,0x94D93F,0x94D968,0x94D9E9,
  0x94DA57,0x94DA6C,0x94DA72,0x94DAAE,0x94DAB5,0x94DAF2,0x94DB14,0x94DB32,0x94DB66,0x94DB7C,0x94DBA2,0x94DBC7,
  0x94DC37,0x94DCC6,0x94DCFF,0x94DD4D,0x94DD88,0x94DD92,0x94DDB6,0x94DDFA,0x94DE2A,0x94DF1B,0x94DF97,0x94E0D4,
  0x94E144,0x94E184,0x94E213,0x94E232,0x94E292,0x94E2E7,0x94E346,0x94E37D,0x94E383,0x94E3A3,0x94E3DF,0x94E3E6,
  0x94E433,0x94E459,0x94E494,0x94E49E,0x94E569,0x94E585,0x94E6B8,0x94E72B,0x94E806,0x94E857,0x94E8C1,0x94E91B,
  0x94E980,0x94E9B7,0x94E9E8,0x94EA54,0x94EACA,0x94EB38,0x94EB6C,0x94EB83,0x94EBA8,0x94EBD1,0x94ECF2,0x94ED4C,
  0x94EE0F,0x94EF1A,0x94EFE8,0x94F014,0x94F03B,0x94F076,0x94F0A4,0x94F0DF,0x94F103,0x94F162,0x94F19E,0x94F223,
  0x94F23F,0x94F2DC,0x94F356,0x94F3B1,0x94F434,0x94F473,0x94F57C,0x94F607,0x94F7C6,0x94F855,0x94F869,0x94F896,
  0x94F8C8,0x94F8EC,0x94F90B,0x94F9FE,0x94FA51,0x94FA6C,0x94FB5F,0x94FC3F,0x94FCBA,0x95048E,0x9504D1,0x95052D,
  0x95056C,0x9505B7,0x9505DA,0x9505F7,0x950624,0x95064B,0x950672,0x950698,0x95075B,0x9507C0,0x950841,0x950890,
  0x9508DF,0x950931,0x950983,0x9509AB,0x950A10,0x950A5B,0x950A89,0x950ABA,0x950B34,0x950BAE,0x950C34,0x950CBA,
  0x950CD2,0x950D1F,0x950D6C,0x950DB9,0x950E06,0x950E47,0x950ED4,0x950F61,0x950FF3,0x951085,0x9510E4,0x951111,
  0x95113E,0x95116B,0x951198,0x9511C5,0x951204,0x9512DF,0x9513BA,0x951499,0x951578,0x9515B6,0x9515DF,0x951662,
  0x9516E1,0x95176E,0x9517FB,0x95184D,0x95189F,0x9518F1,0x951943,0x9519BA,0x951A31,0x951AA8,0x951B1F,0x951B82,
  0x951BE5,0x951C48,0x951CAB,0x951CB3,0x951CED,0x951D52,0x951DB5,0x951E18,0x951E7B,0x951EDE,0x951F0D,0x951F3C,
  0x951F6B,0x951F9A,0x951FC7,0x951FF4,0x952021,0x95204E,0x952093,0x95209B,0x9520B1,0x9520E7,0x952114,0x952198,
  0x95221C,0x9522A0,0x952324,0x952367,0x9523AA,0x9523ED,0x952430,0x95244C,0x952471,0x952547,0x95261D,0x9526F5,
  0x9527CD,0x952807,0x952841,0x95287B,0x9528B5,0x9529CB,0x952AE1,0x952BF7,0x952D0D,0x952D82,0x952DF7,0x952E6C,
  0x952EE1,0x952FD9,0x952FEB,0x953007,0x95305E,0x95309C,0x9530D6,0x95310E,0x9531EA,0x953243,0x9532F3,0x953498,
  0x9534A0,0x9534DE,0x953861,0x9539D3,0x953ACB,0x953B2F,0x953B78,0x953B86,0x953BB1,0x953C0B,0x953C82,0x953C8A,
  0x953CE1,0x953D5A,0x953D76,0x953DF3,0x953E07,0x953E3C,0x953E60,0x953E7C,0x953ED9,0x953EF6,0x953F71,0x953FC4,
  0x953FF4,0x95408B,0x9540A9,0x954101,0x954181,0x95421D,0x9542EA,0x954BA4,0x954CCF,0x954DEF,0x955046,0x95506C,
  0x955093,0x9550D5,0x9550F5,0x955116,0x955145,0x955185,0x955CAB,0x955CB5,0x955CD0,0x955CEB,0x955D06,0x955D22,
  0x955DA9,0x955E02,0x955E0D,0x955E29,0x955F40,0x955F7A,0x955FD6,0x95615C,0x9562BE,0x9562DB,0x956301,0x95632C,
  0x95633A,0x956439,0x95645D,0x956479,0x95647E,0x956481,0x956525,0x9565C1,0x956607,0x956652,0x956730,0x956826,
  0x956847,0x95691D,0x95694A,0x95696B,0x956994,0x9569B5,0x956A11,0x956A48,0x956AE4,0x956B26,0x956B3B,0x956BBD,
  0x956C5A,0x956C76,0x956C97,0x956E21,0x956E27,0x956E54,0x956E89,0x956EEB,0x956F52,0x956F9C,0x957020,0x95703D,
  0x95707D,0x9570A3,0x9570B1,0x9570BF,0x95712A,0x9571B9,0x957224,0x95723C,0x9572C0,0x9572E4,0x957308,0x957331,
  0x957370,0x957384,0x9573A1,0x957415,0x95742F,0x957452,0x957503,0x9575CC,0x957603,0x95761F,0x95763B,0x957686,
  0x9576D1,0x9576E9,0x957733,0x95782D,0x957927,0x957954,0x957981,0x957A5D,0x957AED,0x957B53,0x957BB9,0x957C65,
  0x957D05,0x957D2E,0x957D57,0x957D7D,0x957DA3,0x957DBF,0x957E69,0x9582AE,0x9582E8,0x958322,0x958390,0x958408,
  0x958486,0x95849B,0x9584B0,0x9584E2,0x958514,0x958582,0x9585A8,0x9585DA,0x958627,0x958674,0x958AA7,0x959652,
  0x9596DF,0x959738,0x95975E,0x959779,0x9597FB,0x95985A,0x9598BC,0x95991E,0x959940,0x9599AE,0x959A78,0x959A9C,
  0x959AC0,0x959AE9,0x959B12,0x959B95,0x959C18,0x959C45,0x959C97,0x959CD1,0x959D4B,0x959D74,0x959DBF,0x959E0A,
  0x959E31,0x959E6A,0x95A22F,0x95A260,0x95A2A5,0x95A305,0x95A343,0x95A3CB,0x95A451,0x95A4D9,0x95A55F,0x95A659,
  0x95A753,0x95A79B,0x95A7D8,0x95A8BC,0x95A9A4,0x95AA52,0x95AA92,0x95AACF,0x95AB47,0x95AC6D,0x95AD93,0x95ADB9,
  0x95ADDF,0x95AE2E,0x95AE4A,0x95AED8,0x95B013,0x95B137,0x95B1C5,0x95B1E2,0x95B28B,0x95B2D0,0x95B319,0x95B35E,
  0x95B40F,0x95B4BF,0x95B567,0x95B9E5,0x95BB15,0x95BB7E,0x95BCC0,0x95C08B,0x95C1B0,0x95C2BA,0x95C3FD,0x95C471,
  0x95C500,0x95C51B,0x95C536,0x95C554,0x95C55C,0x95C5A5,0x95C5EE,0x95C64A,0x95C6EB,0x95C7A7,0x95C7C8,0x95C7E9,
  0x95C851,0x95C929,0x95C964,0x95C99F,0x95C9DD,0x95CA15,0x95CAC5,0x95CAFA,0x95CB27,0x95CB54,0x95CBA7,0x95CC4E,
  0x95CCA0,0x95CD10,0x95CD37,0x95CD5E,0x95CD87,0x95CDA4,0x95CDCD,0x95CDF6,0x95CED1,0x95CF78,0x95CF95,0x95CFB0,
  0x95D052,0x95D101,0x95D1BD,0x95D2F7,0x95D3E4,0x95D40F,0x95D5AB,0x95D5C9,0x95D6B6,0x95D6E1,0x95D86E,0x95D88C,
  0x95DA45,0x95DB38,0x95DC89,0x95DD91,0x95DE87,0x95E46F,0x95E50C,0x95E59B,0x95E5DD,0x95E624,0x95E680,0x95E6D7,
  0x95E70F,0x95E73C,0x95E769,0x95E7A5,0x95E871,0x95E8D4,0x95EBD4,0x95F7DD,0x95F817,0x95F82C,0x95F841,0x95F85A,
  0x95F8E6,0x95F972,0x95F997,0x95FA44,0x95FA60,0x95FA92,0x95FAC4,0x95FB4C,0x95FBD2,0x95FC11,0x95FD37,0x95FD84,
  0x95FDD1,0x95FDEE,0x95FE84,0x95FF56,0x960024,0x9600F2,0x9601C0,0x9601CB,0x9601E7,0x960258,0x9602A1,0x9602E9,
  0x960345,0x96039E,0x9603FA,0x96049E,0x9604E7,0x96054C,0x960597,0x9605B2,0x9605CF,0x960621,0x9606E2,0x9606FA,
  0x9607A2,0x9607BF,0x960853,0x9608FB,0x9609A4,0x9609D9,0x960A10,0x960A2B,0x960A46,0x960A5D,0x960A74,0x960B14,
  0x960B4F,0x960BA5,0x960D0E,0x960E8D,0x960ED4,0x9610EF,0x9612A3,0x961353,0x9613D5,0x9613DB,0x9613FD,0x961423,
  0x961459,0x9614C7,0x9614F8,0x961529,0x961602,0x96165A,0x9616C2,0x961748,0x9617A0,0x9618BA,0x9618E3,0x961901,
  0x96190B,0x961975,0x9619D6,0x961AA3,0x961ABF,0x961AF1,0x961B1F,0x961B48,0x961BB9,0x961BCC,0x961C46,0x961C56,
  0x961C66,0x961C82,0x961D28,0x961D7F,0x961D91,0x961DB3,0x961DD5,0x961DFC,0x9621F1,0x96221B,0x962237,0x962286,
  0x9622CD,0x9623A5,0x96247D,0x96248F,0x9624B9,0x962846,0x962883,0x9628CD,0x9628DF,0x9628FB,0x9629A6,0x9629F4,
  0x962A31,0x963101,0x96320A,0x963261,0x963279,0x9632D3,0x963427,0x963455,0x963481,0x963CC3,0x963D00,0x963D47,
  0x963D6A,0x963D7C,0x963DA0,0x964604,0x964641,0x964688,0x964696,0x964758,0x96476A,0x9649D6,0x964A1C,0x964C00,
  0x96531C,0x9653F2,0x9654C4,0x9654E4,0x9654FA,0x96553C,0x96555B,0x9657FE,0x965810,0x965850,0x965860,0x96587C,
  0x96589F,0x9658BA,0x965BC5,0x965C44,0x965C55,0x965D95,0x965DA7,0x965E20,0x966009,0x9660BA,0x9660D6,0x96612D,
  0x9661D1,0x9661ED,0x966208,0x966227,0x96639F,0x9663C9,0x9664B0,0x966588,0x966821,0x9668E4,0x9669C6,0x9669D8,
  0x966BBD,0x966BEA,0x966C09,0x966C25,0x966C5D,0x966D64,0x966D80,0x966DFF,0x9670ED,0x9671C5,0x967468,0x96747A,
  0x9674B7,0x9674EC,0x9675C4,0x9676D7,0x9676E9,0x967737,0x967756,0x96781B,0x96782D,0x9678A3,0x967990,0x9679A2,
  0x9679DD,0x967A08,0x967AF5,0x967B07,0x967B29,0x967B6C,0x967BC2,0x967BDA,0x967CB2,0x967D6C,0x967DA3,0x967DB5,
  0x967DED,0x967E69,0x967F27,0x96802E,0x968040,0x96806D,0x968152,0x968365,0x968444,0x968456,0x968483,0x9684E4,
  0x96854E,0x9685CF,0x9686AE,0x9686C0,0x9686E2,0x968730,0x968781,0x9687EB,0x9688BF,0x968A19,0x968A48,0x968BE4,
  0x968C76,0x968E59,0x969368,0x969426,0x96966C,0x96967E,0x9696BE,0x9696FB,0x969842,0x969878,0x9698D9,0x9698EB,
  0x969907,0x969943,0x969978,0x9699B5,0x9699F3,0x969A58,0x969A94,0x969B39,0x969BCA,0x969BF4,0x969C68,0x969D40,
  0x969E86,0x969F42,0x969F88,0x969FB4,0x969FC6,0x969FE2,0x96A029,0x96A079,0x96A0F9,0x96A218,0x96A26A,0x96A2F5,
  0x96A314,0x96A50C,0x96A536,0x96A5EB,0x96A695,0x96A76D,0x96A91E,0x96A930,0x96A99D,0x96AA0B,0x96AA40,0x96AA97,
  0x96AAB3,0x96AAD2,0x96AC69,0x96ACEA,0x96AD62,0x96AE3A,0x96AF87,0x96AF99,0x96AFF4,0x96B147,0x96B1DB,0x96B1F7,
  0x96B237,0x96B2D0,0x96B2EC,0x96B436,0x96B4E1,0x96B6F3,0x96B729,0x96B73B,0x96B79E,0x96B7BD,0x96B811,0x96B86A,
  0x96B88A,0x96B8E5,0x96B975,0x96B998,0x96B9C6,0x96BA44,0x96BA7C,0x96BAAE,0x96BB45,0x96BC1D,0x96BD1F,0x96BD58,
  0x96BD6F,0x96BD81,0x96BDFA,0x96BE27,0x96BE76,0x96BED6,0x96BF66,0x96BF94,0x96C01B,0x96C1D6,0x96C273,0x96C3A4,
  0x96C3BD,0x96C3E4,0x96C41D,0x96C44B,0x96C478,0x96C499,0x96C4AB,0x96C4E3,0x96C508,0x96C530,0x96C55F,0x96C591,
  0x96C5C3,0x96C5F2,0x96C624,0x96C656,0x96C67D,0x96C698,0x96C6B3,0x96C6CE,0x96C74B,0x96C991,0x96C9D3,0x96CB82,
  0x96CBCF,0x96CCC1,0x96CD8A,0x96CDB7,0x96CE67,0x96CE8D,0x96CEB2,0x96CECF,0x96CEF5,0x96CF1A,0x96CF40,0x96CF65,
  0x96CF82,0x96CFA8,0x96CFCD,0x96CFEA,0x96D007,0x96D02D,0x96D052,0x96D06F,0x96D095,0x96D0BA,0x96D0E0,0x96D105,
  0x96D12B,0x96D150,0x96D16D,0x96D19C,0x96D1B9,0x96D220,0x96D253,0x96D286,0x96D2B9,0x96D2EC,0x96D31F,0x96D352,
  0x96D385,0x96D3A3,0x96D3C1,0x96D3DF,0x96D3FD,0x96D41B,0x96D486,0x96D538,0x96D5EF,0x96D6A6,0x96D75D,0x96D811,
  0x96D8C8,0x96D97C,0x96DA33,0x96DAEA,0x96DB08,0x96DB26,0x96DE09,0x96DEBD,0x96DEE3,0x96DF1A,0x96DF22,0x96DF2A,
  0x96DF32,0x96DF3A,0x96DF42,0x96DF4A,0x96DF52,0x96DF5D,0x96DF9F,0x96E056,0x96E088,0x96E0AD,0x96E0B8,0x96E313,
  0x96E330,0x96E362,0x96E3AA,0x96E3B5,0x96E435,0x96E468,0x96E48D,0x96E4AA,0x96E4BD,0x96E574,0x96E5E9,0x96E76E,
  0x96E776,0x96E85F,0x96E8DD,0x96E9A9,0x96E9FA,0x96EA77,0x96EAB6,0x96EAE3,0x96EB74,0x96EB91,0x96EC04,0x96EC1B,
  0x96EC56,0x96EC9F,0x96ECC9,0x96ECE2,0x96ECF9,0x96EDAA,0x96EE0E,0x96EE48,0x96EEC7,0x96EF00,0x96EF7E,0x96EFC8,
  0x96EFE3,0x96F070,0x96F0B3,0x96F20D,0x96F22D,0x96F234,0x96F25A,0x96F289,0x96F2AF,0x96F2BC,0x96F2DA,0x96F333,
  0x96F33E,0x96F433,0x96F46F,0x96F477,0x96F4FA,0x96F53C,0x96F5DE,0x96F610,0x96F62F,0x96F699,0x96F6B8,0x96F6E7,
  0x96F790,0x96F7B7,0x96F83E,0x96F85A,0x96F880,0x96F890,0x96F9B7,0x96F9FB,0x96FA4F,0x96FA61,0x96FAA1,0x96FB7B,
  0x96FB83,0x96FB9E,0x96FBB7,0x96FC01,0x96FC18,0x96FC40,0x96FC8C,0x96FCCB,0x96FDFD,0x96FFCB,0x97004A,0x970096,
  0x9700AC,0x9700E7,0x970128,0x97018D,0x9701C1,0x9701ED,0x970233,0x97029F,0x9702D0,0x97031D,0x970326,0x970342,
  0x97037B,0x9703C9,0x9703E2,0x97043A,0x9704AE,0x9704C9,0x9704EA,0x970546,0x970565,0x970586,0x9705E4,0x970617,
  0x970688,0x9706DC,0x9706EE,0x970706,0x97073B,0x97074D,0x970773,0x970798,0x9707E7,0x970814,0x970836,0x97087F,
  0x9708CE,0x9708F7,0x970933,0x970965,0x970983,0x9709AD,0x9709DA,0x970A11,0x970A3E,0x970A64,0x970A89,0x970B1E,
  0x970B6F,0x970B88,0x970BA5,0x970BBC,0x970C5A,0x970CEB,0x970D14,0x970D5E,0x970D8B,0x970DA4,0x970DBD,0x970DEA,
  0x970E05,0x970E3F,0x970E5F,0x970E81,0x970EA0,0x970ED8,0x970F56,0x970F9A,0x970FFC,0x971072,0x97109C,0x971121,
  0x9712C9,0x971326,0x971392,0x97146D,0x97158A,0x9715A5,0x9715BA,0x9716B9,0x971860,0x97189F,0x9718DE,0x9718FC,
  0x97191A,0x97198E,0x971A09,0x971AB0,0x971B5E,0x971C2A,0x971CE1,0x971D98,0x971DF1,0x971E28,0x971E75,0x971EFC,
  0x971FA7,0x972338,0x972480,0x972486,0x9724A0,0x9724B2,0x9724B6,0x9724C7,0x9724D0,0x9724DF,0x9724EE,0x9724F5,
  0x972511,0x972523,0x972533,0x972555,0x9725A7,0x9725C0,0x9725DC,0x972611,0x972626,0x972636,0x972689,0x972698,
  0x9726C1,0x9726CC,0x9726D7,0x972722,0x972776,0x97277E,0x972790,0x9727AA,0x9727C1,0x9727D3,0x9727DB,0x9727ED,
  0x9727F3,0x9727FB,0x97280D,0x972815,0x97286D,0x972875,0x97287C,0x9728D1,0x9728ED,0x972922,0x97292A,0x972946,
  0x972958,0x9729A6,0x9729C2,0x972A2B,0x972A47,0x972A74,0x972A90,0x972AAF,0x972ACB,0x972B9F,0x972BBB,0x972C15,
  0x972C1A,0x972C22,0x972C7C,0x972C84,0x972CE6,0x972CEE,0x972D14,0x972D8A,0x972D92,0x972DD9,0x972E4A,0x972E52,
  0x972E6E,0x972ED5,0x972EF1,0x972F5C,0x972F78,0x972F94,0x972FB0,0x973021,0x973095,0x97310F,0x97313A,0x973164,
  0x973263,0x973272,0x9732A5,0x9732E3,0x9732E9,0x97338F,0x973396,0x97339E,0x9733B3,0x9733EB,0x973408,0x97343D,
  0x973472,0x973484,0x973498,0x9734A7,0x9734B6,0x973506,0x97351B,0x9735B7,0x9735D3,0x9736A0,0x973751,0x9737F9,
  0x9738A5,0x9738B9,0x9738DC,0x973910,0x973A0F,0x973A33,0x973B32,0x973B79,0x973BB9,0x973C04,0x973C81,0x973D2F,
  0x973D7A,0x973EF9,0x973EFE,0x973FE7,0x974022,0x97422A,0x9742A4,0x97434E,0x974449,0x974D70,0x974D78,0x974D9C,
  0x974E96,0x974EB0,0x974EEB,0x975070,0x9750D2,0x9750EE,0x975106,0x975124,0x975143,0x9751FC,0x975207,0x97520D,
  0x975229,0x9753D3,0x975441,0x97547F,0x9754CD,0x975507,0x9755D7,0x97564E,0x975659,0x9756E8,0x975704,0x97572C,
  0x975782,0x97579E,0x975828,0x975850,0x975888,0x9758A4,0x9758E3,0x975942,0x97597F,0x9759BB,0x975A56,0x975B2E,
  0x975B6D,0x975C3A,0x975DD7,0x975E04,0x975EFA,0x975F23,0x97606B,0x976208,0x976240,0x97640C,0x976497,0x9767ED,
  0x976877,0x9768C2,0x9769E8,0x976B0C,0x976B49,0x976C3B,0x976C4D,0x976D64,0x976E0B,0x976E2D,0x976E40,0x976E5A,
  0x976F59,0x9770CF,0x9772E6,0x977542,0x97759F,0x977799,0x977929,0x9779AA,0x977AA4,0x977AC3,0x977AE0,0x977B17,
  0x977B79,0x977BAA,0x977BB0,0x977BB6,0x977BBC,0x977BCE,0x977BDE,0x977D59,0x977D66,0x977D6E,0x977DBD,0x977E96,
  0x977F6B,0x978040,0x978119,0x9781F3,0x9782C8,0x97839E,0x978474,0x97854E,0x978624,0x97871E,0x978A11,0x978A95,
  0x978B50,0x978BD4,0x978C2E,0x978C5A,0x978C86,0x978CB4,0x978CE0,0x978D0C,0x978D3A,0x978D68,0x978D96,0x978DC3,
  0x978DDF,0x978E58,0x978EE5,0x978F72,0x978FFF,0x97908C,0x979112,0x97919F,0x979225,0x9792AB,0x979331,0x9793BE,
  0x9793F3,0x979483,0x9794AC,0x979505,0x97955E,0x9795B7,0x979610,0x979669,0x9796C2,0x97971B,0x979774,0x9797CD,
  0x979826,0x9798BA,0x979954,0x97998C,0x9799AE,0x9799D0,0x9799F2,0x979A39,0x979A9F,0x979C6F,0x979C87,0x979CA8,
  0x979CC1,0x979CDA,0x979CF2,0x979DC0,0x979E3C,0x97A034,0x97A3C3,0x97A668,0x97A965,0x97ABF8,0x97B527,0x97B600,
  0x97B731,0x97BB09,0x97BBF4,0x97BC31,0x97C819,0x97CBEE,0x97CC02,0x97CC0D,0x97CC29,0x97CCBE,0x97CD65,0x97CD79,
  0x97CD84,0x97CDA0,0x97CE55,0x97CE69,0x97CE74,0x97CE90,0x97D00D,0x97D025,0x97D030,0x97D035,0x97D122,0x97D191,
  0x97D3EA,0x97D3FE,0x97D409,0x97D425,0x97D4E6,0x97D69E,0x97D6C5,0x97D6D9,0x97D6E4,0x97D700,0x97D718,0x97D74F,
  0x97D97C,0x97D986,0x97D9BB,0x97DA21,0x97DA4E,0x97DA66,0x97DAC1,0x97DAFC,0x97DBFE,0x97DC1A,0x97DC99,0x97DD6B,
  0x97DDB8,0x97DDC9,0x97DE12,0x97DE1A,0x97DE56,0x97DEA1,0x97DEAC,0x97DED8,0x97DF3D,0x97DFB1,0x97DFCD,0x97E110,
  0x97E123,0x97E137,0x97E254,0x97E280,0x97E37E,0x97E399,0x97E39E,0x97E3A6,0x97E3B7,0x97E3C6,0x97E3D5,0x97E3DA,
  0x97E3E9,0x97E400,0x97E446,0x97E480,0x97E4A8,0x97E4D0,0x97E4F7,0x97E53B,0x97E636,0x97E652,0x97E675,0x97E6DD,
  0x97E755,0x97E76F,0x97E77D,0x97E79C,0x97E7B8,0x97E7E9,0x97E7F4,0x97E850,0x97E88B,0x97E8A9,0x97E8F2,0x97E941,
  0x97E950,0x97E9B2,0x97EA14,0x97EA23,0x97EA31,0x97EA3E,0x97EA45,0x97EA4C,0x97EA54,0x97EA72,0x97EAC6,0x97EAE2,
  0x97EAFE,0x97EB1A,0x97EB1F,0x97EB51,0x97EB95,0x97EBE8,0x97EC3B,0x97ED88,0x97EDA8,0x97EDC8,0x97EDE4,0x97EE00,
  0x97EE1C,0x97EE63,0x97F041,0x97F049,0x97F09F,0x97F0F5,0x97F167,0x97F1D9,0x97F2B0,0x97F2FD,0x97F30F,0x97F316,
  0x97F31E,0x97F326,0x97F32E,0x97F378,0x97F3DA,0x97F419,0x97F43A,0x97F46D,0x97F474,0x97F49A,0x97F4BE,0x97F4F4,
  0x97F506,0x97F537,0x97F568,0x97F599,0x97F5CA,0x97F5FB,0x97F617,0x97F648,0x97F653,0x97F661,0x97F6FF,0x97F753,
  0x97F868,0x97F8FF,0x97F999,0x97FA3B,0x97FAD5,0x97FB6F,0x97FBB7,0x97FC00,0x97FC08,0x97FC39,0x97FC6C,0x97FC9F,
  0x97FCDA,0x97FCE2,0x97FD14,0x97FD1C,0x97FD24,0x97FD2C,0x97FD34,0x97FD40,0x97FD4C,0x97FD58,0x97FD8C,0x97FDA8,
  0x97FDF6,0x97FE44,0x97FE92,0x97FF7B,0x97FF83,0x97FF8B,0x97FF93,0x97FF9B,0x97FFB7,0x98000B,0x980027,0x980043,
  0x98005F,0x9800C4,0x9800CC,0x980120,0x980174,0x98027D,0x9802E2,0x980347,0x9803A0,0x9803A8,0x9803D8,0x980453,
  0x9804AA,0x980502,0x980559,0x9805B3,0x9805D4,0x980605,0x98063B,0x980659,0x980679,0x9806F9,0x98074A,0x980766,
  0x980782,0x98078D,0x9807A9,0x9807AE,0x9807B9,0x9807D5,0x9807DA,0x980871,0x9808EC,0x980A71,0x980A99,0x980B04,
  0x980B3F,0x980B67,0x980B83,0x980BF1,0x980CAB,0x980D73,0x980D7B,0x980D97,0x980E7F,0x980EEE,0x980F7E,0x980F92,
  0x980FB3,0x980FDE,0x980FF0,0x981004,0x98100E,0x981035,0x981051,0x98105C,0x98108D,0x9810A9,0x9810B4,0x9810D0,
  0x9810D5,0x981163,0x9811D2,0x98121A,0x98129D,0x9812D8,0x9812E0,0x981302,0x981334,0x981350,0x981384,0x98139E,
  0x9813B9,0x9813EE,0x9814C1,0x98159F,0x981612,0x981685,0x981725,0x98177E,0x981816,0x981824,0x981841,0x98186F,
  0x98188B,0x98189E,0x9818B8,0x9818D1,0x9818E9,0x98190B,0x981919,0x98193B,0x981943,0x98196D,0x9819DB,0x981A9A,
  0x981AB6,0x981BF0,0x981C6D,0x981D3B,0x981DA3,0x981DE6,0x981E18,0x981E3C,0x981E52,0x981E5A,0x981E99,0x981F01,
  0x981F31,0x981F6C,0x982113,0x98227E,0x9822C5,0x982377,0x982393,0x9823AF,0x98249D,0x9824AC,0x9824B0,0x9824B4,
  0x9824B8,0x98252C,0x982548,0x98255B,0x98255F,0x982588,0x982590,0x982598,0x9825A0,0x9825A8,0x9825B0,0x9825B8,
  0x9825C0,0x9825C8,0x9825D0,0x9825D8,0x9825E0,0x9825FF,0x982622,0x98263C,0x98265F,0x982679,0x98269C,0x9826B6,
  0x9826D9,0x982991,0x9829FE,0x982A5F,0x982AEA,0x982B02,0x982B57,0x982BAC,0x982BCC,0x982BE1,0x982CC0,0x9833D3,
  0x9833D7,0x98342D,0x983456,0x98348F,0x9834E4,0x98350F,0x983517,0x9835F8,0x983611,0x983631,0x983643,0x9836C1,
  0x983700,0x9837F8,0x98388D,0x983922,0x9839B7,0x983A51,0x983AD9,0x983B39,0x983C74,0x983CDA,0x983CF6,0x983DEF,
  0x983E48,0x983EAA,0x983EF9,0x984142,0x9842E6,0x9842FC,0x98430E,0x98434C,0x9843B7,0x9843CC,0x9843E1,0x9843F6,
  0x9843FE,0x984406,0x98440E,0x984416,0x98441E,0x98444E,0x984498,0x9844B0,0x9844E5,0x984509,0x98453B,0x984552,
  0x984561,0x98457F,0x9845B4,0x984640,0x98471D,0x9847E0,0x984866,0x98489D,0x9848D4,0x9848F9,0x984955,0x984991,
  0x9849C5,0x9849F9,0x984A4F,0x984A7A,0x984AB7,0x984AD5,0x984ADD,0x984B6D,0x984B89,0x984B98,0x984BAE,0x984C68,
  0x984CBF,0x984CF6,0x984D27,0x984D83,0x984DBE,0x984E06,0x984EB7,0x984FC6,0x985205,0x9852AF,0x9853C0,0x98541B,
  0x985531,0x985642,0x9859D6,0x9859E5,0x9859EF,0x985A14,0x985A2B,0x985A4E,0x985A68,0x985A70,0x985B28,0x985B5C,
  0x985B90,0x985BBD,0x985BE6,0x985C53,0x985CB8,0x985CBD,0x985CDD,0x985D34,0x985D49,0x985D5E,0x985DD6,0x9860A5,
  0x9860EA,0x9861A8,0x9861B0,0x986295,0x98635C,0x986364,0x9863C9,0x98645F,0x986481,0x98648F,0x986564,0x9865AD,
  0x98660A,0x986624,0x9866D9,0x986730,0x986747,0x986776,0x986810,0x9869E9,0x986A5C,0x986A7E,0x986B1C,0x986D9A,
  0x986DF6,0x986E21,0x986ECB,0x986F58,0x986F74,0x986FA2,0x986FE3,0x98705E,0x987106,0x98735B,0x9873CA,0x987426,
  0x987503,0x987599,0x9875B5,0x98766A,0x987829,0x987A99,0x987B2D,0x987CF2,0x987DEB,0x987DF8,0x987E11,0x987E1E,
  0x987E2D,0x987EC7,0x987F2A,0x987F9A,0x987FF9,0x988015,0x9881CE,0x9881DE,0x98824E,0x9882BB,0x98836E,0x988418,
  0x988683,0x98869E,0x9886BB,0x98877A,0x9887EB,0x988843,0x9888B7,0x988A50,0x988AC9,0x988B21,0x988BB5,0x988BD1,
  0x988C34,0x988C83,0x988CE4,0x988D57,0x988DAD,0x988E34,0x988E85,0x988ED4,0x988F45,0x988FF4,0x989046,0x98912B,
  0x9891B2,0x989209,0x98921D,0x98922A,0x98929E,0x989315,0x989339,0x98938D,0x9893AE,0x989449,0x989620,0x98965F,
  0x9896B6,0x989718,0x989758,0x9897B5,0x9897EC,0x98980A,0x9899F9,0x989CC3,0x989DA2,0x989EB3,0x989F1C,0x989FF5,
  0x98A1AD,0x98A212,0x98A2FC,0x98A50D,0x98A7F1,0x98AF2E,0x98B03F,0x98B093,0x98B110,0x98B12C,0x98B19F,0x98B280,
  0x98B34E,0x98B3D7,0x98B733,0x98B787,0x98B7B1,0x98B7CC,0x98B828,0x98B852,0x98B874,0x98B896,0x98B95B,0x98B981,
  0x98B9A8,0x98B9C4,0x98BA04,0x98BA78,0x98BAC6,0x98BAE3,0x98BB14,0x98BB37,0x98BB69,0x98BB7B,0x98BBA0,0x98BBF5,
  0x98BC12,0x98BC38,0x98BC55,0x98BC70,0x98BCA4,0x98BCD8,0x98BD12,0x98BD3E,0x98BD6A,0x98BD94,0x98BDDE,0x98C381,
  0x98C43E,0x98C469,0x98C54A,0x98C566,0x98C5A1,0x98C6A8,0x98CA58,0x98CAA1,0x98CAD9,0x98CAE1,0x98CAFF,0x98CCA6,
  0x98CCCD,0x98CCE0,0x98CCFA,0x98CD2A,0x98CD8C,0x98CDCC,0x98CDE3,0x98CE04,0x98CEB1,0x98CF04,0x98CF78,0x98CFEF,
  0x98D023,0x98D057,0x98D0AB,0x98D0D7,0x98D103,0x98D14F,0x98D1C6,0x98D231,0x98D25E,0x98D29F,0x98D2E4,0x98D331,
  0x98D3A4,0x98D3BB,0x98D3DB,0x98D41A,0x98D45B,0x98D478,0x98DA8C,0x98DAE7,0x98DB14,0x98DB39,0x98DB7C,0x98DBBC,
  0x98DBF8,0x98DC00,0x98DC6D,0x98DDC2,0x98DDE8,0x98DE1F,0x98DE57,0x98DE91,0x98E165,0x98E281,0x98E2E6,0x98E313,
  0x98E3E7,0x98E4C7,0x98EB0E,0x98EB46,0x98EB7E,0x98EC74,0x98EC8D,0x98ECAB,0x98ECF9,0x98ED38,0x98EDEF,0x98EE0C,
  0x98EE3E,0x98EE70,0x98EEA1,0x98EEBE,0x98EEDB,0x98EF17,0x98EF33,0x98EF68,0x98EF9B,0x98F0A2,0x98F10E,0x98F131,
  0x98F139,0x98F157,0x98F2E6,0x98F2FE,0x98F311,0x98F327,0x98F371,0x98F3A3,0x98F3D9,0x98F431,0x98F477,0x98F49A,
  0x98F4CC,0x98F4DE,0x98F503,0x98F535,0x98F55F,0x98F5A5,0x98F5F3,0x98F627,0x98F644,0x98F66A,0x98F687,0x98F6A2,
  0x98F6DB,0x98F708,0x98F780,0x98F7FD,0x98F819,0x98F85A,0x98F892,0x98F8A9,0x98F8E3,0x98F963,0x98F97E,0x98F9A8,
  0x98F9C1,0x98F9D8,0x98FA8E,0x98FC57,0x98FC9F,0x98FCE0,0x98FD06,0x98FDC3,0x98FE02,0x98FE62,0x98FE93,0x98FF75,
  0x98FFBC,0x98FFD7,0x990013,0x99002F,0x99006A,0x990183,0x990212,0x99025B,0x9902A1,0x990B38,0x990B5B,0x990B63,
  0x990B81,0x990C50,0x990C6E,0x990CB9,0x990D14,0x990DEA,0x990E5F,0x990EE6,0x990F0A,0x991027,0x9910C0,0x9910F5,
  0x9910FB,0x991117,0x99113F,0x991166,0x99116C,0x9911B3,0x9911C4,0x9911E0,0x9911F4,0x9911FB,0x991231,0x991269,
  0x9912A1,0x9912DB,0x991323,0x99135D,0x9913BC,0x991473,0x9914DA,0x991500,0x991626,0x991644,0x991660,0x991715,
  0x991727,0x991731,0x991742,0x991753,0x99175A,0x9917A3,0x991800,0x99187C,0x99198A,0x9919A0,0x9919F3,0x991A6C,
  0x991ACF,0x991B32,0x991B80,0x991BFE,0x991DBF,0x991E5E,0x991EF8,0x991F8A,0x99208C,0x992170,0x9921ED,0x9921F3,
  0x99221D,0x99230C,0x99248C,0x992693,0x992724,0x992FD2,0x993006,0x993019,0x993024,0x99302D,0x993055,0x9930A3,
  0x9930BB,0x9930D8,0x99316A,0x993276,0x99327C,0x993307,0x993373,0x9933FE,0x993419,0x993440,0x99344A,0x993454,
  0x993468,0x9934C1,0x99350B,0x99355E,0x99366D,0x9936B0,0x9938CC,0x9938F9,0x99391B,0x993951,0x9939C2,0x993A0D,
  0x993A50,0x993A95,0x993ADF,0x993AFF,0x993B35,0x993B55,0x993B79,0x993C02,0x993C54,0x993C70,0x993C94,0x993D2E,
  0x993D50,0x993D99,0x993DA4,0x993DBA,0x993E6B,0x993E97,0x993F4C,0x99413F,0x99416B,0x994190,0x9941EA,0x994398,
  0x9943FC,0x99443C,0x9944A3,0x9944B0,0x9944E5,0x994514,0x99459A,0x9945E8,0x994604,0x99465D,0x994679,0x9946A2,
  0x99474B,0x994755,0x99487F,0x994B37,0x994C06,0x994CDB,0x994D63,0x994E12,0x994EC1,0x994F1E,0x994FD0,0x995082,
  0x9950E9,0x995161,0x99521A,0x9952BC,0x99537A,0x995438,0x9954D9,0x995501,0x995557,0x995583,0x995608,0x995682,
  0x9956F9,0x9957D3,0x99582C,0x995885,0x9958FC,0x995981,0x9959F8,0x995A7D,0x995B02,0x995B3E,0x995BAD,0x995C1D,
  0x995D26,0x995E75,0x995F44,0x996013,0x9960E2,0x996180,0x9961E9,0x996252,0x9962BC,0x9962EE,0x996320,0x9963AF,
  0x99643E,0x9964A7,0x9964D9,0x996604,0x9966CE,0x99675E,0x9967EB,0x996878,0x996908,0x996972,0x9969AB,0x9969C7,
  0x9969E3,0x996A49,0x996CE1,0x996F79,0x9971E6,0x99746F,0x9976C1,0x9979DA,0x997BCF,0x997D76,0x997FC1,0x99820C,
  0x99839C,0x998609,0x99881F,0x998A90,0x998D1B,0x998D66,0x999110,0x99930A,0x99933E,0x99936D,0x99939C,0x9993CB,
  0x999401,0x99942D,0x999459,0x9994AB,0x999567,0x999696,0x9997C2,0x9998CB,0x9999CD,0x999A88,0x999BD2,0x999C83,
  0x999D21,0x999DA6,0x999E5C,0x999F12,0x99A104,0x99A1A2,0x99A29D,0x99A453,0x99A51A,0x99A5FF,0x99A6F2,0x99A7BC,
  0x99A88D,0x99A917,0x99A9D9,0x99AD6E,0x99AE7D,0x99B05E,0x99B2FD,0x99B5A3,0x99B7BD,0x99BAAD,0x99BDC0,0x99BDF1,
  0x99C03F,0x99C2E7,0x99C8AA,0x99CA5B,0x99CAB3,0x99CCC7,0x99CCEA,0x99CD2F,0x99CD48,0x99CD7D,0x99CDD8,0x99CF00,
  0x99CF28,0x99CFE4,0x99D149,0x99D16E,0x99D192,0x99D1D9,0x99D2CE,0x99D2D9,0x99D2EB,0x99D45B,0x99D4DF,0x99D515,
  0x99D52E,0x99D551,0x99D696,0x99D71C,0x99D76D,0x99D7C6,0x99DFD6,0x99E0DD,0x99E0FF,0x99E167,0x99E218,0x99E352,
  0x99E429,0x99E43B,0x99E446,0x99E44B,0x99E467,0x99E493,0x99E4B2,0x99E4C9,0x99E523,0x99E5B6,0x99E5FA,0x99E69D,
  0x99E6B9,0x99E6C9,0x99E738,0x99E75B,0x99E766,0x99E773,0x99E79A,0x99E7C2,0x99E7DE,0x99E818,0x99E84E,0x99E871,
  0x99E8C8,0x99E924,0x99E989,0x99E9AA,0x99E9FD,0x99EA19,0x99EA71,0x99EAA4,0x99EAC1,0x99EB3E,0x99EB97,0x99ECEC,
  0x99EECD,0x99EEE9,0x99EEF4,0x99EF86,0x99EF9B,0x99EFBB,0x99EFD7,0x99F04F,0x99F060,0x99F069,0x99F0A2,0x99F0AB,
  0x99F0C3,0x99F0CE,0x99F161,0x99F17D,0x99F1F9,0x99F2DF,0x99F308,0x99F313,0x99F3E5,0x99F401,0x99F41D,0x99F4B9,
  0x99F4D6,0x99F4F7,0x99F52F,0x99F77A,0x99F796,0x99F7B0,0x99F7BB,0x99F7D7,0x99F7EF,0x99F83D,0x99F88B,0x99F8F6,
  0x99F94C,0x99FA40,0x99FA77,0x99FAA6,0x99FAEF,0x99FB84,0x99FC04,0x99FC0C,0x99FCC4,0x99FD0E,0x99FDDE,0x99FE74,
  0x9A0023,0x9A0065,0x9A0107,0x9A018B,0x9A0367,0x9A0383,0x9A0392,0x9A03A1,0x9A0402,0x9A04C7,0x9A04F4,0x9A051D,
  0x9A0566,0x9A059E,0x9A05DB,0x9A06C7,0x9A0705,0x9A07F5,0x9A0838,0x9A0993,0x9A0B26,0x9A0BC0,0x9A0D4F,0x9A0E2B,
  0x9A0F18,0x9A0F66,0x9A1051,0x9A1098,0x9A10D8,0x9A1119,0x9A1196,0x9A11BE,0x9A1282,0x9A12A1,0x9A1324,0x9A1340,
  0x9A135B,0x9A13DD,0x9A144D,0x9A1455,0x9A14EA,0x9A155C,0x9A1696,0x9A1804,0x9A187A,0x9A189B,0x9A18CC,0x9A1911,
  0x9A1927,0x9A194B,0x9A19B0,0x9A19E0,0x9A1AC7,0x9A1ACC,0x9A1B04,0x9A1B1B,0x9A1B4D,0x9A1B9F,0x9A1BC0,0x9A1C15,
  0x9A1C2E,0x9A1C45,0x9A1C8E,0x9A1CE6,0x9A1D31,0x9A1DEB,0x9A1E9C,0x9A1EE2,0x9A1F1C,0x9A1F4C,0x9A1FA4,0x9A20C4,
  0x9A210E,0x9A2129,0x9A21DB,0x9A221E,0x9A23A4,0x9A2443,0x9A2479,0x9A24A6,0x9A24FC,0x9A26A1,0x9A275A,0x9A2783,
  0x9A27A5,0x9A2931,0x9A294A,0x9A29AC,0x9A29C8,0x9A2C4B,0x9A2CA5,0x9A2D8B,0x9A2E06,0x9A32C1,0x9A3345,0x9A3366,
  0x9A34B5,0x9A34CD,0x9A34F0,0x9A3573,0x9A359B,0x9A35B1,0x9A35DE,0x9A360F,0x9A36A1,0x9A36DA,0x9A3727,0x9A3792,
  0x9A37E7,0x9A3803,0x9A384F,0x9A3857,0x9A387C,0x9A38A1,0x9A39A1,0x9A3A0A,0x9A3A76,0x9A3A9E,0x9A3AD5,0x9A3B53,
  0x9A3E80,0x9A3E99,0x9A3EBE,0x9A3F7B,0x9A3FB2,0x9A4205,0x9A497B,0x9A49AC,0x9A49D9,0x9A4A0D,0x9A4A6E,0x9A4A73,
  0x9A4A7F,0x9A4C70,0x9A4EBE,0x9A53E6,0x9A5807,0x9A5E04,0x9A5E08,0x9A5E0C,0x9A5E10,0x9A5E68,0x9A5F6C,0x9A6004,
  0x9A610D,0x9A634C,0x9A6369,0x9A6386,0x9A63BD,0x9A6BAE,0x9A6BB5,0x9A6C32,0x9A6D13,0x9A6DE0,0x9A6F78,0x9A70E3,
  0x9A71F7,0x9A747A,0x9A76EA,0x9A771B,0x9A773D,0x9A774D,0x9A77AE,0x9A77C5,0x9A77DC,0x9A77FC,0x9A7818,0x9A7854,
  0x9A78B7,0x9A78D7,0x9A78F3,0x9A792F,0x9A7992,0x9A79CC,0x9A7A65,0x9A7AF1,0x9A7B54,0x9A7B70,0x9A7C3D,0x9A7C56,
  0x9A7C78,0x9A7C89,0x9A7C99,0x9A7CB8,0x9A7D37,0x9A7DD4,0x9A7E59,0x9A7EBA,0x9A7ED6,0x9A7EE0,0x9A7EED,0x9A7F88,
  0x9A8025,0x9A804E,0x9A8084,0x9A809C,0x9A81CF,0x9A821C,0x9A82B5,0x9A82E3,0x9A8323,0x9A8352,0x9A8372,0x9A83C4,
  0x9A8401,0x9A8423,0x9A845E,0x9A8483,0x9A853C,0x9A8647,0x9A8693,0x9A86E4,0x9A86FA,0x9A8708,0x9A8713,0x9A8751,
  0x9A87F4,0x9A88B9,0x9A88DB,0x9A8969,0x9A89BC,0x9A8A47,0x9A8A9C,0x9A8AD3,0x9A8AF1,0x9A8B0F,0x9A8B2D,0x9A8C2A,
  0x9A8C47,0x9A917C,0x9A937B,0x9A9471,0x9A949D,0x9A94F7,0x9A9592,0x9A9808,0x9A9874,0x9A9937,0x9A9941,0x9A9949,
  0x9A9951,0x9A9E86,0x9AA073,0x9AA0A7,0x9AA3B7,0x9AA3D3,0x9AA5B6,0x9AA617,0x9AA7A0,0x9AA92F,0x9AAAD6,0x9AAC2D,
  0x9AAD84,0x9AAEE2,0x9AB0C0,0x9AB21A,0x9AB3A9,0x9AB4E1,0x9AB58C,0x9AB628,0x9AB748,0x9AB901,0x9AC0F3,0x9AC4D1,
  0x9AC611,0x9AEA23,0x9AEB68,0x9AEE9C,0x9AF024,0x9AF419,0x9AF431,0x9AFA30,0x9AFDEC,0x9AFF01,0x9AFF29,0x9AFF56,
  0x9AFF73,0x9AFF87,0x9AFF9C,0x9AFFF8,0x9B00B9,0x9B00F6,0x9B016D,0x9B01C9,0x9B022A,0x9B02B6,0x9B02ED,0x9B037E,
  0x9B04FA,0x9B050F,0x9B05B1,0x9B0616,0x9B0744,0x9B09C4,0x9B0A03,0x9B0A52,0x9B0A6E,0x9B0B9D,0x9B0C14,0x9B0C30,
  0x9B0D2A,0x9B0ED5,0x9B107B,0x9B11C6,0x9B12E8,0x9B14EE,0x9B172E,0x9B1B70,0x9B1C57,0x9B1D9E,0x9B1EB8,0x9B1F12,
  0x9B1FED,0x9B2214,0x9B2311,0x9B27A9,0x9B2960,0x9B2977,0x9B29AB,0x9B29DD,0x9B2A23,0x9B2A7A,0x9B2A9E,0x9B2B04,
  0x9B2C62,0x9B2C9C,0x9B2CB3,0x9B2CE5,0x9B2D37,0x9B2D58,0x9B2D71,0x9B2D88,0x9B2DAE,0x9B2DF5,0x9B2E2F,0x9B2E5F,
  0x9B2EB9,0x9B2F1F,0x9B2F69,0x9B2F84,0x9B3007,0x9B304A,0x9B3131,0x9B313C,0x9B31A9,0x9B31C5,0x9B31E6,0x9B3256,
  0x9B3282,0x9B32D5,0x9B3307,0x9B3332,0x9B333D,0x9B3380,0x9B3385,0x9B33B2,0x9B3405,0x9B3421,0x9B3453,0x9B3548,
  0x9B35EF,0x9B363B,0x9B3646,0x9B3684,0x9B36A1,0x9B36BD,0x9B36E5,0x9B3734,0x9B37A7,0x9B380C,0x9B383E,0x9B3849,
  0x9B3868,0x9B3884,0x9B38DB,0x9B3938,0x9B396A,0x9B3BCB,0x9B3C94,0x9B3CBE,0x9B3D02,0x9B3D8B,0x9B3EAB,0x9B3F6D,
  0x9B3F8A,0x9B3FF3,0x9B4041,0x9B41C6,0x9B426D,0x9B42BE,0x9B431F,0x9B433B,0x9B436B,0x9B43E9,0x9B450C,0x9B4569,
  0x9B4582,0x9B45EB,0x9B461D,0x9B4805,0x9B48A1,0x9B48F2,0x9B4953,0x9B496F,0x9B4992,0x9B49BD,0x9B49CE,0x9B49EB,
  0x9B4A2E,0x9B4A79,0x9B4AA8,0x9B4B0E,0x9B4B3F,0x9B4BC5,0x9B4BF7,0x9B4C16,0x9B4C32,0x9B4DCF,0x9B4DDA,0x9B4DE7,
  0x9B4E0F,0x9B4E2B,0x9B4E7A,0x9B4EAC,0x9B4EB7,0x9B4EF0,0x9B4F73,0x9B4F8F,0x9B4FDE,0x9B5010,0x9B501B,0x9B5020,
  0x9B5042,0x9B5081,0x9B50A6,0x9B50C2,0x9B5190,0x9B51E9,0x9B528B,0x9B52BD,0x9B5350,0x9B5368,0x9B53C6,0x9B549E,
  0x9B5594,0x9B560E,0x9B562A,0x9B565F,0x9B57D9,0x9B583C,0x9B58BF,0x9B5914,0x9B59A5,0x9B5B59,0x9B5C53,0x9B5CF2,
  0x9B5D0F,0x9B5D52,0x9B5E6B,0x9B5F1A,0x9B600D,0x9B6083,0x9B61BB,0x9B627D,0x9B62F6,0x9B6474,0x9B669A,0x9B66EF,
  0x9B670B,0x9B67CA,0x9B6BD0,0x9B6C08,0x9B6D01,0x9B6F70,0x9B705B,0x9B71AC,0x9B71B7,0x9B7260,0x9B72A4,0x9B72FA,
  0x9B7316,0x9B737F,0x9B7416,0x9B7458,0x9B7EB2,0x9B7EBD,0x9B7EC6,0x9B7EE7,0x9B7F3A,0x9B7F56,0x9B8047,0x9B80C8,
  0x9B80FA,0x9B8160,0x9B83A6,0x9B8446,0x9B8451,0x9B848D,0x9B84A9,0x9B84D5,0x9B8524,0x9B8556,0x9B862A,0x9B8635,
  0x9B8659,0x9B8675,0x9B86DF,0x9B8740,0x9B877C,0x9B87DA,0x9B88D8,0x9B8994,0x9B89CF,0x9B8A06,0x9B8A47,0x9B8A7B,
  0x9B8AE4,0x9B8B42,0x9B8C32,0x9B8CB6,0x9B8CD2,0x9B8D81,0x9B8E1E,0x9B8F84,0x9B9056,0x9B90D6,0x9B92F6,0x9B95EC,
  0x9B9B9B,0x9B9D04,0x9B9E06,0x9BA005,0x9BA0A2,0x9BA100,0x9BA201,0x9BA28A,0x9BA2A6,0x9BA2EA,0x9BA3C2,0x9BA484,
  0x9BA4EF,0x9BA655,0x9BA6D5,0x9BA8DD,0x9BAA0E,0x9BABBF,0x9BACB6,0x9BACC1,0x9BAD1F,0x9BAD3B,0x9BADC7,0x9BADF9,
  0x9BAE5F,0x9BAF02,0x9BAF6C,0x9BB0B8,0x9BB0D4,0x9BB1B9,0x9BB1C4,0x9BB226,0x9BB27E,0x9BB28B,0x9BB2A7,0x9BB2EA,
  0x9BB39D,0x9BB3CA,0x9BB43D,0x9BB479,0x9BB517,0x9BB540,0x9BB578,0x9BB5E4,0x9BBA51,0x9BBE48,0x9BBFD1,0x9BBFDC,
  0x9BC034,0x9BC050,0x9BC093,0x9BC0EE,0x9BC164,0x9BC1A0,0x9BC213,0x9BC303,0x9BC39F,0x9BC3F4,0x9BC493,0x9BC4C5,
  0x9BC5D6,0x9BC734,0x9BC76C,0x9BC790,0x9BC7B6,0x9BC7CF,0x9BC810,0x9BC882,0x9BCA33,0x9BCA8E,0x9BCBED,0x9BCE7D,
  0x9BD03A,0x9BD0DA,0x9BD0EF,0x9BD14F,0x9BD15A,0x9BD176,0x9BD2B5,0x9BD3BE,0x9BD448,0x9BD46C,0x9BD4CC,0x9BD537,
  0x9BD542,0x9BD55E,0x9BD579,0x9BD59A,0x9BD65A,0x9BD6E3,0x9BD764,0x9BD812,0x9BD900,0x9BDD3F,0x9BDEEB,0x9BDF03,
  0x9BE7C3,0x9BE7D7,0x9BE7E2,0x9BE7F4,0x9BE810,0x9BE9F5,0x9BEA20,0x9BEA88,0x9BEAC0,0x9BEB17,0x9BEB5D,0x9BEB99,
  0x9BEC13,0x9BEC5A,0x9BECAF,0x9BECCB,0x9BEDE0,0x9BEE98,0x9BEFA3,0x9BF00A,0x9BF019,0x9BF04F,0x9BF085,0x9BF0CD,
  0x9BF11A,0x9BF1F2,0x9BF222,0x9BF239,0x9BF24F,0x9BF263,0x9BF292,0x9BF2AF,0x9BF2E1,0x9BF300,0x9BF320,0x9BF340,
  0x9BF360,0x9BF49D,0x9BF539,0x9BF69E,0x9BF6FB,0x9BF739,0x9BF85A,0x9BF875,0x9BF892,0x9BF8AD,0x9BFCBA,0x9BFCF9,
  0x9BFD40,0x9BFE2A,0x9BFE74,0x9C00D0,0x9C00E7,0x9C05FE,0x9C06DD,0x9C07C5,0x9C089D,0x9C0997,0x9C09E0,0x9C09FC,
  0x9C0AB6,0x9C0AEE,0x9C0E03,0x9C0E74,0x9C11B5,0x9C1270,0x9C1351,0x9C13B2,0x9C1421,0x9C1523,0x9C15AA,0x9C1635,
  0x9C1652,0x9C16A8,0x9C16C4,0x9C174A,0x9C177A,0x9C178E,0x9C17BF,0x9C1887,0x9C188E,0x9C1932,0x9C1997,0x9C19C1,
  0x9C19F7,0x9C1B3B,0x9C1B62,0x9C1B90,0x9C1C22,0x9C1C54,0x9C1F20,0x9C1F4A,0x9C1F76,0x9C2061,0x9C2120,0x9C2142,
  0x9C2166,0x9C2200,0x9C224A,0x9C2261,0x9C228E,0x9C22C7,0x9C2344,0x9C235F,0x9C2523,0x9C25AC,0x9C28CA,0x9C28EB,
  0x9C290D,0x9C2926,0x9C293D,0x9C2A41,0x9C2A76,0x9C2B0A,0x9C2BA1,0x9C2BF2,0x9C2C2C,0x9C2C55,0x9C2E10,0x9C2E50,
  0x9C2ED0,0x9C2F08,0x9C2F25,0x9C2F6F,0x9C2F8F,0x9C2FD3,0x9C30AE,0x9C3200,0x9C325F,0x9C32F6,0x9C338B,0x9C380F,
  0x9C382B,0x9C38EB,0x9C392E,0x9C3B51,0x9C3D34,0x9C3EC9,0x9C3F2A,0x9C3F61,0x9C3F7D,0x9C3FAC,0x9C4006,0x9C4255,
  0x9C4706,0x9C47D3,0x9C4951,0x9C4A51,0x9C4A6D,0x9C4AE0,0x9C4CE3,0x9C4DA9,0x9C4DC9,0x9C4EBD,0x9C4EE3,0x9C4F66,
  0x9C4FEA,0x9C5114,0x9C523F,0x9C5363,0x9C5477,0x9C5493,0x9C54C4,0x9C5581,0x9C55EC,0x9C5635,0x9C5664,0x9C56B0,
  0x9C56F5,0x9C571A,0x9C577B,0x9C57AB,0x9C57C6,0x9C57F2,0x9C5832,0x9C5854,0x9C58A1,0x9C58BE,0x9C58D9,0x9C5916,
  0x9C597B,0x9C5999,0x9C5A1D,0x9C5A66,0x9C5C40,0x9C5EA4,0x9C6143,0x9C61E2,0x9C620F,0x9C622F,0x9C6321,0x9C6343,
  0x9C6418,0x9C65CF,0x9C65F8,0x9C667F,0x9C6737,0x9C6748,0x9C6765,0x9C69BD,0x9C6A7F,0x9C6B02,0x9C6B99,0x9C6BB5,
  0x9C710A,0x9C7113,0x9C726A,0x9C72B5,0x9C730B,0x9C7313,0x9C731B,0x9C7323,0x9C7329,0x9C733B,0x9C7343,0x9C735F,
  0x9C73A2,0x9C73E8,0x9C7ACC,0x9C7C80,0x9C7D1F,0x9C7FFB,0x9C809A,0x9C819A,0x9C8248,0x9C8303,0x9C8308,0x9C8383,
  0x9C854B,0x9C8694,0x9C8746,0x9C8799,0x9C8801,0x9C881D,0x9C88D4,0x9C8A72,0x9C8AE2,0x9C8C50,0x9C8F23,0x9C93DD,
  0x9C95AF,0x9C95E6,0x9C95EC,0x9C9614,0x9C961C,0x9C9624,0x9C9640,0x9C9677,0x9C967D,0x9C96A5,0x9C96AD,0x9C96B5,
  0x9C96D1,0x9C971F,0x9C975F,0x9C9772,0x9C97A7,0x9C9945,0x9C99D3,0x9C99D8,0x9C9AA0,0x9C9BB5,0x9C9CE0,0x9C9E35,
  0x9C9E55,0x9C9EBD,0x9C9F30,0x9CA27C,0x9CA2E7,0x9CA763,0x9CA990,0x9CA9B8,0x9CB16E,0x9CB2D7,0x9CB836,0x9CB870,
  0x9CB890,0x9CB938,0x9CB9BB,0x9CBA39,0x9CBA62,0x9CBAAB,0x9CBAD6,0x9CBAFB,0x9CBB25,0x9CBB7C,0x9CBC5F,0x9CC438,
  0x9CC452,0x9CC468,0x9CC5C9,0x9CC9B4,0x9CC9CB,0x9CCA25,0x9CCA7F,0x9CCC06,0x9CCCE8,0x9CCE99,0x9CD5C8,0x9CD5E2,
  0x9CD60C,0x9CD6B5,0x9CD79A,0x9CDE22,0x9CDE57,0x9CDE73,0x9CDEC1,0x9CE4DF,0x9CE5CA,0x9CE6C5,0x9CE6FE,0x9CE8F3,
  0x9CF16C,0x9CFA65,0x9D0CB0,0x9D0CCD,0x9D0D0B,0x9D0D27,0x9D0D5D,0x9D0D9B,0x9D0DB7,0x9D0DED,0x9D0E6D,0x9D0EC4,
  0x9D0ED5,0x9D0EF1,0x9D0F1B,0x9D0F64,0x9D1015,0x9D2437,0x9D25B7,0x9D260C,0x9D2632,0x9D2640,0x9D2677,0x9D26B6,
  0x9D26D2,0x9D2809,0x9D288A,0x9D294A,0x9D295C,0x9D2964,0x9D296C,0x9D2974,0x9D297C,0x9D2998,0x9D29CE,0x9D29D5,
  0x9D29DC,0x9D29E4,0x9D29EC,0x9D29F4,0x9D29FC,0x9D2AD1,0x9D2AED,0x9D2D45,0x9D2D80,0x9D2D88,0x9D2DCB,0x9D2DF3,
  0x9D2E0F,0x9D2E16,0x9D2E1D,0x9D2E25,0x9D2E8B,0x9D2EDA,0x9D3285,0x9D32CD,0x9D32D5,0x9D3334,0x9D3356,0x9D3364,
  0x9D3380,0x9D353B,0x9D358D,0x9D35A7,0x9D35D8,0x9D35F5,0x9D363E,0x9D3687,0x9D3696,0x9D36A5,0x9D36F5,0x9D37AB,
  0x9D37C7,0x9D37CC,0x9D37E8,0x9D3829,0x9D3843,0x9D3861,0x9D3881,0x9D38C7,0x9D3901,0x9D3921,0x9D393D,0x9D3979,
  0x9D3995,0x9D39B1,0x9D39B5,0x9D39D1,0x9D39FA,0x9D3A1D,0x9D3A39,0x9D3A66,0x9D3AA2,0x9D3ABE,0x9D3AE7,0x9D3B30,
  0x9D3B77,0x9D3B93,0x9D3BAF,0x9D3BFA,0x9D3C16,0x9D3C2E,0x9D3C3C,0x9D3C5A,0x9D3C76,0x9D3CB3,0x9D3D20,0x9D3D3E,
  0x9D3D53,0x9D3D6C,0x9D3DC1,0x9D3DC8,0x9D3DD4,0x9D3E0D,0x9D3E3F,0x9D3E5B,0x9D3E76,0x9D3EA4,0x9D3EC0,0x9D3EFC,
  0x9D3F18,0x9D3F54,0x9D3F70,0x9D3F98,0x9D3FA4,0x9D3FC2,0x9D3FDE,0x9D400A,0x9D4026,0x9D4042,0x9D407E,0x9D4091,
  0x9D4099,0x9D40B7,0x9D40C2,0x9D40F2,0x9D4132,0x9D4164,0x9D4205,0x9D4231,0x9D425D,0x9D4270,0x9D4283,0x9D42B7,
  0x9D42CB,0x9D42E7,0x9D437C,0x9D4524,0x9D452B,0x9D457C,0x9D458C,0x9D45D3,0x9D45F6,0x9D4635,0x9D469F,0x9D4772,
  0x9D484D,0x9D488C,0x9D495C,0x9D4A3B,0x9D4B24,0x9D4B63,0x9D4C33,0x9D4D1D,0x9D4D5C,0x9D4E2D,0x9D4F11,0x9D4FF9,
  0x9D5015,0x9D50A1,0x9D5160,0x9D524B,0x9D529A,0x9D539C,0x9D54E9,0x9D55EE,0x9D562D,0x9D5693,0x9D576F,0x9D5857,
  0x9D5896,0x9D5945,0x9D5A36,0x9D5B1F,0x9D5B77,0x9D5BC2,0x9D5BDC,0x9D5C48,0x9D5C90,0x9D5CAC,0x9D5CCE,0x9D5FC4,
  0x9D5FF9,0x9D6081,0x9D6107,0x9D6130,0x9D61B1,0x9D61FF,0x9D620D,0x9D624B,0x9D6250,0x9D62D1,0x9D6304,0x9D6320,
  0x9D6521,0x9D65B1,0x9D65EE,0x9D661C,0x9D665F,0x9D6731,0x9D69BF,0x9D69CC,0x9D6A35,0x9D6BBA,0x9D6D16,0x9D6E0D,
  0x9D6EAD,0x9D6EC7,0x9D71D0,0x9D71D8,0x9D71E0,0x9D71E8,0x9D71F0,0x9D724C,0x9D725A,0x9D72DB,0x9D75BC,0x9D7606,
  0x9D763E,0x9D76C8,0x9D76E3,0x9D7745,0x9D78B7,0x9D78DC,0x9D7908,0x9D792D,0x9D793A,0x9D7967,0x9D798D,0x9D79B2,
  0x9D79E8,0x9D7A40,0x9D7A5E,0x9D7AD2,0x9D7ADA,0x9D7B91,0x9D7BC8,0x9D7D1E,0x9D7D5B,0x9D7D78,0x9D7DCD,0x9D7DF6,
  0x9D8018,0x9D81B7,0x9D81E4,0x9D822F,0x9D826C,0x9D8283,0x9D82C0,0x9D8314,0x9D835F,0x9D8381,0x9D8408,0x9D8490,
  0x9D84F4,0x9D852D,0x9D8577,0x9D859A,0x9D85F8,0x9D8607,0x9D8646,0x9D8668,0x9D86CE,0x9D87F4,0x9D88EE,0x9D8AA5,
  0x9D8BA7,0x9D8BC9,0x9D8BE1,0x9D8C09,0x9D8C36,0x9D8C86,0x9D8CC8,0x9D8D30,0x9D8D4C,0x9D8D9B,0x9D8E00,0x9D8E5D,
  0x9D8E9D,0x9D8F07,0x9D8F74,0x9D8FE4,0x9D9057,0x9D9075,0x9D909A,0x9D90C5,0x9D90EE,0x9D911D,0x9D9142,0x9D9167,
  0x9D9187,0x9D91AD,0x9D91F4,0x9D92D3,0x9D9309,0x9D932A,0x9D93F4,0x9D94AB,0x9D94EE,0x9D9523,0x9D9578,0x9D95B5,
  0x9D966E,0x9D9764,0x9D9791,0x9D97F2,0x9D9802,0x9D9812,0x9D984D,0x9D9882,0x9D98A4,0x9D9B2F,0x9D9CFF,0x9D9D71,
  0x9D9D9A,0x9D9DDE,0x9D9E72,0x9D9F09,0x9D9F41,0x9D9F8A,0x9DA14A,0x9DA1B1,0x9DA1CE,0x9DA23A,0x9DA2CF,0x9DA3C4,
  0x9DA3F5,0x9DA463,0x9DA494,0x9DA550,0x9DA7A4,0x9DA81B,0x9DA834,0x9DA851,0x9DA8ED,0x9DA907,0x9DA92A,0x9DA98E,
  0x9DAA02,0x9DAA26,0x9DAA82,0x9DAADF,0x9DAAFE,0x9DAB43,0x9DAE62,0x9DAE6A,0x9DAE8E,0x9DAEC4,0x9DAEEC,0x9DAEFA,
  0x9DAF36,0x9DB00B,0x9DB012,0x9DB02E,0x9DB04B,0x9DB06D,0x9DB099,0x9DB106,0x9DB127,0x9DB12F,0x9DB14B,0x9DB18B,
  0x9DB2D6,0x9DB849,0x9DB877,0x9DB888,0x9DB890,0x9DB8AA,0x9DB8C3,0x9DB901,0x9DB918,0x9DB947,0x9DB97E,0x9DB9B8,
  0x9DB9F4,0x9DB9FC,0x9DBA88,0x9DBAA4,0x9DBAD6,0x9DBAFD,0x9DBB08,0x9DBB13,0x9DBB1E,0x9DBB45,0x9DBB50,0x9DBB5B,
  0x9DBB66,0x9DBBEB,0x9DBBF6,0x9DBC08,0x9DBC41,0x9DBC5D,0x9DBC79,0x9DBC7E,0x9DBC9A,0x9DBC9F,0x9DBCBB,0x9DBDAB,
  0x9DBDFF,0x9DBE07,0x9DBE26,0x9DBE42,0x9DBF2F,0x9DBF60,0x9DBF7D,0x9DBF84,0x9DBFA9,0x9DBFB4,0x9DBFBF,0x9DBFCE,
  0x9DBFDD,0x9DBFE8,0x9DBFF0,0x9DC030,0x9DC07C,0x9DC133,0x9DC15C,0x9DC16A,0x9DC179,0x9DC181,0x9DC189,0x9DC191,
  0x9DC199,0x9DC1A1,0x9DC1AE,0x9DC1CE,0x9DC1DE,0x9DC1EE,0x9DC26E,0x9DC287,0x9DC292,0x9DC2F5,0x9DC32F,0x9DC337,
  0x9DC384,0x9DC3CD,0x9DC403,0x9DC4A6,0x9DC4AE,0x9DC4D8,0x9DC4EF,0x9DC514,0x9DC545,0x9DC561,0x9DC5EB,0x9DC62A,
  0x9DC632,0x9DC64C,0x9DC663,0x9DC6DC,0x9DC6F6,0x9DC718,0x9DC781,0x9DC7C3,0x9DC7D1,0x9DC7ED,0x9DC85C,0x9DC871,
  0x9DC89E,0x9DC8BD,0x9DC8EA,0x9DC909,0x9DC936,0x9DC965,0x9DC992,0x9DC9BF,0x9DC9C4,0x9DCA57,0x9DCAEA,0x9DCB7D,
  0x9DCC10,0x9DCC3B,0x9DCC5F,0x9DCC67,0x9DCCA6,0x9DCCBF,0x9DCD02,0x9DCD1E,0x9DCD4D,0x9DCD78,0x9DCDA1,0x9DCDD3,
  0x9DCDF0,0x9DCE29,0x9DCE57,0x9DCE8D,0x9DCEBB,0x9DCF0D,0x9DCF4E,0x9DCFF0,0x9DD022,0x9DD02F,0x9DD06D,0x9DD083,
  0x9DD08B,0x9DD093,0x9DD173,0x9DD19C,0x9DD1BF,0x9DD1DE,0x9DD248,0x9DD27A,0x9DD2BF,0x9DD304,0x9DD33B,0x9DD348,
  0x9DD3BA,0x9DD406,0x9DD417,0x9DD447,0x9DD47F,0x9DD487,0x9DD48F,0x9DD497,0x9DD49F,0x9DD543,0x9DD55F,0x9DD582,
  0x9DD5A1,0x9DD5A6,0x9DD610,0x9DD642,0x9DD687,0x9DD6D3,0x9DD6FA,0x9DD725,0x9DD740,0x9DD782,0x9DD7FB,0x9DD82C,
  0x9DD846,0x9DD869,0x9DD887,0x9DD8B1,0x9DD8E3,0x9DD937,0x9DD954,0x9DD959,0x9DD9D4,0x9DD9EE,0x9DDA09,0x9DDA3B,
  0x9DDA7F,0x9DDAC2,0x9DDB0A,0x9DDBC3,0x9DDDB3,0x9DDDCF,0x9DDDDE,0x9DDE05,0x9DDE1F,0x9DDE8F,0x9DDEDB,0x9DDF36,
  0x9DDF53,0x9DDF7F,0x9DDFF5,0x9DE000,0x9DE00B,0x9DE02A,0x9DE037,0x9DE044,0x9DE052,0x9DE076,0x9DE07E,0x9DE092,
  0x9DE0B5,0x9DE0D3,0x9DE127,0x9DE144,0x9DE198,0x9DE1B7,0x9DE1BC,0x9DE237,0x9DE251,0x9DE26C,0x9DE296,0x9DE29E,
  0x9DE2D0,0x9DE302,0x9DE334,0x9DE378,0x9DE3AD,0x9DE3F0,0x9DE448,0x9DE4E0,0x9DE570,0x9DE614,0x9DE6A3,0x9DE6BF,
  0x9DE835,0x9DE851,0x9DE86D,0x9DE8BB,0x9DE9A4,0x9DE9BE,0x9DEAE9,0x9DECF6,0x9DED44,0x9DED92,0x9DEE00,0x9DEE3B,
  0x9DEE67,0x9DEE8B,0x9DEE95,0x9DEEB4,0x9DEECD,0x9DEEEA,0x9DEF24,0x9DEF2C,0x9DEF80,0x9DEFF3,0x9DEFFB,0x9DF012,
  0x9DF048,0x9DF08C,0x9DF0D0,0x9DF114,0x9DF11C,0x9DF12F,0x9DF17E,0x9DF1D3,0x9DF1E7,0x9DF1F2,0x9DF22E,0x9DF253,
  0x9DF2F6,0x9DF312,0x9DF32E,0x9DF3CB,0x9DF3E7,0x9DF41D,0x9DF439,0x9DF455,0x9DF471,0x9DF4AF,0x9DF504,0x9DF520,
  0x9DF550,0x9DF5DD,0x9DF5F9,0x9DF629,0x9DF675,0x9DF6D1,0x9DF6DC,0x9DF736,0x9DF764,0x9DF792,0x9DF8F4,0x9DF9C2,
  0x9DFA82,0x9DFB3D,0x9DFBA9,0x9DFC12,0x9DFC2E,0x9DFC53,0x9DFCDB,0x9DFD42,0x9DFD4A,0x9DFD9B,0x9DFDF1,0x9DFE8F,
  0x9DFEF1,0x9DFF0D,0x9E0077,0x9E0093,0x9E00AF,0x9E00CB,0x9E00E5,0x9E016E,0x9E01ED,0x9E0241,0x9E0297,0x9E033D,
  0x9E0395,0x9E03CB,0x9E0420,0x9E0475,0x9E04C8,0x9E05A5,0x9E0617,0x9E0633,0x9E064C,0x9E067B,0x9E06C7,0x9E06D1,
  0x9E06ED,0x9E0709,0x9E0739,0x9E0785,0x9E0820,0x9E0879,0x9E0893,0x9E08E0,0x9E0916,0x9E0932,0x9E0955,0x9E095F,
  0x9E097A,0x9E0994,0x9E09B0,0x9E09B5,0x9E09D5,0x9E0A9E,0x9E0AB3,0x9E0B09,0x9E0B1A,0x9E0E39,0x9E0ED5,0x9E0FEB,
  0x9E1035,0x9E1043,0x9E105F,0x9E106C,0x9E1076,0x9E107B,0x9E1085,0x9E10DC,0x9E10E7,0x9E10FF,0x9E1183,0x9E119F,
  0x9E12AD,0x9E12D1,0x9E1336,0x9E138D,0x9E13A9,0x9E14F2,0x9E1500,0x9E1523,0x9E1532,0x9E15C0,0x9E15F3,0x9E162D,
  0x9E1649,0x9E169F,0x9E16C3,0x9E16EF,0x9E1746,0x9E1766,0x9E1782,0x9E192B,0x9E1953,0x9E19B9,0x9E19FC,0x9E1A26,
  0x9E1A40,0x9E1A59,0x9E1A83,0x9E1A9F,0x9E1AD3,0x9E1AD9,0x9E1ADF,0x9E1AFF,0x9E1BD3,0x9E1C2E,0x9E1C45,0x9E1C7C,
  0x9E2034,0x9E2110,0x9E21B5,0x9E2482,0x9E251F,0x9E2553,0x9E258D,0x9E25C8,0x9E2632,0x9E2695,0x9E287F,0x9E28CC,
  0x9E28D1,0x9E28E4,0x9E2909,0x9E292E,0x9E2990,0x9E2AFE,0x9E2C20,0x9E2C62,0x9E2CC9,0x9E2D29,0x9E2DE9,0x9E2E83,
  0x9E2EC0,0x9E2F5E,0x9E2FE2,0x9E304D,0x9E3089,0x9E30EA,0x9E311E,0x9E3192,0x9E3223,0x9E329E,0x9E32C5,0x9E32F2,
  0x9E3343,0x9E338F,0x9E33CD,0x9E3411,0x9E3578,0x9E35C8,0x9E35EF,0x9E35F3,0x9E36B5,0x9E3750,0x9E376C,0x9E3896,
  0x9E39A4,0x9E3A42,0x9E3CD7,0x9E3CF2,0x9E3D3B,0x9E3D78,0x9E3EEA,0x9E3F0D,0x9E3F22,0x9E3FDC,0x9E3FE4,0x9E4008,
  0x9E4075,0x9E40DF,0x9E412E,0x9E417D,0x9E41BD,0x9E41D0,0x9E41E3,0x9E41F6,0x9E4210,0x9E422E,0x9E4257,0x9E4270,
  0x9E42CA,0x9E43B8,0x9E4415,0x9E4431,0x9E447E,0x9E4493,0x9E449A,0x9E44D9,0x9E44EF,0x9E450C,0x9E452A,0x9E4572,
  0x9E461E,0x9E4660,0x9E46F2,0x9E46F9,0x9E4711,0x9E4727,0x9E473B,0x9E474F,0x9E4766,0x9E4782,0x9E47D1,0x9E481C,
  0x9E4851,0x9E487E,0x9E48A4,0x9E48EE,0x9E4A7E,0x9E4A97,0x9E4AD6,0x9E4AF4,0x9E4BAB,0x9E4BE2,0x9E4CAB,0x9E4D33,
  0x9E4DAF,0x9E4E36,0x9E4E4E,0x9E4E64,0x9E4E78,0x9E4E8C,0x9E4E97,0x9E4EC1,0x9E4EE4,0x9E4F16,0x9E4F37,0x9E4F54,
  0x9E4F71,0x9E507B,0x9E5109,0x9E5124,0x9E5159,0x9E51C7,0x9E51F6,0x9E522E,0x9E5288,0x9E52EC,0x9E534A,0x9E538E,
  0x9E53EC,0x9E5430,0x9E547B,0x9E54A8,0x9E54F1,0x9E5515,0x9E55A1,0x9E5611,0x9E5973,0x9E5A25,0x9E5A3A,0x9E5A56,
  0x9E5A5B,0x9E5B22,0x9E5B61,0x9E5B78,0x9E5BA8,0x9E5BBF,0x9E5BF9,0x9E5C2B,0x9E5CAB,0x9E5CFD,0x9E5D27,0x9E5D48,
  0x9E5D8F,0x9E5DD9,0x9E5DF2,0x9E5E0B,0x9E5E22,0x9E5E39,0x9E5EEB,0x9E5F2C,0x9E5F66,0x9E5FCA,0x9E6025,0x9E6040,
  0x9E605B,0x9E60EA,0x9E616D,0x9E61B3,0x9E61F6,0x9E638E,0x9E63CA,0x9E63E6,0x9E671E,0x9E6730,0x9E6737,0x9E6746,
  0x9E6763,0x9E68DC,0x9E68E0,0x9E68E4,0x9E68F6,0x9E6901,0x9E691D,0x9E6B31,0x9E6B43,0x9E6B4E,0x9E6B6A,0x9E6B7C,
  0x9E6B87,0x9E6BA3,0x9E6C0E,0x9E6C20,0x9E6C2B,0x9E6C47,0x9E6C92,0x9E6CA4,0x9E6CAF,0x9E6CCB,0x9E6E55,0x9E6E67,
  0x9E6E72,0x9E6E8E,0x9E6EF4,0x9E702B,0x9E703D,0x9E7048,0x9E704C,0x9E7051,0x9E7055,0x9E7071,0x9E70B6,0x9E7193,
  0x9E71A5,0x9E71B0,0x9E7215,0x9E7231,0x9E7243,0x9E724E,0x9E726A,0x9E747E,0x9E7490,0x9E749B,0x9E74B7,0x9E75E3,
  0x9E761E,0x9E7655,0x9E7671,0x9E770B,0x9E771D,0x9E7728,0x9E7744,0x9E77B5,0x9E77C7,0x9E77D2,0x9E77EE,0x9E7830,
  0x9E7842,0x9E784D,0x9E7869,0x9E7909,0x9E791B,0x9E7926,0x9E7942,0x9E7A7B,0x9E7A8D,0x9E7A98,0x9E7B07,0x9E7B23,
  0x9E7B8E,0x9E7C53,0x9E7CA3,0x9E7E6E,0x9E7EF3,0x9E7F0F,0x9E8474,0x9E858D,0x9E859F,0x9E85AA,0x9E85C6,0x9E8685,
  0x9E8697,0x9E86A2,0x9E86BE,0x9E87BB,0x9E880B,0x9E88B3,0x9E8952,0x9E896E,0x9E8A42,0x9E9090,0x9E91A7,0x9E91B2,
  0x9E91EA,0x9E9222,0x9E92CA,0x9E938F,0x9E93A1,0x9E93AC,0x9E93C8,0x9E93ED,0x9E93FF,0x9E940A,0x9E941C,0x9E9438,
  0x9E9488,0x9E95F1,0x9E960C,0x9E9617,0x9E9633,0x9E983E,0x9E9859,0x9E9864,0x9E9880,0x9E9AA8,0x9E9ABA,0x9E9AC5,
  0x9E9AE1,0x9E9B0C,0x9E9B37,0x9EA068,0x9EA07A,0x9EA085,0x9EA0A1,0x9EA1C8,0x9EA1DA,0x9EA1E5,0x9EA201,0x9EA280,
  0x9EA2A9,0x9EA2BB,0x9EA2C6,0x9EA2E1,0x9EA32B,0x9EA347,0x9EA3BA,0x9EA429,0x9EA43B,0x9EA446,0x9EA462,0x9EA51A,
  0x9EA52C,0x9EA537,0x9EA553,0x9EA56A,0x9EA57C,0x9EA587,0x9EA5A3,0x9EA7FE,0x9EA82D,0x9EA83F,0x9EA84A,0x9EA866,
  0x9EAAC1,0x9EAAF0,0x9EAB02,0x9EAB0D,0x9EAB29,0x9EAD61,0x9EAD8F,0x9EADA1,0x9EADAC,0x9EADC8,0x9EAEED,0x9EAEFF,
  0x9EAF0A,0x9EAF26,0x9EB07F,0x9EB091,0x9EB09C,0x9EB0B8,0x9EB335,0x9EB347,0x9EB352,0x9EB36E,0x9EB502,0x9EB514,
  0x9EB51F,0x9EB53B,0x9EB654,0x9EB695,0x9EB6AF,0x9EB6EA,0x9EB706,0x9EB961,0x9EBBF2,0x9EBC21,0x9EBC33,0x9EBC3E,
  0x9EBC5A,0x9EBC5F,0x9EBC82,0x9EBC94,0x9EBC9F,0x9EBCBB,0x9EBE09,0x9EBE1B,0x9EBE26,0x9EBE42,0x9EBED0,0x9EBEE2,
  0x9EBEED,0x9EBF1D,0x9EBF39,0x9EBF4B,0x9EBF56,0x9EBFA2,0x9EBFBE,0x9EBFD0,0x9EBFDB,0x9EBFF7,0x9EC037,0x9EC042,
  0x9EC05C,0x9EC06E,0x9EC08A,0x9EC09A,0x9EC0A7,0x9EC1F3,0x9EC205,0x9EC210,0x9EC22C,0x9EC365,0x9EC377,0x9EC382,
  0x9EC3B2,0x9EC3CF,0x9EC439,0x9EC484,0x9EC4B9,0x9EC4C1,0x9EC4D6,0x9EC4F7,0x9EC521,0x9EC539,0x9EC889,0x9EC8A1,
  0x9ECBF5,0x9ECC0D,0x9ECF67,0x9ECF7F,0x9ED351,0x9ED374,0x9ED45E,0x9ED4D2,0x9ED5B8,0x9ED5D4,0x9ED610,0x9ED628,
  0x9ED62F,0x9ED641,0x9ED653,0x9ED659,0x9ED66B,0x9ED687,0x9ED6B4,0x9ED6BF,0x9ED6F5,0x9ED711,0x9ED764,0x9ED8C4,
  0x9ED98A,0x9ED98F,0x9ED9C4,0x9ED9DC,0x9EDA17,0x9EDB28,0x9EDB44,0x9EDBC6,0x9EDC36,0x9EDCB0,0x9EDD1C,0x9EDD3D,
  0x9EDD52,0x9EDD76,0x9EDDAE,0x9EDFE7,0x9EE003,0x9EE009,0x9EE028,0x9EE04A,0x9EE079,0x9EE094,0x9EE105,0x9EE14A,
  0x9EE1ED,0x9EE209,0x9EE259,0x9EE301,0x9EE31D,0x9EE364,0x9EE3B4,0x9EE513,0x9EE60C,0x9EE642,0x9EE64A,0x9EE661,
  0x9EE69B,0x9EE6F4,0x9EE6FC,0x9EE80C,0x9EE84C,0x9EE89F,0x9EE911,0x9EE942,0x9EE975,0x9EE9A8,0x9EE9D6,0x9EE9FE,
  0x9EEA57,0x9EEA7A,0x9EEAB6,0x9EEBBF,0x9EEBDB,0x9EEC48,0x9EECC0,0x9EECEB,0x9EED35,0x9EED5E,0x9EED86,0x9EEDC0,
  0x9EEDDD,0x9EEE50,0x9EEE7B,0x9EEED1,0x9EEF13,0x9EEF72,0x9EF056,0x9EF16D,0x9EF277,0x9EF3A7,0x9EF3EE,0x9EF421,
  0x9EF47F,0x9EF534,0x9EF56C,0x9EF708,0x9EF724,0x9EF72F,0x9EF74B,0x9EF783,0x9EF829,0x9EF946,0x9EF955,0x9EF96E,
  0x9EF988,0x9EF993,0x9EF9AF,0x9EFAD6,0x9EFAF0,0x9EFAFB,0x9EFB74,0x9EFB90,0x9EFBAC,0x9EFBB7,0x9EFBD3,0x9EFBED,
  0x9EFBF8,0x9EFC14,0x9EFC29,0x9EFC4F,0x9EFCC4,0x9EFDC2,0x9EFDF1,0x9EFE4B,0x9EFE5B,0x9EFE96,0x9EFFB2,0x9F0060,
  0x9F00DE,0x9F01DD,0x9F021E,0x9F02C6,0x9F047F,0x9F05E0,0x9F05FC,0x9F06A9,0x9F06CB,0x9F06E8,0x9F0717,0x9F0768,
  0x9F07C7,0x9F0812,0x9F082F,0x9F0885,0x9F09FC,0x9F0B0B,0x9F0B50,0x9F0C10,0x9F0C4A,0x9F0C8A,0x9F0CE5,0x9F0D00,
  0x9F0D1D,0x9F0D4A,0x9F0D6F,0x9F0DA6,0x9F0DD8,0x9F0E0E,0x9F0E44,0x9F0E7A,0x9F0FFE,0x9F102D,0x9F1048,0x9F10A5,
  0x9F13D8,0x9F1420,0x9F1439,0x9F1457,0x9F1496,0x9F1548,0x9F1591,0x9F15C6,0x9F1638,0x9F173C,0x9F178A,0x9F17B8,
  0x9F181A,0x9F1835,0x9F184E,0x9F1870,0x9F18CD,0x9F1952,0x9F19AB,0x9F19CA,0x9F19DC,0x9F1BDF,0x9F1E1E,0x9F212B,
  0x9F2147,0x9F2163,0x9F216E,0x9F218A,0x9F21FB,0x9F2243,0x9F228C,0x9F22D4,0x9F25E3,0x9F2633,0x9F26EC,0x9F297F,
  0x9F29F8,0x9F2A71,0x9F2AA0,0x9F2AA8,0x9F2AE1,0x9F2B07,0x9F2B34,0x9F2B62,0x9F2B9D,0x9F2BD2,0x9F2C05,0x9F2C2E,
  0x9F2CB6,0x9F2D41,0x9F2D79,0x9F2EA4,0x9F2EDF,0x9F2EFC,0x9F2F33,0x9F2F4F,0x9F30A3,0x9F312A,0x9F331F,0x9F33C4,
  0x9F33CB,0x9F3422,0x9F3555,0x9F3612,0x9F36ED,0x9F38C1,0x9F3937,0x9F3A20,0x9F3A3C,0x9F3A48,0x9F3AC8,0x9F3AF7,
  0x9F3BA6,0x9F3CCD,0x9F3CD5,0x9F3CF9,0x9F3F41,0x9F4091,0x9F4099,0x9F40A1,0x9F40A9,0x9F40B1,0x9F40CC,0x9F413D,
  0x9F4161,0x9F417B,0x9F41B6,0x9F41EC,0x9F424F,0x9F426B,0x9F4287,0x9F4542,0x9F459B,0x9F45C2,0x9F45D4,0x9F45F5,
  0x9F4618,0x9F466E,0x9F4769,0x9F4785,0x9F47A6,0x9F47B2,0x9F47C4,0x9F4811,0x9F4822,0x9F4833,0x9F4889,0x9F48BF,
  0x9F48CA,0x9F48D5,0x9F4992,0x9F49B8,0x9F4A43,0x9F4A50,0x9F4AC6,0x9F4AD7,0x9F4AF4,0x9F4B8E,0x9F4BBC,0x9F4BFB,
  0x9F4C17,0x9F4C26,0x9F4C7C,0x9F4D2E,0x9F4DA0,0x9F4DBA,0x9F4DF1,0x9F4EDE,0x9F4F19,0x9F4FC8,0x9F5025,0x9F5041,
  0x9F5053,0x9F505F,0x9F5079,0x9F5085,0x9F50A3,0x9F50B1,0x9F50D6,0x9F50FF,0x9F513A,0x9F514B,0x9F51A1,0x9F51D0,
  0x9F5268,0x9F52A1,0x9F52D6,0x9F5369,0x9F5390,0x9F5408,0x9F54E1,0x9F54FD,0x9F550E,0x9F551F,0x9F5537,0x9F555F,
  0x9F5629,0x9F56A9,0x9F5756,0x9F5772,0x9F57B1,0x9F57CF,0x9F5837,0x9F5906,0x9F5979,0x9F5A2B,0x9F5A47,0x9F5A7E,
  0x9F5BD6,0x9F5C33,0x9F5C5F,0x9F5CAD,0x9F5CC3,0x9F5D24,0x9F5DCA,0x9F5E26,0x9F5F82,0x9F5FA6,0x9F6021,0x9F6084,
  0x9F60E3,0x9F6191,0x9F61A7,0x9F61C3,0x9F639C,0x9F63E9,0x9F64D8,0x9F64E2,0x9F64E7,0x9F652B,0x9F653C,0x9F6556,
  0x9F659E,0x9F65C7,0x9F65EC,0x9F6611,0x9F667A,0x9F6812,0x9F687C,0x9F68C5,0x9F68F0,0x9F6920,0x9F699B,0x9F69A3,
  0x9F69D7,0x9F6A0E,0x9F6A47,0x9F6A52,0x9F6A5A,0x9F6A77,0x9F6AB0,0x9F6AC3,0x9F6ACB,0x9F6AE5,0x9F6B02,0x9F6B94,
  0x9F6B9C,0x9F6BA7,0x9F6BB2,0x9F6BBD,0x9F6C4F,0x9F6C57,0x9F6C62,0x9F6C6D,0x9F6C94,0x9F6CB1,0x9F6CCE,0x9F6CDF,
  0x9F6D32,0x9F6D86,0x9F6DB0,0x9F6DDF,0x9F6DF1,0x9F6E0C,0x9F6E2F,0x9F6E4B,0x9F6F27,0x9F6FC8,0x9F7098,0x9F70A0,
  0x9F70A8,0x9F70E3,0x9F7143,0x9F71B0,0x9F71F2,0x9F7226,0x9F72CE,0x9F72F7,0x9F733B,0x9F73C3,0x9F745A,0x9F74C5,
  0x9F750E,0x9F753D,0x9F7589,0x9F7596,0x9F75CE,0x9F7617,0x9F773D,0x9F7788,0x9F77C7,0x9F77E8,0x9F784B,0x9F78BB,
  0x9F7906,0x9F7923,0x9F7941,0x9F796E,0x9F7985,0x9F79AE,0x9F79EA,0x9F7A08,0x9F7A95,0x9F7AC3,0x9F7ADD,0x9F7B55,
  0x9F7B99,0x9F7BB2,0x9F7BC9,0x9F7CD5,0x9F7D0B,0x9F7D7B,0x9F7E93,0x9F7F3E,0x9F7FB5,0x9F7FBD,0x9F7FC5,0x9F7FCD,
  0x9F8007,0x9F809D,0x9F8118,0x9F8142,0x9F815D,0x9F8165,0x9F81E0,0x9F8223,0x9F83C4,0x9F83CC,0x9F83D4,0x9F83DF,
  0x9F83FB,0x9F8422,0x9F847F,0x9F8490,0x9F84A0,0x9F84B3,0x9F84BB,0x9F8553,0x9F85A8,0x9F85AF,0x9F85CC,0x9F85E8,
  0x9F85FA,0x9F8619,0x9F862E,0x9F867C,0x9F8690,0x9F86D4,0x9F86DF,0x9F86FB,0x9F8706,0x9F874E,0x9F8796,0x9F87A1,
  0x9F883A,0x9F884B,0x9F886D,0x9F888E,0x9F88AB,0x9F88C8,0x9F88E5,0x9F890D,0x9F8921,0x9F8958,0x9F89ED,0x9F8AC4,
  0x9F8AE2,0x9F8B30,0x9F8B62,0x9F8B94,0x9F8BC6,0x9F8C1A,0x9F8C6E,0x9F8CC2,0x9F8D05,0x9F8D48,0x9F8D8B,0x9F8DF0,
  0x9F8E43,0x9F8F19,0x9F8F58,0x9F8FF0,0x9F907F,0x9F909B,0x9F90B5,0x9F9139,0x9F9376,0x9F9484,0x9F94EC,0x9F9527,
  0x9F95AD,0x9F962A,0x9F9646,0x9F9658,0x9F9677,0x9F967F,0x9F9687,0x9F968F,0x9F96AC,0x9F96BC,0x9F96D8,0x9F96DD,
  0x9F96ED,0x9F9821,0x9F9829,0x9F9859,0x9F986A,0x9F9985,0x9F99D6,0x9F99EA,0x9F99FB,0x9F9A0C,0x9F9AE8,0x9F9B54,
  0x9F9BD7,0x9F9BF1,0x9F9D1D,0x9F9DDC,0x9F9DE4,0x9F9E4A,0x9F9E76,0x9F9E7B,0x9F9E80,0x9F9E85,0x9F9E8A,0x9F9EA0,
  0x9F9EB7,0x9F9F16,0x9F9F1A,0x9F9F1E,0x9F9F37,0x9F9F3B,0x9F9F54,0x9F9F58,0x9F9F71,0x9F9F8A,0x9F9FA3,0x9F9FD8,
  0x9F9FDF,0x9F9FE6,0x9FA032,0x9FA074,0x9FA08C,0x9FA0B2,0x9FA0D7,0x9FA0FC,0x9FA129,0x9FA158,0x9FA187,0x9FA1F5,
  0x9FA285,0x9FA2AF,0x9FA2B7,0x9FA2CE,0x9FA322,0x9FA34B,0x9FA368,0x9FA383,0x9FA3DD,0x9FA412,0x9FA497,0x9FA4B5,
  0x9FA4DF,0x9FA514,0x9FA53E,0x9FA5B1,0x9FA5DF,0x9FA652,0x9FA680,0x9FA6AF,0x9FA6E5,0x9FA72A,0x9FA807,0x9FA80F,
  0x9FA9B8,0x9FAA5E,0x9FAA75,0x9FAAAE,0x9FAAC6,0x9FAB1F,0x9FAB73,0x9FABC9,0x9FABF3,0x9FABF8,0x9FAC57,0x9FAC78,
  0x9FAC86,0x9FAD34,0x9FAD58,0x9FAD6E,0x9FADBA,0x9FAE15,0x9FAE70,0x9FAEA3,0x9FAEC1,0x9FAF29,0x9FAF43,0x9FAF71,
  0x9FB023,0x9FB0A9,0x9FB0E0,0x9FB19D,0x9FB342,0x9FB366,0x9FB382,0x9FB4F8,0x9FB649,0x9FB6F3,0x9FB771,0x9FB7A7,
  0x9FB7AC,0x9FB80B,0x9FB846,0x9FB89A,0x9FB8FC,0x9FB918,0x9FB948,0x9FB9CF,0x9FBABD,0x9FBB19,0x9FBB61,0x9FBBA1,
  0x9FBBDA,0x9FBC16,0x9FBC1E,0x9FBC38,0x9FBCCD,0x9FBCE9,0x9FBD0A,0x9FBDD3,0x9FBDD8,0x9FBE55,0x9FBEF5,0x9FBF55,
  0x9FBFA0,0x9FBFCC,0x9FBFE3,0x9FC012,0x9FC04E,0x9FC056,0x9FC0E2,0x9FC0FE,0x9FC11A,0x9FC160,0x9FC19C,0x9FC1A4,
  0x9FC1D3,0x9FC268,0x9FC2F4,0x9FC310,0x9FC3E5,0x9FC411,0x9FC422,0x9FC48E,0x9FC4C3,0x9FC4D2,0x9FC4E1,0x9FC561,
  0x9FC584,0x9FC59E,0x9FC5BD,0x9FC614,0x9FC631,0x9FC688,0x9FC6A5,0x9FC6FC,0x9FC759,0x9FC78B,0x9FC7BD,0x9FC7EF,
  0x9FC834,0x9FC877,0x9FC8BA,0x9FC9A6,0x9FCB1F,0x9FCC9D,0x9FCD48,0x9FCD9B,0x9FCDA9,0x9FCDD7,0x9FCDFB,0x9FCE02,
  0x9FCE1F,0x9FCE96,0x9FCEB0,0x9FCEBB,0x9FCF06,0x9FCF59,0x9FCFE6,0x9FD014,0x9FD04A,0x9FD06B,0x9FD087,0x9FD0B7,
  0x9FD0C9,0x9FD0F2,0x9FD10E,0x9FD199,0x9FD29D,0x9FD2B0,0x9FD2CB,0x9FD358,0x9FD395,0x9FD3A9,0x9FD3BD,0x9FD3D1,
  0x9FD419,0x9FD43F,0x9FD491,0x9FD4E7,0x9FD54B,0x9FD5E7,0x9FD606,0x9FD67E,0x9FD69A,0x9FD69F,0x9FD723,0x9FD762,
  0x9FD7C7,0x9FD7D8,0x9FD7E9,0x9FD7FB,0x9FD821,0x9FD846,0x9FD884,0x9FD8C3,0x9FD8DC,0x9FD960,0x9FDA19,0x9FDAFD,
  0x9FDCEF,0x9FDD59,0x9FDEB1,0x9FDEB9,0x9FDED5,0x9FDF0B,0x9FDF99,0x9FE098,0x9FE0B1,0x9FE109,0x9FE127,0x9FE1B9,
  0x9FE28A,0x9FE2C1,0x9FE546,0x9FE593,0x9FE5A1,0x9FE6BA,0x9FE70A,0x9FE716,0x9FE832,0x9FE8E0,0x9FEACE,0x9FEB09,
  0x9FEB0E,0x9FEBFF,0x9FEE57,0x9FEEDB,0x9FEF59,0x9FEF92,0x9FF092,0x9FF22D,0x9FF248,0x9FF596,0x9FF59D,0x9FF61F,
  0x9FF67D,0x9FF6A1,0x9FF705,0x9FF74E,0x9FF7B3,0x9FF875,0x9FF8A5,0x9FF8D8,0x9FF92A,0x9FFA9D,0x9FFACA,0x9FFAF0,
  0x9FFB15,0x9FFB68,0x9FFB81,0x9FFB98,0x9FFB9D,0x9FFCC7,0x9FFD01,0x9FFF4F,0x9FFFAA,0xA00357,0xA00397,0xA003B0,
  0xA003CB,0xA0040A,0xA00428,0xA004AB,0xA004F9,0xA00568,0xA00584,0xA0063B,0xA0067E,0xA006B5,0xA007D5,0xA00925,
  0xA00941,0xA0094C,0xA00A93,0xA00AAF,0xA00ABA,0xA00AF5,0xA00BE7,0xA00C0E,0xA00C21,0xA00C4E,0xA00C80,0xA00DB5,
  0xA00E1C,0xA00E86,0xA00F2B,0xA00F5B,0xA00F63,0xA00F9F,0xA00FCC,0xA00FE9,0xA01006,0xA01038,0xA01211,0xA01219,
  0xA01221,0xA01229,0xA01231,0xA0124E,0xA01274,0xA0133E,0xA01346,0xA0134E,0xA01356,0xA01371,0xA013DC,0xA013F5,
  0xA01413,0xA01452,0xA01485,0xA0153C,0xA0182C,0xA018BB,0xA019DC,0xA01A26,0xA01A34,0xA01AA0,0xA01ABC,0xA01C18,
  0xA01C37,0xA01C54,0xA01C6B,0xA01C91,0xA01C9C,0xA01D19,0xA01D56,0xA01D72,0xA01F99,0xA021D8,0xA0229F,0xA02390,
  0xA023A4,0xA023AF,0xA023CB,0xA0241D,0xA024DA,0xA0258F,0xA0260A,0xA027B2,0xA027CA,0xA027D5,0xA027EA,0xA02806,
  0xA02830,0xA02844,0xA0284F,0xA0286B,0xA0287C,0xA02946,0xA029A9,0xA029D2,0xA029FB,0xA02A29,0xA02A58,0xA02A7D,
  0xA02AE4,0xA02BCF,0xA02C50,0xA02E1C,0xA02E2C,0xA02E34,0xA02E3C,0xA02E4C,0xA02E72,0xA02E94,0xA02EB1,0xA02ECE,
  0xA02EE9,0xA02F18,0xA02F63,0xA02F80,0xA02FBB,0xA03041,0xA03049,0xA0306E,0xA030D0,0xA03322,0xA03361,0xA03394,
  0xA033B2,0xA0358A,0xA03603,0xA036B5,0xA037D8,0xA03814,0xA03860,0xA0386E,0xA038D7,0xA038F3,0xA039E5,0xA03A2B,
  0xA03AB1,0xA03AE0,0xA03B80,0xA03BD7,0xA03C0A,0xA03C3D,0xA03C4C,0xA03C5B,0xA03C90,0xA03CA5,0xA03CBB,0xA03D02,
  0xA03D49,0xA03D65,0xA03D9D,0xA03DA2,0xA03E08,0xA03EF8,0xA04027,0xA04072,0xA0407A,0xA04089,0xA040C2,0xA04145,
  0xA0417E,0xA04203,0xA0442D,0xA04435,0xA0443D,0xA04445,0xA0444D,0xA04455,0xA0446D,0xA04492,0xA044CB,0xA04517,
  0xA0466D,0xA04721,0xA04729,0xA04741,0xA04C48,0xA04C87,0xA04CEF,0xA04D74,0xA04E40,0xA04E77,0xA05153,0xA051A3,
  0xA051B1,0xA051CD,0xA05233,0xA052DC,0xA05307,0xA054A5,0xA05587,0xA0558F,0xA055BB,0xA055FD,0xA0572E,0xA0573C,
  0xA05744,0xA0574C,0xA05771,0xA0578D,0xA057F6,0xA05AC2,0xA05B0B,0xA05B38,0xA05B61,0xA05BE9,0xA05C56,0xA05CC6,
  0xA05CFE,0xA05D1C,0xA05D46,0xA05D63,0xA05DA0,0xA05DDC,0xA05E4F,0xA05E80,0xA05ED4,0xA05F07,0xA05FBE,0xA06005,
  0xA0605D,0xA06061,0xA06151,0xA06249,0xA06255,0xA06274,0xA064E9,0xA06514,0xA0651C,0xA06524,0xA0652C,0xA06534,
  0xA06604,0xA0679C,0xA06967,0xA06A23,0xA06A2B,0xA06A3E,0xA06A62,0xA06D54,0xA06D80,0xA06D97,0xA06F26,0xA07026,
  0xA070CF,0xA0711B,0xA07375,0xA07393,0xA073A1,0xA07483,0xA0749F,0xA0795C,0xA079BC,0xA079C7,0xA079D2,0xA079DD,
  0xA07A0F,0xA07A39,0xA07A41,0xA07AC2,0xA07ACA,0xA07B64,0xA07BF9,0xA07C47,0xA07C7D,0xA07C85,0xA07CA1,0xA07CF2,
  0xA07CFA,0xA07E72,0xA07E7A,0xA07F23,0xA0807D,0xA080F2,0xA08377,0xA083D4,0xA083DC,0xA083E4,0xA083EC,0xA08472,
  0xA085F6,0xA085FE,0xA08614,0xA08618,0xA08636,0xA08680,0xA0868A,0xA08691,0xA0869B,0xA086A0,0xA086D8,0xA08711,
  0xA08736,0xA087F2,0xA0882C,0xA08896,0xA08900,0xA0892D,0xA08945,0xA08962,0xA089E7,0xA08A6B,0xA08AEF,0xA08B0B,
  0xA08B7C,0xA08B97,0xA08C41,0xA08CDC,0xA08D0C,0xA08D90,0xA08E62,0xA08EE3,0xA08F54,0xA08FC5,0xA09009,0xA090FD,
  0xA091F9,0xA09237,0xA0928D,0xA0929B,0xA092B7,0xA092D3,0xA0936C,0xA093FB,0xA09415,0xA0943C,0xA0949D,0xA094A5,
  0xA094C1,0xA0956F,0xA0958B,0xA09619,0xA0967D,0xA09732,0xA0979A,0xA097D1,0xA09815,0xA09876,0xA0987E,0xA0989A,
  0xA09948,0xA09964,0xA09A11,0xA09A8C,0xA09AA6,0xA09AC9,0xA09B2A,0xA09B32,0xA09B4E,0xA09C3E,0xA09C45,0xA09C5A,
  0xA09C6F,0xA09E3E,0xA09EA5,0xA09F0C,0xA09F14,0xA09F1C,0xA09F24,0xA09F48,0xA0A057,0xA0A0DE,0xA0A0E6,0xA0A0F9,
  0xA0A113,0xA0A14E,0xA0A16A,0xA0A424,0xA0A53B,0xA0A558,0xA0A593,0xA0A5B0,0xA0A5EB,0xA0A5FD,0xA0A60F,0xA0A623,
  0xA0A637,0xA0A649,0xA0A65B,0xA0A6D6,0xA0A70E,0xA0A731,0xA0A770,0xA0A7D0,0xA0A88A,0xA0A8A4,0xA0A8DD,0xA0A961,
  0xA0A9E5,0xA0AA36,0xA0AABA,0xA0AB41,0xA0ABC8,0xA0AC4F,0xA0ACD6,0xA0B06C,0xA0B074,0xA0B07C,0xA0B084,0xA0B08C,
  0xA0B094,0xA0B09C,0xA0B0D0,0xA0B0F3,0xA0B10E,0xA0B13A,0xA0B155,0xA0B1AA,0xA0B1C5,0xA0B32A,0xA0B34C,0xA0B35A,
  0xA0B721,0xA0BB1D,0xA0BF06,0xA0BF56,0xA0BF72,0xA0BF84,0xA0BFDB,0xA0BFF0,0xA0C004,0xA0C01B,0xA0C023,0xA0C02B,
  0xA0C043,0xA0C080,0xA0C0F3,0xA0C116,0xA0C132,0xA0C16F,0xA0C181,0xA0C1A6,0xA0C1DE,0xA0C1FB,0xA0C214,0xA0C253,
  0xA0C286,0xA0C2A4,0xA0C2F6,0xA0C331,0xA0C385,0xA0C437,0xA0C480,0xA0C488,0xA0C501,0xA0C509,0xA0C527,0xA0C553,
  0xA0C63F,0xA0C6B1,0xA0C74F,0xA0C807,0xA0C87B,0xA0C8E3,0xA0C932,0xA0C93A,0xA0C98F,0xA0CA1A,0xA0CA73,0xA0CA96,
  0xA0CB16,0xA0CB33,0xA0CB8A,0xA0CB97,0xA0CBB3,0xA0CBB8,0xA0CBD4,0xA0CBEF,0xA0CC19,0xA0CD6C,0xA0CDB8,0xA0CE1E,
  0xA0CF53,0xA0CFBA,0xA0CFC2,0xA0CFCA,0xA0D00C,0xA0D028,0xA0D05E,0xA0D084,0xA0D0A9,0xA0D14E,0xA0D35C,0xA0D364,
  0xA0D378,0xA0D393,0xA0D39B,0xA0D3A3,0xA0D3E2,0xA0D421,0xA0D446,0xA0D71D,0xA0D7D4,0xA0D886,0xA0D938,0xA0D99A,
  0xA0DC98,0xA0DCC6,0xA0DCE2,0xA0DD10,0xA0DD2F,0xA0DD66,0xA0DD9D,0xA0DDD4,0xA0DE7F,0xA0DE9B,0xA0DF46,0xA0DF62,
  0xA0DF70,0xA0DF78,0xA0DF80,0xA0E3BA,0xA0E423,0xA0E443,0xA0E46B,0xA0E49C,0xA0E4B0,0xA0E4C4,0xA0E4EB,0xA0E54B,
  0xA0E55B,0xA0E5AF,0xA0E5CB,0xA0E5E4,0xA0E643,0xA0E654,0xA0E672,0xA0E6C9,0xA0E6E7,0xA0E751,0xA0E76F,0xA0E7D9,
  0xA0E80B,0xA0E83D,0xA0E86F,0xA0E8B3,0xA0E8F7,0xA0E93B,0xA0E99D,0xA0EB0B,0xA0EB4D,0xA0EB60,0xA0EB7A,0xA0EB96,
  0xA0ED0B,0xA0ED6A,0xA0EDA5,0xA0EDC1,0xA0EDCC,0xA0EDE8,0xA0EE00,0xA0EE57,0xA0EE89,0xA0EEC7,0xA0EF96,0xA0EFA1,
  0xA0EFBD,0xA0EFD5,0xA0F02C,0xA0F05E,0xA0F09C,0xA0F1C3,0xA0F31E,0xA0F385,0xA0F3EC,0xA0F3F4,0xA0F3FC,0xA0F474,
  0xA0F521,0xA0F586,0xA0F70D,0xA0F715,0xA0F728,0xA0F730,0xA0F743,0xA0F756,0xA0F75E,0xA0F7AE,0xA0F7BC,0xA0F7C4,
  0xA0F7E0,0xA0F9CD,0xA0FA3E,0xA0FA76,0xA0FB53,0xA0FC20,0xA0FD5A,0xA0FDA0,0xA0FDAE,0xA0FDCA,0xA101B3,0xA102A9,
  0xA102BC,0xA102D0,0xA102ED,0xA102F7,0xA10306,0xA1030D,0xA10592,0xA1059A,0xA105A2,0xA105AA,0xA105B2,0xA1061F,
  0xA1063D,0xA10696,0xA106A5,0xA106B4,0xA106DF,0xA106F9,0xA10A5B,0xA10AC0,0xA10B0B,0xA10B27,0xA10B7B,0xA10B97,
  0xA10B9C,0xA10BE6,0xA10BF9,0xA10C8C,0xA10CA8,0xA10D45,0xA10DFF,0xA110B3,0xA110BB,0xA110CE,0xA111B8,0xA1134C,
  0xA113C0,0xA1146D,0xA11475,0xA1147D,0xA11485,0xA114A9,0xA11521,0xA115CA,0xA115D8,0xA115E0,0xA115E8,0xA11604,
  0xA119EF,0xA11A92,0xA11AB5,0xA11AE7,0xA11B4E,0xA11BD7,0xA11C12,0xA11C54,0xA11C5C,0xA11C7F,0xA11C9C,0xA11CB9,
  0xA11CEB,0xA11D18,0xA11DCD,0xA11DFF,0xA11E1C,0xA11E42,0xA11E67,0xA11F60,0xA11FAE,0xA11FC9,0xA11FF6,0xA12059,
  0xA12072,0xA12090,0xA120CF,0xA12102,0xA12176,0xA1222D,0xA1233D,0xA12394,0xA123E7,0xA12422,0xA12524,0xA12540,
  0xA12561,0xA125CD,0xA125EF,0xA1269C,0xA127B5,0xA127F9,0xA12917,0xA1293A,0xA1294C,0xA12954,0xA1298C,0xA129A4,
  0xA129C0,0xA129FC,0xA12A7F,0xA12ABA,0xA12AD9,0xA12B04,0xA12B58,0xA12BA3,0xA12BBF,0xA12CE9,0xA12D2D,0xA12D38,
  0xA12E01,0xA12E26,0xA13008,0xA1306F,0xA130DC,0xA130E4,0xA130EC,0xA130F4,0xA131BC,0xA131F2,0xA131FA,0xA13279,
  0xA13516,0xA13560,0xA1356E,0xA13613,0xA1373C,0xA1377E,0xA13A88,0xA13A90,0xA13A98,0xA13BF7,0xA13BFF,0xA13C07,
  0xA13C29,0xA13C37,0xA13C53,0xA13EAA,0xA13EF7,0xA13F1E,0xA13F32,0xA13F3A,0xA13F60,0xA13F7C,0xA13FB2,0xA14025,
  0xA14041,0xA14085,0xA14090,0xA140F9,0xA14150,0xA1416B,0xA141A7,0xA141B0,0xA141FB,0xA1420C,0xA14220,0xA1422B,
  0xA1423F,0xA14259,0xA14275,0xA14313,0xA14341,0xA1436E,0xA143C8,0xA14419,0xA14555,0xA1457E,0xA14610,0xA14683,
  0xA146BB,0xA14756,0xA147FB,0xA148D4,0xA148DC,0xA148FF,0xA1494C,0xA14985,0xA149A2,0xA14AEB,0xA14BA8,0xA14CDA,
  0xA14CFE,0xA14D2B,0xA14FCF,0xA15004,0xA15026,0xA1504F,0xA15119,0xA151CD,0xA151DD,0xA15284,0xA1540E,0xA1542B,
  0xA1549C,0xA154AE,0xA154D4,0xA154F9,0xA1553C,0xA155D1,0xA155EE,0xA15618,0xA1563E,0xA15665,0xA156A3,0xA156D4,
  0xA15791,0xA157C8,0xA157E4,0xA15840,0xA15887,0xA15913,0xA1594A,0xA159AA,0xA15DAD,0xA15DC9,0xA15E47,0xA15E8D,
  0xA15EBE,0xA15EFB,0xA15F21,0xA15F27,0xA15FB2,0xA1600B,0xA16027,0xA1602C,0xA16073,0xA160DA,0xA1611E,0xA16153,
  0xA1616F,0xA161A4,0xA161AE,0xA16209,0xA16227,0xA1624B,0xA1625A,0xA162A0,0xA162F7,0xA1632B,0xA16376,0xA16392,
  0xA1639B,0xA163A2,0xA163C0,0xA163D0,0xA163F0,0xA16410,0xA16430,0xA16460,0xA16490,0xA16500,0xA16520,0xA16540,
  0xA16560,0xA16580,0xA165A0,0xA165C0,0xA165E0,0xA165F0,0xA166C0,0xA16780,0xA167F0,0xA168A0,0xA16920,0xA16980,
  0xA16B40,0xA16BA0,0xA16C00,0xA16C90,0xA16CB0,0xA16CD0,0xA16E20,0xA16E90,0xA16EC0,0xA16EF0,0xA16F20,0xA16F50,
  0xA17010,0xA170F0,0xA171C0,0xA172F0,0xA173C0,0xA17490,0xA17550,0xA17624,0xA1765A,0xA1766D,0xA17729,0xA17771,
  0xA1779A,0xA177CC,0xA17804,0xA17896,0xA17909,0xA17951,0xA17959,0xA1799D,0xA179FC,0xA17B4A,0xA17BE5,0xA17CCC,
  0xA17CF2,0xA17D0F,0xA17F33,0xA17F68,0xA17F83,0xA17FB0,0xA18045,0xA1806E,0xA18090,0xA180C8,0xA1815F,0xA1819A,
  0xA18235,0xA1826C,0xA1829C,0xA183AA,0xA184ED,0xA1852B,0xA1856D,0xA1858F,0xA18642,0xA1867D,0xA186D2,0xA18718,
  0xA1873C,0xA18743,0xA18760,0xA18769,0xA18785,0xA187CD,0xA18951,0xA18973,0xA18A08,0xA18A5E,0xA18AF7,0xA18B2E,
  0xA18DB3,0xA1901E,0xA1905F,0xA190A7,0xA190D1,0xA1915E,0xA19182,0xA191A8,0xA191E0,0xA191FD,0xA19240,0xA1925D,
  0xA192A3,0xA192E0,0xA19357,0xA1937B,0xA1939A,0xA193B6,0xA193F3,0xA19473,0xA19505,0xA195C6,0xA196AE,0xA19721,
  0xA1973E,0xA19776,0xA197D1,0xA1980E,0xA1982A,0xA1985C,0xA1994C,0xA1995E,0xA19969,0xA19985,0xA1999B,0xA199EF,
  0xA19A2A,0xA19AEB,0xA19AF0,0xA19B2D,0xA19B56,0xA19B8A,0xA19C06,0xA19C31,0xA19C4D,0xA19CD8,0xA19D68,0xA19E2C,
  0xA19F10,0xA19F40,0xA19F80,0xA19FC0,0xA19FE0,0xA1A010,0xA1A050,0xA1A930,0xA1A9F0,0xA1AAA0,0xA1AB10,0xA1ABC0,
  0xA1ABD0,0xA1AC40,0xA1AD10,0xA1AD60,0xA1AE30,0xA1AE80,0xA1AEB0,0xA1AEE0,0xA1AF10,0xA1AF50,0xA1B030,0xA1B050,
  0xA1B0C0,0xA1B120,0xA1B130,0xA1B180,0xA1B1F0,0xA1B300,0xA1B440,0xA1B470,0xA1B4A0,0xA1B4F0,0xA1B540,0xA1B590,
  0xA1B640,0xA1B6F0,0xA1B790,0xA1B840,0xA1B8F0,0xA1B990,0xA1B9A0,0xA1BA00,0xA1BA40,0xA1BB30,0xA1BBF0,0xA1BD30,
  0xA1BF60,0xA1C010,0xA1C0A0,0xA1C190,0xA1C240,0xA1C2D0,0xA1C360,0xA1C5E0,0xA1C7C0,0xA1C940,0xA1CA50,0xA1CAF0,
  0xA1CBA0,0xA1CCE0,0xA1CD20,0xA1CF60,0xA1CF90,0xA1CFE0,0xA1D120,0xA1D2B0,0xA1D500,0xA1D530,0xA1D560,0xA1D5A0,
  0xA1D5C0,0xA1D5D0,0xA1D6E0,0xA1D700,0xA1D720,0xA1D740,0xA1D790,0xA1D7D0,0xA1D810,0xA1D870,0xA1D8C0,0xA1D930,
  0xA1D9C0,0xA1DA10,0xA1DAB0,0xA1DB50,0xA1DBF0,0xA1DCE0,0xA1DDA0,0xA1DE40,0xA1DE70,0xA1DED0,0xA1DEE0,0xA1DEF0,
  0xA1DF30,0xA1DF50,0xA1DF90,0xA1DFC0,0xA1E010,0xA1E050,0xA1E090,0xA1E0F0,0xA1E110,0xA1E140,0xA1E190,0xA1E1F0,
  0xA1E280,0xA1E2C0,0xA1E320,0xA1E370,0xA1E400,0xA1E470,0xA1E490,0xA1E4A0,0xA1E520,0xA1E540,0xA1E550,0xA1E590,
  0xA1E5C0,0xA1E5F0,0xA1E620,0xA1E650,0xA1E690,0xA1E6D0,0xA1E820,0xA1E8A0,0xA1E920,0xA1E960,0xA1E9B0,0xA1E9E0,
  0xA1E9F0,0xA1EA50,0xA1EAD0,0xA1EB00,0xA1EB30,0xA1EB80,0xA1EBD0,0xA1EBF0,0xA1EC20,0xA1EC60,0xA1ECF0,0xA1EE50,
  0xA1EF40,0xA1EFF0,0xA1F120,0xA1F190,0xA1F1D0,0xA1F210,0xA1F270,0xA1F2D0,0xA1F330,0xA1F370,0xA1F3B0,0xA1F400,
  0xA1F450,0xA1F480,0xA1F549,0xA1F566,0xA1F5A6,0xA1F5B9,0xA1F651,0xA1F67D,0xA1F6A9,0xA1F6EA,0xA1F72B,0xA1F757,
  0xA1F783,0xA1F7C4,0xA1F805,0xA1F831,0xA1F85D,0xA1F889,0xA1F8B5,0xA1F933,0xA1F98B,0xA1F9C2,0xA1FAB5,0xA1FB5F,
  0xA1FB84,0xA1FC7E,0xA1FD80,0xA1FEA0,0xA1FF33,0xA2004E,0xA200A3,0xA2013E,0xA20149,0xA201CA,0xA20229,0xA2027D,
  0xA202DA,0xA20309,0xA203D6,0xA2048D,0xA20591,0xA205AD,0xA205DA,0xA20615,0xA20687,0xA206A3,0xA206B9,0xA206EF,
  0xA207B3,0xA207F4,0xA2082A,0xA20845,0xA20860,0xA20962,0xA2099B,0xA209DF,0xA209FF,0xA20AE2,0xA20B26,0xA20C3F,
  0xA20C5B,0xA20C9B,0xA20CE4,0xA20D16,0xA20D4F,0xA20D79,0xA20DD0,0xA20E79,0xA20E98,0xA20EDC,0xA20F32,0xA20F4E,
  0xA20FCE,0xA2111A,0xA211AE,0xA211DF,0xA2124A,0xA21255,0xA21284,0xA212C8,0xA212E2,0xA2135E,0xA2147C,0xA214B0,
  0xA214E1,0xA21515,0xA21549,0xA2157C,0xA215AF,0xA215E7,0xA2161A,0xA2164E,0xA21682,0xA216BF,0xA216F4,0xA21739,
  0xA21770,0xA217CA,0xA2180A,0xA21848,0xA2187C,0xA218C8,0xA21902,0xA21940,0xA21985,0xA219D1,0xA21A0B,0xA21A87,
  0xA21AC7,0xA21B13,0xA21BC5,0xA21BFB,0xA21C17,0xA21CA5,0xA22DF0,0xA22E10,0xA22E20,0xA22E40,0xA22E90,0xA22F10,
  0xA22F30,0xA22FF0,0xA23030,0xA23090,0xA230C0,0xA230F0,0xA23120,0xA23150,0xA231C0,0xA23200,0xA23220,0xA23260,
  0xA23450,0xA23620,0xA236B0,0xA23730,0xA23920,0xA23970,0xA239F0,0xA23AB0,0xA23E00,0xA23FF0,0xA240E0,0xA24120,
  0xA24170,0xA24180,0xA241A0,0xA241E0,0xA24200,0xA242B0,0xA242C0,0xA242D0,0xA242E0,0xA24310,0xA24330,0xA24340,
  0xA24370,0xA24440,0xA24460,0xA24470,0xA24490,0xA24510,0xA24590,0xA24620,0xA24690,0xA246B0,0xA246E0,0xA24710,
  0xA24730,0xA247A0,0xA247B0,0xA24800,0xA24970,0xA249F0,0xA24A70,0xA24AD0,0xA24B30,0xA24BA0,0xA24BB0,0xA24BC0,
  0xA24BD0,0xA24BE0,0xA24BF0,0xA24C00,0xA24C10,0xA24C20,0xA24C30,0xA24C40,0xA24C50,0xA24C60,0xA24C70,0xA24C80,
  0xA24C90,0xA24CA0,0xA24CB0,0xA24CC0,0xA24CD0,0xA24CE0,0xA24CF0,0xA24D00,0xA24D10,0xA24D20,0xA24D30,0xA24D40,
  0xA24D50,0xA24E80,0xA24F50,0xA25320,0xA25400,0xA25460,0xA254D0,0xA25510,0xA255C0,0xA25630,0xA257C0,0xA25800,
  0xA25950,0xA25B20,0xA25C50,0xA25F30,0xA26000,0xA260F0,0xA26190,0xA26470,0xA26BD0,0xA26DC0,0xA26E40,0xA26EA0,
  0xA26EC0,0xA26F30,0xA26F40,0xA26FA0,0xA26FD0,0xA27040,0xA270A0,0xA27110,0xA271C0,0xA27220,0xA27320,0xA27420,
  0xA276C0,0xA276F0,0xA27700,0xA27730,0xA27740,0xA27790,0xA277B0,0xA277E0,0xA27800,0xA27820,0xA27830,0xA27850,
  0xA27860,0xA27870,0xA278A0,0xA278C0,0xA278F0,0xA27930,0xA27970,0xA279E0,0xA27A40,0xA27A80,0xA27AC0,0xA27AF0,
  0xA27BC0,0xA27C70,0xA27CC0,0xA27D10,0xA27D20,0xA27D30,0xA27DA0,0xA27DB0,0xA27DC0,0xA27E10,0xA27E50,0xA27EA0,
  0xA27EB0,0xA27EC0,0xA27ED0,0xA27F10,0xA27F70,0xA28170,0xA282B0,0xA28470,0xA28610,0xA28750,0xA289F0,0xA28A00,
  0xA28A20,0xA28A30,0xA28A40,0xA28A50,0xA28A60,0xA28A70,0xA28A80,0xA28B00,0xA28B60,0xA28BC0,0xA28C20,0xA28C90,
  0xA28CF0,0xA28D00,0xA28D20,0xA28D70,0xA28D80,0xA28D90,0xA28E70,0xA28F00,0xA28F10,0xA28F40,0xA28F50,0xA28FB0,
  0xA29060,0xA290D0,0xA290E0,0xA290F0,0xA29100,0xA29130,0xA29180,0xA291A0,0xA291E0,0xA29230,0xA29250,0xA292A0,
  0xA29300,0xA29370,0xA29390,0xA293D0,0xA29400,0xA29420,0xA29460,0xA29490,0xA294D0,0xA29500,0xA29550,0xA29570,
  0xA29590,0xA295B0,0xA295C0,0xA295E0,0xA295F0,0xA29650,0xA296A0,0xA29700,0xA29750,0xA29770,0xA29790,0xA297B0,
  0xA297D0,0xA29800,0xA29810,0xA29820,0xA29830,0xA29870,0xA298A0,0xA298B0,0xA29910,0xA29920,0xA29940,0xA29960,
  0xA29990,0xA299B0,0xA299D0,0xA29A00,0xA29A20,0xA29A40,0xA29A60,0xA29A80,0xA29AA0,0xA29AD0,0xA29B20,0xA29B70,
  0xA29BA0,0xA29BD0,0xA29D50,0xA29D60,0xA29D90,0xA29DB0,0xA29E20,0xA29E40,0xA29F10,0xA29F60,0xA29FB0,0xA2A020,
  0xA2A0C0,0xA2A0E0,0xA2A100,0xA2A130,0xA2A150,0xA2A1D0,0xA2A250,0xA2A2F0,0xA2A350,0xA2A370,0xA2A3D0,0xA2A430,
  0xA2A460,0xA2A480,0xA2A4D0,0xA2A590,0xA2A600,0xA2A640,0xA2A660,0xA2A680,0xA2A690,0xA2A6D0,0xA2A710,0xA2A750,
  0xA2A770,0xA2A7D0,0xA2A840,0xA2A860,0xA2A8B0,0xA2A910,0xA2AA00,0xA2AA30,0xA2AAF0,0xA2AB40,0xA2ABD0,0xA2AC60,
  0xA2AE90,0xA2AF10,0xA2AF70,0xA2AFC0,0xA2B050,0xA2B130,0xA2B220,0xA2B240,0xA2B2E0,0xA2B330,0xA2B3F0,0xA2B440,
  0xA2B520,0xA2B650,0xA2B720,0xA2B770,0xA2B7C0,0xA2BEF0,0xA2C060,0xA2C1B0,0xA2C380,0xA2C4F0,0xA2C620,0xA2C700,
  0xA2C7F0,0xA2C910,0xA2C9D0,0xA2CA40,0xA2CA90,0xA2CBA0,0xA2CBE0,0xA2CCC0,0xA2CDB0,0xA2CDD0,0xA2CE70,0xA2CF00,
  0xA2CF30,0xA2CF80,0xA2CFA0,0xA2CFF0,0xA2D0F0,0xA2D140,0xA2D240,0xA2D260,0xA2D2E0,0xA2D380,0xA2D3F0,0xA2D460,
  0xA2D480,0xA2D4D0,0xA2D4F0,0xA2D510,0xA2D530,0xA2D580,0xA2D5A0,0xA2D5E0,0xA2D660,0xA2D670,0xA2D680,0xA2D6B0,
  0xA2D770,0xA2D7B0,0xA2D7E0,0xA2D810,0xA2D830,0xA2D8B0,0xA2D8E0,0xA2D930,0xA2DA70,0xA2DAE0,0xA2DB60,0xA2DBC0,
  0xA2DC20,0xA2DC80,0xA2DC90,0xA2DCA0,0xA2DCB0,0xA2DCD0,0xA2DD10,0xA2DDE0,0xA2DE60,0xA2DEA0,0xA2DF50,0xA2DFC0,
  0xA2E040,0xA2E060,0xA2E0D0,0xA2E170,0xA2E190,0xA2E1C0,0xA2E2F0,0xA2E400,0xA2E530,0xA2E570,0xA2E5E0,0xA2E600,
  0xA2E780,0xA2E8E0,0xA2E9F0,0xA2EA10,0xA2EA20,0xA2EA40,0xA2EA90,0xA2EAE0,0xA2EBD0,0xA2EBE0,0xA2EC10,0xA2EC80,
  0xA2ECB0,0xA2ED30,0xA2ED50,0xA2ED90,0xA2EDE0,0xA2EE00,0xA2EE20,0xA2EFA0,0xA2F000,0xA2F0E0,0xA2F170,0xA2F1C0,
  0xA2F230,0xA2F260,0xA2F2B0,0xA2F320,0xA2F390,0xA2F3A0,0xA2F3C0,0xA2F3F0,0xA2F410,0xA2F430,0xA2F460,0xA2F470,
  0xA2F480,0xA2F4B0,0xA2F540,0xA2F5D0,0xA2F650,0xA2F6B0,0xA2F700,0xA2F720,0xA2F740,0xA2F760,0xA2F880,0xA2F9C0,
  0xA2FA00,0xA2FA20,0xA2FA40,0xA2FA90,0xA2FAC0,0xA2FAE0,0xA2FB20,0xA2FB80,0xA2FBE0,0xA2FC30,0xA2FC80,0xA2FCC0,
  0xA2FD70,0xA2FDD0,0xA2FE20,0xA2FED0,0xA2FF60,0xA2FF90,0xA2FFB0,0xA30010,0xA30070,0xA300D0,0xA30200,0xA30230,
  0xA30290,0xA302F0,0xA30330,0xA30350,0xA30480,0xA30550,0xA306A0,0xA30820,0xA30980,0xA30B80,0xA30D30,0xA30E90,
  0xA31000,0xA31170,0xA313D0,0xA314C0,0xA31700,0xA31750,0xA31800,0xA318B0,0xA31930,0xA31950,0xA31970,0xA31990,
  0xA319A0,0xA319C0,0xA319F0,0xA31A00,0xA31A30,0xA31A90,0xA31AF0,0xA31B40,0xA31B60,0xA31BD0,0xA31BF0,0xA31C50,
  0xA31C70,0xA31C90,0xA31CC0,0xA31CE0,0xA31D40,0xA31DA0,0xA31E00,0xA31E50,0xA31EC0,0xA31FF0,0xA32150,0xA32470,
  0xA32760,0xA32880,0xA329C0,0xA329F0,0xA32A30,0xA32A50,0xA32AD0,0xA32B00,0xA32B30,0xA32B40,0xA32B70,0xA32B90,
  0xA32C10,0xA32C30,0xA32C40,0xA32C60,0xA32C80,0xA32CA0,0xA32CC0,0xA32CE0,0xA32D00,0xA32D20,0xA32D40,0xA32D60,
  0xA32D80,0xA32DA0,0xA32DC0,0xA32DE0,0xA32E00,0xA32E20,0xA32E40,0xA32E50,0xA32E70,0xA32EE0,0xA32FC0,0xA33070,
  0xA33090,0xA330C0,0xA33190,0xA331F0,0xA33250,0xA332B0,0xA332D0,0xA332F0,0xA33310,0xA33330,0xA33360,0xA33390,
  0xA333C0,0xA333F0,0xA33480,0xA33510,0xA33570,0xA335D0,0xA335E0,0xA33770,0xA33900,0xA33910,0xA33930,0xA33940,
  0xA33970,0xA339B0,0xA33BB0,0xA33BE0,0xA33C40,0xA33C70,0xA33CA0,0xA33CF0,0xA33D20,0xA33D40,0xA33D50,0xA33D60,
  0xA33D90,0xA33DB0,0xA33DE0,0xA33E10,0xA33E20,0xA33E50,0xA33E60,0xA33ED0,0xA33F10,0xA33F40,0xA33F80,0xA33FA0,
  0xA34060,0xA34080,0xA340B0,0xA340E0,0xA340F0,0xA34110,0xA341D0,0xA341E0,0xA34210,0xA342A0,0xA342E0,0xA34330,
  0xA34370,0xA34380,0xA343A0,0xA34400,0xA34420,0xA34450,0xA34510,0xA34550,0xA34580,0xA345C0,0xA346D0,0xA346F0,
  0xA34720,0xA347A0,0xA347F0,0xA34850,0xA34890,0xA348D0,0xA34910,0xA34950,0xA34A50,0xA34A80,0xA34B50,0xA34B60,
  0xA34B70,0xA34B80,0xA34B90,0xA34BB0,0xA34C10,0xA34C30,0xA34CD0,0xA34CF0,0xA34D10,0xA34D40,0xA34D50,0xA34E40,
  0xA34EF0,0xA34FB0,0xA35080,0xA35150,0xA351A0,0xA35280,0xA352F0,0xA35340,0xA353B0,0xA35410,0xA35430,0xA35510,
  0xA35720,0xA35830,0xA35980,0xA35EB0,0xA35F30,0xA35FB0,0xA360E0,0xA36110,0xA36130,0xA361A0,0xA363A0,0xA36500,
  0xA371B0,0xA372A0,0xA37320,0xA37E00,0xA37E50,0xA383B0,0xA38430,0xA384B0,0xA38A80,0xA38AD0,0xA38D60,0xA38FF0,
  0xA39010,0xA39020,0xA39030,0xA39040,0xA39050,0xA39060,0xA39070,0xA39090,0xA390C0,0xA390F0,0xA39120,0xA391C0,
  0xA391D0,0xA391E0,0xA39260,0xA39290,0xA392E0,0xA39300,0xA39340,0xA39380,0xA393C0,0xA39400,0xA39420,0xA39450,
  0xA39490,0xA394C0,0xA394F0,0xA39530,0xA39570,0xA395A0,0xA395B0,0xA395E0,0xA39610,0xA39640,0xA39670,0xA396D0,
  0xA39730,0xA39770,0xA397B0,0xA39810,0xA398B0,0xA398E0,0xA398F0,0xA39920,0xA39980,0xA399E0,0xA39A60,0xA39AE0,
  0xA39B40,0xA39B60,0xA39BC0,0xA39BE0,0xA39C20,0xA39C60,0xA39CD0,0xA39D40,0xA39D80,0xA39DC0,0xA39DE0,0xA39E20,
  0xA39E40,0xA39E80,0xA39EC0,0xA39FD0,0xA3A050,0xA3A0D0,0xA3A130,0xA3A190,0xA3A1E0,0xA3A220,0xA3A260,0xA3A2A0,
  0xA3A320,0xA3A3A0,0xA3A410,0xA3A460,0xA3A4B0,0xA3A4D0,0xA3A4F0,0xA3A5D0,0xA3A6B0,0xA3A700,0xA3A750,0xA3A7A0,
  0xA3A7D0,0xA3A810,0xA3A860,0xA3AB00,0xA3AB20,0xA3AB50,0xA3AB70,0xA3ABA0,0xA3ABD0,0xA3AC20,0xA3AC70,0xA3AD10,
  0xA3AD30,0xA3ADA0,0xA3AE10,0xA3AEB0,0xA3AF50,0xA3B040,0xA3B060,0xA3B070,0xA3B080,0xA3B0A0,0xA3B140,0xA3B220,
  0xA3B2E0,0xA3B370,0xA3B420,0xA3B450,0xA3B4E0,0xA3B580,0xA3B610,0xA3B660,0xA3B6D0,0xA3B720,0xA3B780,0xA3B810,
  0xA3B850,0xA3B880,0xA3B8A0,0xA3B8F0,0xA3B900,0xA3B930,0xA3BA30,0xA3BB50,0xA3BBB0,0xA3BCC0,0xA3BD20,0xA3BDB0,
  0xA3C4E0,0xA3C6F0,0xA3C7D0,0xA3C8CD,0xA3C8FB,0xA3C8FF,0xA3C914,0xA3C952,0xA3C9C6,0xA3C9DE,0xA3CA05,0xA3CA57,
  0xA3CA6E,0xA3CB4D,0xA3CB98,0xA3CC90,0xA3CC96,0xA3CC9C,0xA3CCA2,0xA3CCA8,0xA3CCAE,0xA3CCB4,0xA3CCBA,0xA3CCC0,
  0xA3CCC6,0xA3CCCC,0xA3CCD2,0xA3CCD8,0xA3CCDE,0xA3CCE4,0xA3CCEA,0xA3CCF0,0xA3CCF6,0xA3CCFC,0xA3CD02,0xA3CD08,
  0xA3CD14,0xA3CD4F,0xA3CD70,0xA3CDB8,0xA3CE04,0xA3CE0A,0xA3CE22,0xA3CE51,0xA3CE75,0xA3CE80,0xA3CEC8,0xA3CEF0,
  0xA3CF10,0xA3CF16,0xA3CF22,0xA3CF28,0xA3CF2E,0xA3CF3A,0xA3CF40,0xA3CF46,0xA3CF4C,0xA3CF72,0xA3CF84,0xA3CF8A,
  0xA3CF90,0xA3CF96,0xA3CFA4,0xA3D01A,0xA3D248,0xA3D25C,0xA3D282,0xA3D288,0xA3D28E,0xA3D2D8,0xA3D2F0,0xA3D330,
  0xA3D3A0,0xA3D450,0xA3D4F0,0xA3D510,0xA3D530,0xA3D55A,0xA3D5A8,0xA3D5AE,0xA3D5BA,0xA3D5C0,0xA3D5EA,0xA3D5FC,
  0xA3D602,0xA3D608,0xA3D60E,0xA3D614,0xA3D632,0xA3D638,0xA3D644,0xA3D67A,0xA3D68C,0xA3D692,0xA3D698,0xA3D69E,
  0xA3D6B0,0xA3D6B6,0xA3D6BC,0xA3D6C2,0xA3D6C8,0xA3D6D4,0xA3D6E6,0xA3D6EC,0xA3D70A,0xA3D710,0xA3D728,0xA3D72E,
  0xA3D734,0xA3D782,0xA3D79A,0xA3D7A6,0xA3D7AC,0xA3D7B8,0xA3D7EE,0xA3D82A,0xA3D854,0xA3D866,0xA3D87E,0xA3D884,
  0xA3D8BA,0xA3D8DE,0xA3D907,0xA3D90B,0xA3D91B,0xA3D92A,0xA3D930,0xA3D936,0xA3D942,0xA3D954,0xA3D960,0xA3D98D,
  0xA3D991,0xA3D9D1,0xA3D9D5,0xA3D9E8,0xA3D9EE,0xA3DA7E,0xA3DC90,0xA3EC90,0xA3EC96,0xA3EC9C,0xA3ECA2,0xA3ECA8,
  0xA3ECAE,0xA3ECB4,0xA3ECBA,0xA3ECC0,0xA3ECC6,0xA3ECCC,0xA3ECD2,0xA3ECD8,0xA3ECDE,0xA3ECE4,0xA3ECEA,0xA3ECF0,
  0xA3ECF6,0xA3ECFC,0xA3ED02,0xA3ED08,0xA3ED0E,0xA3ED14,0xA3ED1A,0xA3ED20,0xA3ED26,0xA3ED2C,0xA3ED32,0xA3ED38,
  0xA3ED3E,0xA3ED44,0xA3ED4A,0xA3ED50,0xA3ED8D,0xA3EDD1,0xA3EE1D,0xA3EE6A,0xA3EEA1,0xA3EEDA,0xA50B88,0xA68096,
  0xA680BF,0xA684E8,0xA684EE,0xA684F4,0xA684FA,0xA68500,0xA68506,0xA6850C,0xA68512,0xA68520,0xA68530,0xA685A0,
  0xA685C0,0xA68662,0xA68668,0xA687DC,0xA68880,0xA68890,0xA688A0,0xA68910,0xA68960,0xA68990,0xA68A00,0xA68A40,
  0xA68A80,0xA68AC0,0xA68AF0,0xA68B30,0xA68E84,0xA68E8A,0xA69160,0xA691B0,0xA691E0,0xA69250,0xA69270,0xA6937A,
  0xA69380,0xA69386,0xA6938C,0xA69392,0xA69398,0xA6939E,0xA693A4,0xA693AA,0xA693B0,0xA693B6,0xA693BC,0xA693C2,
  0xA693CE,0xA693D4,0xA693DA,0xA693E0,0xA693E6,0xA693EC,0xA693F2,0xA693F8,0xA693FE,0xA69404,0xA6940A,0xA69410,
  0xA69416,0xA6941C,0xA69422,0xA69428,0xA6942E,0xA69434,0xA6943A,0xA69440,0xA69446,0xA6944C,0xA69452,0xA69458,
  0xA6945E,0xA69470,0xA694E0,0xA694F0,0xA69500,0xA69560,0xA69590,0xA695F0,0xA69610,0xA69630,0xA69670,0xA696C0,
  0xA696D0,0xA69700,0xA69730,0xA69780,0xA697C0,0xA69810,0xA69840,0xA69880,0xA698C0,0xA698E0,0xA69900,0xA69B30,
  0xA69C70,0xA69C90,0xA69CF0,0xA69D20,0xA69E20,0xA69E40,0xA69E50,0xA69E70,0xA69E80,0xA69EB0,0xA69F20,0xA69FC0,
  0xA6A030,0xA6A040,0xA6A070,0xA6A090,0xA6A140,0xA6A220,0xA6A260,0xA6A2A0,0xA6A2E0,0xA6A320,0xA6A350,0xA6A380,
  0xA6A430,0xA6A4E0,0xA6A590,0xA6A5E0,0xA6A620,0xA6A650,0xA6A680,0xA6A710,0xA6A740,0xA6A770,0xA6A7C0,0xA6A7D0,
  0xA6A890,0xA6A8C0,0xA6A8F0,0xA6A900,0xA6A930,0xA6A940,0xA6A970,0xA6A9B0,0xA6A9F0,0xA6AA00,0xA6AA10,0xA6AA50,
  0xA6AA70,0xA6AAA0,0xA6AAE0,0xA6AB20,0xA6AB60,0xA6ABA0,0xA6ABE0,0xA6AC10,0xA6AC60,0xA6ACA0,0xA6ACB0,0xA6ACC0,
  0xA6ACD0,0xA6ACF0,0xA6ADD0,0xA6AE50,0xA6B020,0xA6B030,0xA6B050,0xA6B0B0,0xA6B110,0xA6B130,0xA6B1A0,0xA6B1C0,
  0xA6B1F0,0xA6B220,0xA6B250,0xA6B280,0xA6B2C0,0xA6B310,0xA6B370,0xA6B380,0xA6B390,0xA6B3B0,0xA6B3C0,0xA6B3D0,
  0xA6B3E0,0xA6B3F0,0xA6B410,0xA6B690,0xA6B6C0,0xA6B6E0,0xA6B790,0xA6B840,0xA6B860,0xA6B910,0xA6B930,0xA6B950,
  0xA6BA20,0xA6BA30,0xA6BA50,0xA6BAB0,0xA6BAC0,0xA6BAE0,0xA6BB40,0xA6BB50,0xA6BE60,0xA6BE90,0xA6BED0,0xA6BEE0,
  0xA6BF80,0xA6BF90,0xA6BFE0,0xA6C030,0xA6C0A0,0xA6C100,0xA6C110,0xA6C120,0xA6C130,0xA6C240,0xA6C370,0xA6C3A0,
  0xA6C3D0,0xA6C3E0,0xA6C3F0,0xA6C400,0xA6C410,0xA6C420,0xA6C440,0xA6C450,0xA6C470,0xA6C490,0xA6C4B0,0xA6C520,
  0xA6C530,0xA6C540,0xA6C560,0xA6C5A0,0xA6C610,0xA6C6B0,0xA6C750,0xA6C790,0xA6C7C0,0xA6C950,0xA6CAD0,0xA6CBD0,
  0xA6CC54,0xA6CC70,0xA6CCE0,0xA6D0A0,0xA6D180,0xA6D270,0xA6D3E0,0xA6D430,0xA6D7A0,0xA6D890,0xA6DA40,0xA6DB10,
  0xA6DD90,0xA6DED0,0xA6E010,0xA6E120,0xA6E500,0xA6E6A0,0xA6E7C0,0xA6E9E0,0xA6EAB0,0xA6ED00,0xA6EE00,0xA6EE80,
  0xA6EF30,0xA6F2B0,0xA6F3D0,0xA6F560,0xA6F5E0,0xA6F8E0,0xA6FBE0,0xA6FCA0,0xA6FE40,0xA70260,0xA70430,0xA70760,
  0xA707D0,0xA708D0,0xA70AE0,0xA70BC0,0xA70BE0,0xA70BF0,0xA70C10,0xA70C30,0xA70C50,0xA70C60,0xA70C70,0xA70CA0,
  0xA70CD0,0xA70D00,0xA70D70,0xA70D80,0xA70DA0,0xA70DC0,0xA70DE0,0xA70E00,0xA70EC0,0xA70ED0,0xA70EE0,0xA70F00,
  0xA70F10,0xA70F20,0xA71010,0xA710E0,0xA71100,0xA71470,0xA714A0,0xA714C0,0xA714D0,0xA714F0,0xA71520,0xA71530,
  0xA71540,0xA71550,0xA71560,0xA71570,0xA715A0,0xA71630,0xA71810,0xA71870,0xA718D0,0xA718F0,0xA71940,0xA719A0,
  0xA719F0,0xA71A40,0xA71B00,0xA71CE0,0xA71D90,0xA71FD0,0xA72040,0xA720E0,0xA72370,0xA72420,0xA724D0,0xA72500,
  0xA72530,0xA72540,0xA725F0,0xA72600,0xA72620,0xA72640,0xA72650,0xA72680,0xA726A0,0xA72730,0xA727F0,0xA728A0,
  0xA72910,0xA729B0,0xA729E0,0xA72A10,0xA72A30,0xA72A40,0xA72A50,0xA72A60,0xA72A70,0xA72A90,0xA72BB0,0xA72D00,
  0xA72E00,0xA72E40,0xA72E60,0xA72E80,0xA72EA0,0xA72EB0,0xA72EE0,0xA72F00,0xA72F40,0xA72F80,0xA72FC0,0xA73020,
  0xA73250,0xA732B0,0xA73370,0xA733D0,0xA73470,0xA73570,0xA735C0,0xA73680,0xA736B0,0xA736E0,0xA736F0,0xA73790,
  0xA737A0,0xA737D0,0xA737F0,0xA73940,0xA739C0,0xA73B60,0xA73C20,0xA73C50,0xA73C80,0xA73DC0,0xA73DD0,0xA73DE0,
  0xA73E10,0xA73EB0,0xA73F50,0xA74020,0xA74030,0xA74060,0xA74090,0xA740B0,0xA741C0,0xA742C0,0xA74330,0xA74390,
  0xA74490,0xA74690,0xA746E0,0xA74780,0xA747D0,0xA74830,0xA748F0,0xA74920,0xA74950,0xA74960,0xA749E0,0xA74A00,
  0xA74A10,0xA74A40,0xA74A70,0xA74B40,0xA74B70,0xA74BA0,0xA74C60,0xA74D40,0xA74D50,0xA74E00,0xA74F10,0xA74F60,
  0xA74F90,0xA74FA0,0xA75000,0xA75030,0xA75070,0xA75080,0xA75090,0xA750A0,0xA750C0,0xA750D0,0xA750E0,0xA750F0,
  0xA75110,0xA75120,0xA75150,0xA75170,0xA751A0,0xA751E0,0xA751F0,0xA75200,0xA75380,0xA75390,0xA753B0,0xA753C0,
  0xA754D0,0xA75510,0xA75530,0xA75560,0xA755A0,0xA755D0,0xA755E0,0xA75600,0xA75670,0xA75690,0xA75730,0xA75790,
  0xA757F0,0xA75870,0xA75880,0xA758E0,0xA758F0,0xA75900,0xA75920,0xA759B0,0xA759C0,0xA759D0,0xA759E0,0xA759F0,
  0xA75A30,0xA75A70,0xA75A90,0xA75AA0,0xA75AB0,0xA75AC0,0xA75AD0,0xA75AE0,0xA75B70,0xA75BA0,0xA75BB0,0xA75BC0,
  0xA75BD0,0xA75BE0,0xA75BF0,0xA75C00,0xA75C10,0xA75C30,0xA75CA0,0xA75CB0,0xA75CD0,0xA75CF0,0xA75D10,0xA75D30,
  0xA75DF0,0xA75E10,0xA75F60,0xA75F70,0xA75FB0,0xA75FF0,0xA76030,0xA76070,0xA76120,0xA76200,0xA762E0,0xA762F0,
  0xA763F0,0xA764A0,0xA764D0,0xA76540,0xA76610,0xA766D0,0xA76740,0xA76750,0xA767D0,0xA767E0,0xA768C0,0xA768E0,
  0xA76A10,0xA76A80,0xA76AD0,0xA76BA0,0xA76C20,0xA76C30,0xA76D60,0xA76D80,0xA76DF0,0xA76EA0,0xA76F00,0xA76F30,
  0xA76F70,0xA76FA0,0xA76FE0,0xA77010,0xA77030,0xA77080,0xA770B0,0xA770D0,0xA77120,0xA77140,0xA77170,0xA77190,
  0xA77220,0xA77270,0xA77290,0xA772B0,0xA77340,0xA773D0,0xA773E0,0xA773F0,0xA77410,0xA77420,0xA77430,0xA77440,
  0xA77450,0xA77460,0xA77500,0xA77520,0xA77540,0xA77570,0xA77590,0xA775B0,0xA775E0,0xA77700,0xA77780,0xA77790,
  0xA777F0,0xA77A70,0xA77B00,0xA77B20,0xA77B90,0xA77BD0,0xA77BE0,0xA77C30,0xA77C40,0xA77C90,0xA77CE0,0xA77D30,
  0xA77D40,0xA77DB0,0xA77DC0,0xA77E20,0xA77E90,0xA77EA0,0xA77FC0,0xA78030,0xA780B0,0xA78160,0xA78300,0xA78310,
  0xA78360,0xA78450,0xA785C0,0xA78660,0xA78700,0xA787A0,0xA787B0,0xA787C0,0xA78990,0xA78A00,0xA78A10,0xA78A60,
  0xA78A90,0xA78AC0,0xA78AD0,0xA78AE0,0xA78AF0,0xA78B50,0xA78BE0,0xA78CE0,0xA78D10,0xA78D50,0xA78D70,0xA78D90,
  0xA78EE0,0xA78F00,0xA79030,0xA790D0,0xA79140,0xA79150,0xA79160,0xA79180,0xA791A0,0xA79230,0xA79260,0xA79270,
  0xA79290,0xA792C0,0xA792E0,0xA792F0,0xA79300,0xA79310,0xA79320,0xA79330,0xA79340,0xA79350,0xA79360,0xA79370,
  0xA79380,0xA79390,0xA793B0,0xA793E0,0xA793F0,0xA79420,0xA79450,0xA79480,0xA79660,0xA79680,0xA79690,0xA79740,
  0xA79750,0xA79780,0xA797E0,0xA79830,0xA79840,0xA79850,0xA79880,0xA79890,0xA798A0,0xA798D0,0xA798F0,0xA79930,
  0xA79950,0xA79A40,0xA79BE0,0xA79C40,0xA79CD0,0xA79D10,0xA79D50,0xA79DA0,0xA79DC0,0xA79E10,0xA79EE0,0xA79F90,
  0xA7A260,0xA7A400,0xA7A4D0,0xA7A520,0xA7A550,0xA7A5A0,0xA7A5D0,0xA7A660,0xA7A760,0xA7A870,0xA7A8E0,0xA7A8F0,
  0xA7A900,0xA7A930,0xA7A940,0xA7A9A0,0xA7A9D0,0xA7AA10,0xA7AB20,0xA7AB60,0xA7AB80,0xA7ABD0,0xA7ABE0,0xA7ABF0,
  0xA7AC00,0xA7AC80,0xA7AD20,0xA7ADA0,0xA7AF00,0xA7AF20,0xA7AF40,0xA7AF70,0xA7AFA0,0xA7AFB0,0xA7AFC0,0xA7AFE0,
  0xA7B010,0xA7B040,0xA7B050,0xA7B060,0xA7B090,0xA7B0B0,0xA7B150,0xA7B200,0xA7B220,0xA7B2F0,0xA7B320,0xA7B350,
  0xA7B600,0xA7B680,0xA7B720,0xA7B780,0xA7B7C0,0xA7B890,0xA7B940,0xA7BA20,0xA7BA80,0xA7BB00,0xA7BB40,0xA7BBD0,
  0xA7BC60,0xA7BCC0,0xA7BCE0,0xA7BD10,0xA7BD20,0xA7BD60,0xA7BD90,0xA7BDC0,0xA7BDD0,0xA7BDF0,0xA7BE10,0xA7BE20,
  0xA7BE30,0xA7BE50,0xA7BE60,0xA7BE70,0xA7BE80,0xA7BEB0,0xA7C0C0,0xA7C0D0,0xA7C140,0xA7C190,0xA7C200,0xA7C270,
  0xA7C370,0xA7C3A0,0xA7C3C0,0xA7C460,0xA7C4C0,0xA7C4E0,0xA7C600,0xA7C760,0xA7C7A0,0xA7CA60,0xA7CB40,0xA7CBE0,
  0xA7CC90,0xA7CCC0,0xA7CD20,0xA7CD60,0xA7CDF0,0xA7CEA0,0xA7CED0,0xA7CEF0,0xA7CF10,0xA7D0C0,0xA7D0F0,0xA7D150,
  0xA7D160,0xA7D1A0,0xA7D1D0,0xA7D200,0xA7D210,0xA7D230,0xA7D250,0xA7D260,0xA7D270,0xA7D290,0xA7D2A0,0xA7D2B0,
  0xA7D3A0,0xA7D4A0,0xA7D500,0xA7D620,0xA7D710,0xA7D740,0xA7D770,0xA7D7F0,0xA7D890,0xA7D9D0,0xA7DA00,0xA7DB50,
  0xA7DC80,0xA7DD90,0xA7E0B0,0xA7E0E0,0xA7E110,0xA7E220,0xA7E430,0xA7E440,0xA7E480,0xA7E540,0xA7E750,0xA7E850,
  0xA7E8A0,0xA7E8F0,0xA7E9B0,0xA7EAB0,0xA7EC30,0xA7EC50,0xA7ECD0,0xA7ED30,0xA7EE00,0xA7EEE0,0xA7EF70,0xA7EFC0,
  0xA7F040,0xA7F070,0xA7F190,0xA7F1B0,0xA7F2B0,0xA7F330,0xA7F480,0xA7F620,0xA7F660,0xA7F680,0xA7F700,0xA7F720,
  0xA7F760,0xA7F930,0xA7F950,0xA7F9C0,0xA7FA90,0xA7FBC0,0xA7FC20,0xA7FC90,0xA7FD00,0xA7FD80,0xA7FE40,0xA7FEE0,
  0xA80000,0xA801C0,0xA801E0,0xA80250,0xA80380,0xA80490,0xA804C0,0xA80540,0xA80550,0xA80570,0xA805A0,0xA805C0,
  0xA80620,0xA806B0,0xA806D0,0xA80710,0xA80760,0xA80770,0xA807B0,0xA807E0,0xA807F0,0xA80800,0xA80810,0xA80820,
  0xA80830,0xA808F0,0xA809A0,0xA809C0,0xA80A00,0xA80A20,0xA80A60,0xA80B40,0xA80B80,0xA80C70,0xA80CB0,0xA80D10,
  0xA80DC0,0xA80DE0,0xA80E10,0xA80EA0,0xA80F90,0xA81080,0xA81180,0xA81190,0xA811A0,0xA811B0,0xA811C0,0xA811D0,
  0xA811E0,0xA811F0,0xA81200,0xA81210,0xA81220,0xA81230,0xA81240,0xA81250,0xA81260,0xA81270,0xA812C0,0xA812D0,
  0xA812E0,0xA812F0,0xA81300,0xA81310,0xA81320,0xA81330,0xA81340,0xA81360,0xA81370,0xA813B0,0xA813F0,0xA81410,
  0xA81430,0xA81440,0xA81450,0xA81470,0xA81480,0xA814A0,0xA814C0,0xA814D0,0xA814E0,0xA81510,0xA81530,0xA81580,
  0xA815A0,0xA815F0,0xA81610,0xA816E0,0xA81780,0xA817D0,0xA817F0,0xA81810,0xA81840,0xA81860,0xA818A0,0xA818E0,
  0xA81940,0xA819A0,0xA819C0,0xA81A20,0xA81A70,0xA81AF0,0xA81B40,0xA81B50,0xA81BA0,0xA81BB0,0xA81C20,0xA81E30,
  0xA81F00,0xA81F70,0xA81F90,0xA82020,0xA82060,0xA820C0,0xA820D0,0xA820E0,0xA820F0,0xA82100,0xA82110,0xA82120,
  0xA82130,0xA82140,0xA82170,0xA82180,0xA82190,0xA821A0,0xA821D0,0xA821E0,0xA821F0,0xA82220,0xA82240,0xA82270,
  0xA82310,0xA82330,0xA82370,0xA823D0,0xA82410,0xA82500,0xA82540,0xA82580,0xA825E0,0xA82630,0xA82640,0xA82650,
  0xA826B0,0xA826C0,0xA826D0,0xA826E0,0xA826F0,0xA82700,0xA82710,0xA82720,0xA82780,0xA82790,0xA827B0,0xA827E0,
  0xA82810,0xA82870,0xA82890,0xA82930,0xA82970,0xA829B0,0xA829D0,0xA829F0,0xA82A20,0xA82A30,0xA82A80,0xA82AB0,
  0xA82AE0,0xA82B20,0xA82B70,0xA82B80,0xA82B90,0xA82BD0,0xA82BE0,0xA82BF0,0xA82C00,0xA82C30,0xA82C50,0xA82C80,
  0xA82CC0,0xA82D30,0xA82D40,0xA82D90,0xA82DE0,0xA82E00,0xA82E20,0xA82E70,0xA82FC0,0xA83080,0xA83240,0xA83250,
  0xA83260,0xA832A0,0xA832E0,0xA832F0,0xA83300,0xA83310,0xA83320,0xA83330,0xA83360,0xA83410,0xA83440,0xA83450,
  0xA83460,0xA83470,0xA834E0,0xA83520,0xA83560,0xA835D0,0xA83630,0xA836B0,0xA83740,0xA837E0,0xA838A0,0xA83930,
  0xA839D0,0xA83A50,0xA83A70,0xA83D50,0xA83DC0,0xA83E90,0xA83F90,0xA83FF0,0xA84070,0xA840C0,0xA84100,0xA84130,
  0xA84180,0xA84290,0xA84370,0xA84420,0xA845D0,0xA84660,0xA85100,0xA851E0,0xA85350,0xA85360,0xA85450,0xA85570,
  0xA855B0,0xA856A0,0xA857B0,0xA859B0,0xA85B90,0xA85D80,0xA85DF0,0xA85F40,0xA86000,0xA86010,0xA86020,0xA86030,
  0xA86090,0xA860D0,0xA86120,0xA86150,0xA86180,0xA861A0,0xA861C0,0xA862A0,0xA86320,0xA86430,0xA865D0,0xA86630,
  0xA86730,0xA86790,0xA867B0,0xA86830,0xA87090,0xA87240,0xA87400,0xA87540,0xA875D0,0xA87620,0xA87640,0xA87660,
  0xA87680,0xA87720,0xA877D0,0xA87830,0xA878C0,0xA87A10,0xA87C00,0xA87CD0,0xA87E60,0xA87EE0,0xA87F10,0xA87F40,
  0xA882C0,0xA88350,0xA88380,0xA884F0,0xA88520,0xA88560,0xA88570,0xA88590,0xA885A0,0xA885B0,0xA885C0,0xA885E0,
  0xA88750,0xA88760,0xA88770,0xA88790,0xA887A0,0xA887C0,0xA88810,0xA88880,0xA888A0,0xA888B0,0xA888E0,0xA888F0,
  0xA88910,0xA88940,0xA88A90,0xA88AC0,0xA88AD0,0xA88B00,0xA88B40,0xA88BC0,0xA88BE0,0xA88C00,0xA88C40,0xA88C80,
  0xA88D30,0xA88DF0,0xA88F60,0xA89030,0xA89130,0xA89150,0xA892C0,0xA89320,0xA89380,0xA893B0,0xA89400,0xA895D0,
  0xA89820,0xA89890,0xA89A30,0xA89A70,0xA89D40,0xA89EB0,0xA89FF0,0xA8A2B0,0xA8A410,0xA8A460,0xA8A570,0xA8A5E0,
  0xA8A6B0,0xA8A780,0xA8A900,0xA8A930,0xA8AA10,0xA8AC30,0xA8AC80,0xA8ACA0,0xA8ACD0,0xA8AD80,0xA8ADE0,0xA8B090,
  0xA8B0B0,0xA8B0E0,0xA8BFC0,0xA8C320,0xA8C590,0xA8D1C0,0xA8D250,0xA8D2F0,0xA8D3D0,0xA8D4C0,0xA8D560,0xA8D5B0,
  0xA8D680,0xA8D820,0xA8D8C0,0xA8D910,0xA8D9B0,0xA8DBA0,0xA8DBF0,0xA8DC60,0xA8DDF0,0xA8DE30,0xA8DF30,0xA8DF60,
  0xA8DF80,0xA8E040,0xA8E070,0xA8E100,0xA8E130,0xA8E210,0xA8E2F0,0xA8E660,0xA8EAB0,0xA8EB20,0xA8EB80,0xA8ED00,
  0xA8ED30,0xA8EDB0,0xA8EE30,0xA8EF30,0xA8F000,0xA8F060,0xA8F160,0xA8F180,0xA8F1D0,0xA8F770,0xA8F960,0xA8FA00,
  0xA8FAA0,0xA8FB00,0xA8FBE0,0xA8FC50,0xA8FC90,0xA8FD50,0xA90C20,0xA90DB0,0xA90E00,0xA90F40,0xA912E0,0xA91470,
  0xA914F0,0xA91500,0xA91510,0xA91520,0xA91530,0xA915D0,0xA91910,0xA919A0,0xA91A50,0xA91E50,0xA91F50,0xA921F0,
  0xA922C0,0xA92900,0xA92A00,0xA92C00,0xA92D30,0xA932F0,0xA933B0,0xA933F0,0xA934C0,0xA935D0,0xA93670,0xA93680,
  0xA93920,0xA93930,0xA93A60,0xA93A80,0xA93B50,0xA93BC0,0xA93C50,0xA93C70,0xA93CA0,0xA93CD0,0xA93D00,0xA93EE0,
  0xA93F00,0xA93F90,0xA93FD0,0xA94000,0xA94020,0xA94030,0xA94090,0xA940F0,0xA94150,0xA94170,0xA94330,0xA943A0,
  0xA94990,0xA94AD0,0xA94BA0,0xA94C10,0xA94DA0,0xA94E10,0xA94F30,0xA95120,0xA95140,0xA951D0,0xA95220,0xA952B0,
  0xA95360,0xA95390,0xA953B0,0xA953C0,0xA95410,0xA95460,0xA954C0,0xA954E0,0xA956E0,0xA95780,0xA957E0,0xA958C0,
  0xA95970,0xA959D0,0xA95BD0,0xA95C50,0xA95D90,0xA95EB0,0xA960C0,0xA96150,0xA96220,0xA96290,0xA96540,0xA96820,
  0xA96A20,0xA96A40,0xA96AA0,0xA96B90,0xA96C60,0xA96D30,0xA96D70,0xA96DF0,0xA96E40,0xA96E60,0xA96E70,0xA96EF0,
  0xA96F70,0xA96FD0,0xA96FF0,0xA97270,0xA97760,0xA98030,0xA98130,0xA98250,0xA982F0,0xA98410,0xA98650,0xA98700,
  0xA98820,0xA988E0,0xA98950,0xA989C0,0xA98C20,0xA98CC0,0xA98E90,0xA98F30,0xA991C0,0xA99260,0xA99550,0xA99B80,
  0xA99F90,0xA99FE0,0xA9A1F0,0xA9A2D0,0xA9A370,0xA9A440,0xA9A4F0,0xA9A650,0xA9A770,0xA9A900,0xA9AA40,0xA9AA50,
  0xA9AC30,0xA9AC40,0xA9B330,0xA9B3C0,0xA9B460,0xA9B540,0xA9B5E0,0xA9B600,0xA9B670,0xA9B690,0xA9B8B0,0xA9B970,
  0xA9B9D2,0xA9B9D8,0xA9B9DE,0xA9B9E4,0xA9B9EA,0xA9B9F0,0xA9B9F6,0xA9B9FC,0xA9BA02,0xA9BA08,0xA9BA0E,0xA9BA14,
  0xA9BA1A,0xA9BA20,0xA9BABC,0xA9BAC2,0xA9BAC8,0xA9BB70,0xA9BB7C,0xA9BFD0,0xA9BFF0,0xA9C000,0xA9C030,0xA9C050,
  0xA9C070,0xA9C080,0xA9C0A0,0xA9C100,0xA9C140,0xA9C2A0,0xA9C2F0,0xA9C300,0xA9C3D0,0xA9C440,0xA9C470,0xA9C490,
  0xA9C4D0,0xA9C540,0xA9C570,0xA9C650,0xA9C6C0,0xA9C700,0xA9C770,0xA9C820,0xA9C890,0xA9CEC0,0xA9CED0,0xA9CF10,
  0xA9CF30,0xA9CF40,0xA9CF70,0xA9CFC0,0xA9CFF0,0xA9D010,0xA9D020,0xA9D040,0xA9D060,0xA9D070,0xA9D090,0xA9D0C0,
  0xA9D0F0,0xA9D140,0xA9D170,0xA9D1C0,0xA9D240,0xA9D250,0xA9D270,0xA9D2F0,0xA9D370,0xA9D390,0xA9D410,0xA9D430,
  0xA9D480,0xA9D490,0xA9D4C0,0xA9D4F0,0xA9D610,0xA9D850,0xA9D9B0,0xA9D9F0,0xA9DAC0,0xA9DAF0,0xA9DB60,0xA9DBA0,
  0xA9DCD0,0xA9DD10,0xA9DE20,0xA9DE50,0xA9DE70,0xA9DEA0,0xA9DED0,0xA9DEE0,0xA9DEF0,0xA9DFE0,0xA9E060,0xA9E0A0,
  0xA9E220,0xA9E310,0xA9E330,0xA9E4C0,0xA9E4E0,0xA9E4F0,0xA9E5C0,0xA9E740,0xA9E7F0,0xA9E8A0,0xA9E8C0,0xA9E8F0,
  0xA9ED40,0xA9ED90,0xA9EE00,0xA9EE30,0xA9EEF0,0xA9EF50,0xA9F0E0,0xA9F190,0xA9F2F0,0xA9F350,0xA9F390,0xA9F4C0,
  0xA9FEF0,0xAA0440,0xAA0620,0xAA06F0,0xAA0780,0xAA08F0,0xAA0960,0xAA0A00,0xAA0B70,0xAA15A0,0xAA16E0,0xAA1740,
  0xAA17E0,0xAA19A0,0xAA1A00,0xAA1A40,0xAA1A80,0xAA2700,0xAA2780,0xAA27C0,0xAA27E0,0xAA2830,0xAA2860,0xAA28A0,
  0xAA29B0,0xAA29C0,0xAA29E0,0xAA2A00,0xAA2A20,0xAA2A40,0xAA2A60,0xAA2A70,0xAA2A80,0xAA2AA0,0xAA2AC0,0xAA2AE0,
  0xAA2BD0,0xAA2C00,0xAA2C70,0xAA2F00,0xAA2FC0,0xAA3170,0xAA31E0,0xAA3270,0xAA33E0,0xAA3570,0xAA3780,0xAA3AF0,
  0xAA3EE0,0xAA3F60,0xAA41E0,0xAA43D0,0xAA4400,0xAA4450,0xAA44A0,0xAA45A0,0xAA45C0,0xAA49C0,0xAA4A50,0xAA4B20,
  0xAA4B50,0xAA4B70,0xAA4C30,0xAA4C60,0xAA4C80,0xAA4C90,0xAA4CB0,0xAA4D20,0xAA4DB0,0xAA4E20,0xAA4EE0,0xAA55B0,
  0xAA55E0,0xAA55F0,0xAA5620,0xAA5650,0xAA56F0,0xAA5780,0xAA57E0,0xAA5860,0xAA58C0,0xAA5900,0xAA5C80,0xAA5D00,
  0xAA5EC0,0xAA5F40,0xAA5FA0,0xAA5FE0,0xAA6040,0xAA60A0,0xAA60F0,0xAA6180,0xAA64C0,0xAA6510,0xAA6570,0xAA6630,
  0xAA6780,0xAA6800,0xAA6930,0xAA69A0,0xAA6A70,0xAA6CB0,0xAA6D90,0xAA72A0,0xAA7510,0xAA75C0,0xAA79E0,0xAA7A70,
  0xAA7A90,0xAA7B10,0xAA7B80,0xAA7C10,0xAA7C80,0xAA7D00,0xAA7F00,0xAA7F70,0xAA8010,0xAA8210,0xAA8400,0xAA8410,
  0xAA8430,0xAA8450,0xAA8460,0xAA84E0,0xAA8580,0xAA9110,0xAA91A0,0xAA91E0,0xAA91F0,0xAA9230,0xAA9950,0xAA9970,
  0xAA9E60,0xAA9F10,0xAAA0A0,0xAAA0D0,0xAAA200,0xAAA5A0,0xAAA6C0,0xAAA800,0xAAA820,0xAAA840,0xAAA860,0xAAA880,
  0xAAA8A0,0xAAA8C0,0xAAA8E0,0xAAA900,0xAAA920,0xAAA940,0xAAA960,0xAAA980,0xAAA9A0,0xAAA9B0,0xAAA9E0,0xAAAA10,
  0xAAAA40,0xAAAA70,0xAAAAE0,0xAAAB20,0xAAAB60,0xAAABE0,0xAAAC10,0xAAACD0,0xAAAE00,0xAAAE20,0xAAAEB0,0xAAAF20,
  0xAAB1D0,0xAAB210,0xAAB2B0,0xAAB550,0xAAB5A0,0xAAB640,0xAAB680,0xAAB900,0xAAB950,0xAAB9A0,0xAABC20,0xAABCD0,
  0xAABE00,0xAABE90,0xAABF60,0xAABFE0,0xAAC010,0xAAC670,0xAAC740,0xAAC790,0xAAC800,0xAAC830,0xAAC860,0xAAC8B0,
  0xAAC8F0,0xAAC910,0xAAC920,0xAAC960,0xAAC990,0xAAC9D0,0xAAC9F0,0xAACA50,0xAACA80,0xAACB40,0xAACB50,0xAACB60,
  0xAACB70,0xAACB80,0xAACBA0,0xAACBC0,0xAACBE0,0xAACBF0,0xAACC70,0xAACCA0,0xAACCB0,0xAACCC0,0xAACCE0,0xAACD00,
  0xAACD70,0xAACD90,0xAACDC0,0xAACDF0,0xAACE40,0xAACEE0,0xAACF50,0xAACF80,0xAACFB0,0xAAD000,0xAAD010,0xAAD050,
  0xAAD0B0,0xAAD0E0,0xAAD110,0xAAD160,0xAAD170,0xAAD1D0,0xAAD2A0,0xAAD2F0,0xAAD340,0xAAD420,0xAAD470,0xAAD490,
  0xAAD4E0,0xAAD510,0xAAD530,0xAAD550,0xAAD5A0,0xAAD5B0,0xAAD680,0xAAD750,0xAAD770,0xAAD7C0,0xAAD7D0,0xAAD7E0,
  0xAAD7F0,0xAAD800,0xAAD820,0xAAD840,0xAAD850,0xAAD870,0xAAD950,0xAADB10,0xAADB50,0xAADC20,0xAADC50,0xAADCF0,
  0xAADD90,0xAADF10,0xAAE060,0xAAE270,0xAAE2A0,0xAAE2D0,0xAAE400,0xAAE460,0xAAE520,0xAAE550,0xAAE560,0xAAE680,
  0xAAE7A0,0xAAE8C0,0xAAE9B0,0xAAE9E0,0xAAEAA0,0xAAEB80,0xAAEC60,0xAAEDA0,0xAAEF90,0xAAF070,0xAAF0D0,0xAAF130,
  0xAAF140,0xAAF170,0xAAF1A0,0xAAF1E0,0xAAF230,0xAAF250,0xAAF280,0xAAF2C0,0xAAF300,0xAAF360,0xAAF3D0,0xAAF4B0,
  0xAAF520,0xAAF540,0xAAF560,0xAAF570,0xAAF580,0xAAF5A0,0xAAF5B0,0xAAF5D0,0xAAF5F0,0xAAF600,0xAAF620,0xAAF630,
  0xAAF640,0xAAF6C0,0xAAF710,0xAAF7F0,0xAAF9E0,0xAAFA20,0xAAFA40,0xAAFA50,0xAAFAD0,0xAAFAE0,0xAAFB00,0xAAFB20,
  0xAAFB30,0xAAFB40,0xAAFB50,0xAAFB60,0xAAFB80,0xAAFBA0,0xAAFBD0,0xAAFC60,0xAAFCB0,0xAAFD00,0xAAFDD0,0xAAFDE0,
  0xAAFE30,0xAAFE60,0xAAFEF0,0xAAFF00,0xAAFF10,0xAB0030,0xAB00F0,0xAB0150,0xAB0210,0xAB0310,0xAB0330,0xAB0410,
  0xAB0470,0xAB05E0,0xAB0650,0xAB0730,0xAB0AC0,0xAB0D10,0xAB0D40,0xAB0EE0,0xAB0F50,0xAB0FE0,0xAB1040,0xAB1070,
  0xAB10B0,0xAB10E0,0xAB1100,0xAB1120,0xAB1150,0xAB11B0,0xAB11F0,0xAB1200,0xAB1260,0xAB12A0,0xAB12B0,0xAB12D0,
  0xAB13D0,0xAB1400,0xAB1440,0xAB14B0,0xAB1500,0xAB1600,0xAB16B0,0xAB1700,0xAB1740,0xAB1760,0xAB1790,0xAB17D0,
  0xAB1800,0xAB1920,0xAB1990,0xAB1A70,0xAB1AA0,0xAB1B50,0xAB1BB0,0xAB1BF0,0xAB1C40,0xAB1CD0,0xAB1D20,0xAB1D80,
  0xAB1DC0,0xAB1DF0,0xAB1E20,0xAB1EA0,0xAB1F20,0xAB1F60,0xAB1FB0,0xAB1FD0,0xAB1FF0,0xAB2050,0xAB2090,0xAB20E0,
  0xAB2170,0xAB22A0,0xAB22F0,0xAB2340,0xAB2360,0xAB23A0,0xAB23D0,0xAB2440,0xAB2460,0xAB2510,0xAB2540,0xAB2570,
  0xAB2590,0xAB2600,0xAB26A0,0xAB26E0,0xAB2700,0xAB2740,0xAB27B0,0xAB27D0,0xAB2820,0xAB2860,0xAB2890,0xAB28D0,
  0xAB2900,0xAB2970,0xAB2990,0xAB29C0,0xAB29F0,0xAB2A90,0xAB2AC0,0xAB2AF0,0xAB2C80,0xAB2CE0,0xAB2D10,0xAB2EC0,
  0xAB2F20,0xAB2F50,0xAB2F90,0xAB2FB0,0xAB2FD0,0xAB3000,0xAB3030,0xAB3080,0xAB30A0,0xAB3110,0xAB31C0,0xAB3290,
  0xAB32A0,0xAB32E0,0xAB3330,0xAB3390,0xAB33D0,0xAB3450,0xAB34C0,0xAB35B0,0xAB3610,0xAB3670,0xAB36C0,0xAB3710,
  0xAB3760,0xAB37C0,0xAB3820,0xAB3860,0xAB38C0,0xAB3910,0xAB3970,0xAB39C0,0xAB3A10,0xAB3A60,0xAB3AB0,0xAB3B00,
  0xAB3B40,0xAB3B90,0xAB3BF0,0xAB3C30,0xAB3C80,0xAB3CD0,0xAB3D20,0xAB3D70,0xAB3DD0,0xAB3E30,0xAB3E90,0xAB3EF0,
  0xAB3F40,0xAB3F90,0xAB3FE0,0xAB4020,0xAB4040,0xAB4070,0xAB40E0,0xAB4140,0xAB41B0,0xAB41E0,0xAB4270,0xAB4320,
  0xAB4350,0xAB4390,0xAB4540,0xAB4590,0xAB4700,0xAB47A0,0xAB4940,0xAB4A00,0xAB4A90,0xAB4B50,0xAB4B90,0xAB4C80,
  0xAB4CD0,0xAB4D20,0xAB4D70,0xAB4DD0,0xAB4E20,0xAB4ED0,0xAB4F50,0xAB5000,0xAB50C0,0xAB5100,0xAB5150,0xAB51B0,
  0xAB5210,0xAB5240,0xAB5290,0xAB5320,0xAB5350,0xAB5420,0xAB5490,0xAB5510,0xAB5530,0xAB5560,0xAB56A0,0xAB56C0,
  0xAB5730,0xAB5790,0xAB57A0,0xAB57B0,0xAB57D0,0xAB5840,0xAB59C0,0xAB5A50,0xAB5A90,0xAB5B80,0xAB5BC0,0xAB5C90,
  0xAB5DB0,0xAB5ED0,0xAB5F10,0xAB5FD0,0xAB6020,0xAB6090,0xAB60C0,0xAB60F0,0xAB6130,0xAB6170,0xAB61A0,0xAB61D0,
  0xAB62A0,0xAB62B0,0xAB63A0,0xAB6410,0xAB64F0,0xAB6510,0xAB6580,0xAB65B0,0xAB65F0,0xAB6630,0xAB6690,0xAB67A0,
  0xAB68C0,0xAB6900,0xAB69E0,0xAB6A90,0xAB6B80,0xAB6D00,0xAB6DE0,0xAB6E40,0xAB6EC0,0xAB6F30,0xAB6F70,0xAB7360,
  0xAB73C0,0xAB7420,0xAB7480,0xAB7500,0xAB7560,0xAB75E0,0xAB7680,0xAB7720,0xAB7810,0xAB78B0,0xAB7900,0xAB7960,
  0xAB79A0,0xAB79F0,0xAB7B80,0xAB7C10,0xAB7D10,0xAB7D70,0xAB7DC0,0xAB7EA0,0xAB7F20,0xAB7F80,0xAB7FA0,0xAB8030,
  0xAB8120,0xAB8190,0xAB8210,0xAB8280,0xAB82C0,0xAB8300,0xAB8360,0xAB83C0,0xAB8420,0xAB8450,0xAB84B0,0xAB84D0,
  0xAB84F0,0xAB8570,0xAB85E0,0xAB8650,0xAB86A0,0xAB8700,0xAB8730,0xAB8750,0xAB8770,0xAB87A0,0xAB87E0,0xAB8810,
  0xAB8850,0xAB8940,0xAB89E0,0xAB8A60,0xAB8AE0,0xAB8B10,0xAB8B40,0xAB8BB0,0xAB8C20,0xAB8C70,0xAB8EE0,0xAB8F50,
  0xAB9060,0xAB90E0,0xAB9110,0xAB92F0,0xAB9340,0xAB9460,0xAB9510,0xAB9580,0xAB95E0,0xAB9710,0xAB9730,0xAB9770,
  0xAB9890,0xAB98B0,0xAB9920,0xAB9980,0xAB99D0,0xAB9C60,0xAB9CA0,0xAB9DF0,0xAB9EA0,0xAB9F20,0xAB9FB0,0xAB9FD0,
  0xABA020,0xABA050,0xABA2F0,0xABA3D0,0xABA480,0xABA4C0,0xABA510,0xABA550,0xABA570,0xABA5B0,0xABA5F0,0xABA620,
  0xABA710,0xABA770,0xABA7B0,0xABA800,0xABA850,0xABA8C0,0xABA920,0xABA9A0,0xABA9F0,0xABABD0,0xABAC60,0xABACF0,
  0xABAD70,0xABAD90,0xABAF50,0xABB140,0xABB370,0xABB390,0xABB3B0,0xABB4E0,0xABB590,0xABB5C0,0xABB680,0xABB6D0,
  0xABB740,0xABB770,0xABB7A0,0xABB7D0,0xABB7F0,0xABB820,0xABB850,0xABB930,0xABBA50,0xABBB10,0xABBBA0,0xABBC00,
  0xABBC20,0xABBC40,0xABBCB0,0xABBCE0,0xABBD60,0xABBD90,0xABBE10,0xABBEC0,0xABBF50,0xABBFC0,0xABC030,0xABC060,
  0xABC0B0,0xABC120,0xABC150,0xABC1C0,0xABC1D0,0xABC1F0,0xABC230,0xABC2D0,0xABC2F0,0xABC370,0xABC3C0,0xABC3F0,
  0xABC500,0xABC540,0xABC550,0xABC570,0xABC5A0,0xABC630,0xABC6C0,0xABC760,0xABC7C0,0xABC800,0xABC880,0xABC8B0,
  0xABC910,0xABC9B0,0xABC9F0,0xABCC10,0xABCD10,0xABCD20,0xABCD30,0xABD0B0,0xABD180,0xABD2B0,0xABD390,0xABD3C0,
  0xABD490,0xABD5D0,0xABD6C0,0xABD760,0xABD950,0xABDAA0,0xABDC00,0xABDCB0,0xABDCF0,0xABDDA0,0xABDE10,0xABDEB0,
  0xABDF80,0xABE000,0xABE050,0xABE1B0,0xABE280,0xABE2C0,0xABE2E0,0xABE300,0xABE320,0xABE370,0xABE380,0xABE4D0,
  0xABE530,0xABE540,0xABE560,0xABE590,0xABE610,0xABE660,0xABE780,0xABE7F0,0xABE8C0,0xABE920,0xABE970,0xABE9B0,
  0xABE9D0,0xABEA00,0xABEA40,0xABEAD0,0xABECD0,0xABECF0,0xABED60,0xABEE30,0xABEF70,0xABEFE0,0xABF110,0xABF210,
  0xABF260,0xABF2D0,0xABF350,0xABF390,0xABF3D0,0xABF410,0xABF470,0xABF510,0xABF550,0xABF580,0xABF5F0,0xABFAC0,
  0xABFCD0,0xABFD10,0xABFD40,0xABFD70,0xABFDA0,0xABFEA0,0xABFEF0,0xABFF70,0xABFFA0,0xABFFF0,0xAC0050,0xAC0080,
  0xAC00B0,0xAC00E0,0xAC0110,0xAC0170,0xAC01B0,0xAC01E0,0xAC02F0,0xAC0410,0xAC0520,0xAC0580,0xAC05B0,0xAC07F0,
  0xAC08B0,0xAC0AF0,0xAC0BC0,0xAC0C90,0xAC0CB0,0xAC0F20,0xAC1030,0xAC1170,0xAC1220,0xAC1250,0xAC1300,0xAC1330,
  0xAC13A0,0xAC14C0,0xAC14E0,0xAC1540,0xAC1710,0xAC1850,0xAC1920,0xAC19E0,0xAC1A90,0xAC1C60,0xAC1D30,0xAC1EF0,
  0xAC22B0,0xAC2340,0xAC27C0,0xAC2840,0xAC2880,0xAC2A70,0xAC2AE0,0xAC2C10,0xAC2D00,0xAC2DF0,0xAC2E90,0xAC2F50,
  0xAC2FD0,0xAC3060,0xAC3140,0xAC31C0,0xAC3230,0xAC3300,0xAC3380,0xAC3400,0xAC3480,0xAC3500,0xAC3580,0xAC3600,
  0xAC3630,0xAC3660,0xAC3770,0xAC3790,0xAC3CB0,0xAC3CE0,0xAC3D40,0xAC4CE0,0xAC4EE0,0xAC4FD0,0xAC5020,0xAC5040,
  0xAC5080,0xAC50C0,0xAC5100,0xAC5110,0xAC5140,0xAC51B0,0xAC51E0,0xAC5240,0xAC52B0,0xAC53B0,0xAC5440,0xAC54A0,
  0xAC5510,0xAC55C0,0xAC5610,0xAC5690,0xAC5700,0xAC57B0,0xAC5810,0xAC5870,0xAC58D0,0xAC5950,0xAC59B0,0xAC5A20,
  0xAC5B20,0xAC5BB0,0xAC5BF0,0xAC5C60,0xAC5D30,0xAC5D70,0xAC5E90,0xAC5F30,0xAC6000,0xAC6050,0xAC60C0,0xAC6130,
  0xAC6190,0xAC6226,0xAC6230,0xAC6250,0xAC62B0,0xAC62D0,0xAC62F0,0xAC6380,0xAC63BA,0xAC63C0,0xAC6460,0xAC64B6,
  0xAC6520,0xAC65A0,0xAC6630,0xAC66E4,0xAC6750,0xAC67AE,0xAC67B0,0xAC67C8,0xAC67D0,0xAC6820,0xAC6830,0xAC6940,
  0xAC6A2E,0xAC6A30,0xAC6AA0,0xAC6AF0,0xAC6BC4,0xAC6C00,0xAC6CC0,0xAC6CEC,0xAC6CF0,0xAC6E50,0xAC6ED0,0xAC6F10,
  0xAC6FC6,0xAC6FD0,0xAC70C0,0xAC70F8,0xAC7100,0xAC71F0,0xAC7226,0xAC7230,0xAC7280,0xAC73BE,0xAC73C0,0xAC7412,
  0xAC741D,0xAC7448,0xAC7450,0xAC745A,0xAC7460,0xAC7706,0xAC770E,0xAC7710,0xAC77C0,0xAC7A68,0xAC7A70,0xAC7AE0,
  0xAC7B1C,0xAC7B20,0xAC7C94,0xAC7C9E,0xAC7CA0,0xAC7D50,0xAC7DB0,0xAC7F0E,0xAC7F10,0xAC7F50,0xAC7F80,0xAC819A,
  0xAC81A0,0xAC81D2,0xAC8206,0xAC8210,0xAC8260,0xAC8286,0xAC8290,0xAC832C,0xAC8330,0xAC85FA,0xAC8600,0xAC87F0,
  0xAC8830,0xAC88A0,0xAC8920,0xAC8A90,0xAC8CC0,0xAC8D60,0xAC8DB4,0xAC8DC0,0xAC8E00,0xAC8E20,0xAC8ED0,0xAC8F70,
  0xAC8F80,0xAC9270,0xAC93A0,0xAC9440,0xAC9620,0xAC97D0,0xAC97F0,0xAC9860,0xAC99B0,0xAC99F0,0xAC9AA0,0xAC9AC0,
  0xAC9DC0,0xAC9E20,0xAC9FC0,0xACA5D0,0xACA7B0,0xACA800,0xACA8C0,0xACA990,0xACAB20,0xACAC30,0xACACA0,0xACAD00,
  0xACADA0,0xACB380,0xACB480,0xACB630,0xACB690,0xACB720,0xACB910,0xACBA30,0xACBA70,0xACBCE0,0xACBF50,0xACC030,
  0xACC3F0,0xACC590,0xACC700,0xACC900,0xACCAD0,0xACCB20,0xACCB60,0xACCBB0,0xACCBC0,0xACCBD0,0xACCC00,0xACCC90,
  0xACCCC0,0xACCCE0,0xACCD40,0xACCDA0,0xACCDB0,0xACCDC0,0xACCDD0,0xACCDE0,0xACCE00,0xACCED0,0xACCF10,0xACCF30,
  0xACCF50,0xACCF70,0xACCFA0,0xACCFD0,0xACD000,0xACD090,0xACD150,0xACD1B0,0xACD1E0,0xACD220,0xACD280,0xACD310,
  0xACD690,0xACD970,0xACDCA0,0xACDD10,0xACDDC0,0xACDEB0,0xACDF50,0xACE050,0xACE090,0xACE0D0,0xACE240,0xACE370,
  0xACE460,0xACE540,0xACE640,0xACE650,0xACE680,0xACE6A0,0xACE6C0,0xACE700,0xACE730,0xACE750,0xACE760,0xACE770,
  0xACE7C0,0xACE7E0,0xACE7F0,0xACE810,0xACE850,0xACE8B0,0xACE910,0xACE930,0xACEA10,0xACEA40,0xACEA70,0xACEAA0,
  0xACEAD0,0xACEB80,0xACEC90,0xACECD0,0xACED20,0xACEDD0,0xACEE50,0xACEFB0,0xACF010,0xACF060,0xACF0B0,0xACF1A0,
  0xACF240,0xACF3C0,0xACF570,0xACF5D0,0xACF630,0xACF6F0,0xACF7D0,0xACF8A0,0xACF8D0,0xACF930,0xACFB40,0xACFF30,
  0xAD0010,0xAD0030,0xAD0050,0xAD0060,0xAD0070,0xAD00A0,0xAD00D0,0xAD00F0,0xAD0110,0xAD01D0,0xAD0240,0xAD02A0,
  0xAD0300,0xAD0350,0xAD03C0,0xAD03E0,0xAD0440,0xAD04A0,0xAD04C0,0xAD05C0,0xAD0680,0xAD0740,0xAD0760,0xAD0790,
  0xAD0800,0xAD0980,0xAD09B0,0xAD0A30,0xAD0A60,0xAD0BE0,0xAD0C90,0xAD0DA0,0xAD0E30,0xAD0E90,0xAD0FF0,0xAD10E0,
  0xAD1120,0xAD1180,0xAD11D0,0xAD1210,0xAD1300,0xAD1360,0xAD13E0,0xAD1410,0xAD1430,0xAD14C0,0xAD14F0,0xAD1580,
  0xAD15B0,0xAD15D0,0xAD15F0,0xAD1610,0xAD1620,0xAD1630,0xAD1640,0xAD1650,0xAD1660,0xAD1670,0xAD1690,0xAD16B0,
  0xAD16F0,0xAD1730,0xAD1770,0xAD17E0,0xAD18E0,0xAD1920,0xAD1990,0xAD1A00,0xAD1A60,0xAD1AE0,0xAD1B20,0xAD1D60,
  0xAD2040,0xAD22C0,0xAD22F0,0xAD2380,0xAD23C0,0xAD23D0,0xAD2440,0xAD24D0,0xAD2560,0xAD25B0,0xAD2620,0xAD26C0,
  0xAD2700,0xAD2770,0xAD2860,0xAD2990,0xAD29A0,0xAD2A20,0xAD2AA0,0xAD2B00,0xAD2B30,0xAD2B60,0xAD2BC0,0xAD2C10,
  0xAD2C60,0xAD2CA0,0xAD2CE0,0xAD3020,0xAD3070,0xAD30C0,0xAD30E0,0xAD3520,0xAD35B0,0xAD36F0,0xAD3740,0xAD3850,
  0xAD3960,0xAD3AB0,0xAD3AF0,0xAD3B50,0xAD3B60,0xAD3B90,0xAD3BC0,0xAD3C80,0xAD3D30,0xAD3E10,0xAD3E90,0xAD3FC0,
  0xAD4000,0xAD4040,0xAD40B0,0xAD4190,0xAD4310,0xAD4510,0xAD4520,0xAD4530,0xAD4540,0xAD4550,0xAD45A0,0xAD4660,
  0xAD4790,0xAD4870,0xAD48F0,0xAD4930,0xAD4950,0xAD4960,0xAD4970,0xAD4980,0xAD4990,0xAD49A0,0xAD49B0,0xAD49C0,
  0xAD49F0,0xAD4A20,0xAD4A50,0xAD4AE0,0xAD4AF0,0xAD4B00,0xAD4B80,0xAD4BB0,0xAD4C10,0xAD4CC0,0xAD4CE0,0xAD4D20,
  0xAD4D30,0xAD4DC0,0xAD4E00,0xAD4E80,0xAD4ED0,0xAD4F00,0xAD4F50,0xAD4FA0,0xAD4FD0,0xAD5010,0xAD5040,0xAD50B0,
  0xAD52B0,0xAD5340,0xAD55F0,0xAD5660,0xAD56E0,0xAD5740,0xAD57B0,0xAD57D0,0xAD57E0,0xAD5830,0xAD5850,0xAD5890,
  0xAD58B0,0xAD58D0,0xAD58F0,0xAD5910,0xAD59B0,0xAD5A00,0xAD5A80,0xAD5B50,0xAD5BB0,0xAD5BE0,0xAD5C00,0xAD5CB0,
  0xAD5CC0,0xAD5D40,0xAD5E20,0xAD5E70,0xAD5EB0,0xAD5EC0,0xAD5F20,0xAD5F80,0xAD6010,0xAD60C0,0xAD6140,0xAD6170,
  0xAD6200,0xAD6310,0xAD6320,0xAD63A0,0xAD63D0,0xAD6670,0xAD6750,0xAD6850,0xAD6C00,0xAD6E80,0xAD7110,0xAD7180,
  0xAD7220,0xAD72C0,0xAD72E0,0xAD7380,0xAD7530,0xAD77C0,0xAD7940,0xAD7970,0xAD79A0,0xAD7A30,0xAD7AA0,0xAD7B40,
  0xAD7B50,0xAD7C10,0xAD7E20,0xAD7E80,0xAD7E90,0xAD8220,0xAD83A0,0xAD8460,0xAD85C0,0xAD8690,0xAD87D0,0xAD8890,
  0xAD8BB0,0xAD8D70,0xAD8D90,0xAD8DB0,0xAD8DC0,0xAD8DD0,0xAD8E10,0xAD8E30,0xAD8EB0,0xAD8EE0,0xAD8F90,0xAD8FB0,
  0xAD8FF0,0xAD9100,0xAD916A,0xAD9230,0xAD9460,0xAD9470,0xAD94E0,0xAD9510,0xAD9520,0xAD9540,0xAD9550,0xAD9560,
  0xAD9590,0xAD95A0,0xAD95F0,0xAD96B0,0xAD98F0,0xAD9A70,0xAD9A90,0xAD9AB0,0xAD9CC0,0xAD9DD0,0xAD9F10,0xAD9F70,
  0xAD9FE0,0xAD9FF0,0xADA000,0xADA010,0xADA020,0xADA030,0xADA060,0xADA0B0,0xADA0C0,0xADA0E0,0xADA0F0,0xADA110,
  0xADA130,0xADA140,0xADA160,0xADA180,0xADA210,0xADA220,0xADA330,0xADA3A0,0xADA4E0,0xADA520,0xADA560,0xADA5F0,
  0xADA620,0xADA660,0xADA680,0xADA770,0xADA970,0xADAA40,0xADAFB0,0xADB000,0xADB050,0xADB060,0xADB100,0xADB5D0,
  0xADB650,0xADB700,0xADB710,0xADB720,0xADB770,0xADB780,0xADBBE0,0xADBDD0,0xADBE90,0xADBF50,0xADC2A0,0xADC4E0,
  0xADC500,0xADC520,0xADC530,0xADC8F0,0xADC900,0xADC910,0xADC920,0xADC930,0xADCA30,0xADCB00,0xADCBC0,0xADCC60,
  0xADCDE0,0xADCFD0,0xADD160,0xADD2B0,0xADD440,0xADD480,0xADD7B0,0xADD7C0,0xADD8B0,0xADD8E0,0xADDAB0,0xADDAF0,
  0xADDB50,0xADDF80,0xADE020,0xADE050,0xADE0C0,0xADE110,0xADE1C0,0xADE200,0xADE310,0xADE3D0,0xADE5B0,0xADE5F0,
  0xADE610,0xADE620,0xADE640,0xADE660,0xADE6C0,0xADE760,0xADE780,0xADE7E0,0xADEA20,0xADECB0,0xADF1B0,0xADF6B0,
  0xADF730,0xADF750,0xADF770,0xADF7E0,0xADF820,0xADF850,0xADF8B0,0xADF8D0,0xADF900,0xADF940,0xADFB30,0xADFB50,
  0xADFB60,0xADFB88,0xADFBA0,0xADFBB0,0xADFBC0,0xADFBD0,0xADFC10,0xADFC60,0xADFC8A,0xADFD10,0xADFDA0,0xADFDB0,
  0xADFDD0,0xADFE20,0xADFE40,0xADFE60,0xADFE70,0xADFE80,0xADFE90,0xADFEA0,0xADFECE,0xADFEF0,0xADFF1E,0xADFF30,
  0xADFF50,0xADFF60,0xADFF70,0xAE0040,0xAE0060,0xAE0070,0xAE0099,0xAE00D0,0xAE0100,0xAE0160,0xAE0180,0xAE01A0,
  0xAE01D0,0xAE0200,0xAE0230,0xAE0270,0xAE02B0,0xAE02C0,0xAE0340,0xAE0390,0xAE03B0,0xAE0480,0xAE04B0,0xAE04E0,
  0xAE0521,0xAE0600,0xAE0620,0xAE0630,0xAE0640,0xAE0690,0xAE0760,0xAE0770,0xAE07BC,0xAE0836,0xAE08B0,0xAE08FB,
  0xAE0930,0xAE0990,0xAE09F0,0xAE0A1B,0xAE0A7D,0xAE0AA9,0xAE0AB0,0xAE0AC0,0xAE0B10,0xAE0B60,0xAE0BC0,0xAE0C60,
  0xAE0CF0,0xAE0D43,0xAE0E48,0xAE0F00,0xAE0FE8,0xAE10A0,0xAE1180,0xAE11A0,0xAE11D0,0xAE11E0,0xAE11F0,0xAE1210,
  0xAE1220,0xAE124B,0xAE1270,0xAE1290,0xAE12D0,0xAE1326,0xAE1360,0xAE1370,0xAE1380,0xAE1390,0xAE13A0,0xAE1410,
  0xAE1430,0xAE14A0,0xAE14C0,0xAE14EB,0xAE1500,0xAE1510,0xAE1530,0xAE1560,0xAE1596,0xAE15B0,0xAE15D0,0xAE15F0,
  0xAE1610,0xAE1620,0xAE1640,0xAE1660,0xAE1670,0xAE1690,0xAE16C0,0xAE16E0,0xAE1700,0xAE1710,0xAE1740,0xAE1770,
  0xAE1799,0xAE17D2,0xAE17E0,0xAE1810,0xAE183B,0xAE18C0,0xAE18FA,0xAE196D,0xAE19D3,0xAE1A0F,0xAE1A6F,0xAE1AB0,
  0xAE1AC0,0xAE1AF0,0xAE1B20,0xAE1B70,0xAE1BD1,0xAE1C40,0xAE1C90,0xAE1CC0,0xAE1CF0,0xAE1D10,0xAE1E50,0xAE1E70,
  0xAE1EB0,0xAE1F20,0xAE1F70,0xAE1FCE,0xAE2080,0xAE20AB,0xAE21A0,0xAE2230,0xAE22E0,0xAE234E,0xAE24A0,0xAE24E0,
  0xAE24F0,0xAE2680,0xAE2690,0xAE2700,0xAE2720,0xAE2740,0xAE2750,0xAE2780,0xAE2880,0xAE28C0,0xAE28F0,0xAE2900,
  0xAE2970,0xAE29A0,0xAE2B70,0xAE2BA0,0xAE2BE0,0xAE2C20,0xAE2DA0,0xAE2DFF,0xAE2E75,0xAE2EE1,0xAE2F8C,0xAE2FC5,
  0xAE3196,0xAE3280,0xAE32C0,0xAE32D0,0xAE32E0,0xAE3340,0xAE3383,0xAE33C8,0xAE341A,0xAE3445,0xAE3470,0xAE34AE,
  0xAE34D9,0xAE3504,0xAE352F,0xAE355A,0xAE3585,0xAE35B0,0xAE35DB,0xAE3606,0xAE3631,0xAE365C,0xAE3687,0xAE36B2,
  0xAE36DD,0xAE3708,0xAE3733,0xAE375E,0xAE3789,0xAE37B4,0xAE37DF,0xAE380A,0xAE3835,0xAE3860,0xAE388B,0xAE38B6,
  0xAE38E1,0xAE390C,0xAE3937,0xAE3962,0xAE3ADD,0xAE3B40,0xAE3B90,0xAE3BC0,0xAE3BEF,0xAE3C19,0xAE3D26,0xAE3DE0,
  0xAE3E09,0xAE3E40,0xAE3E50,0xAE3E60,0xAE3EA0,0xAE3EC0,0xAE3ED0,0xAE3EE0,0xAE3EF0,0xAE3F00,0xAE3F10,0xAE3F20,
  0xAE3F30,0xAE3F60,0xAE3F80,0xAE3F90,0xAE3FA0,0xAE3FC0,0xAE3FE0,0xAE4000,0xAE4040,0xAE4050,0xAE4060,0xAE4090,
  0xAE40BB,0xAE4100,0xAE4130,0xAE4190,0xAE41A0,0xAE42D0,0xAE42E0,0xAE4300,0xAE4360,0xAE43D0,0xAE43F0,0xAE4410,
  0xAE44B0,0xAE44E0,0xAE4500,0xAE4520,0xAE45A0,0xAE45D0,0xAE45F0,0xAE4660,0xAE46D0,0xAE4770,0xAE47F0,0xAE4900,
  0xAE4920,0xAE4970,0xAE49F0,0xAE4AC0,0xAE4BA0,0xAE4BC0,0xAE4C20,0xAE4CD0,0xAE4DF0,0xAE4F00,0xAE50B0,0xAE50E0,
  0xAE5220,0xAE5290,0xAE52C0,0xAE53A0,0xAE53C0,0xAE5570,0xAE55B0,0xAE55E0,0xAE56B0,0xAE5740,0xAE5790,0xAE5810,
  0xAE5980,0xAE5B82,0xAE5BCE,0xAE5E20,0xAE5EA0,0xAE6110,0xAE61B8,0xAE6426,0xAE6479,0xAE6710,0xAE6750,0xAE6832,
  0xAE6868,0xAE6A10,0xAE6A50,0xAE6A60,0xAE6AB9,0xAE6AC0,0xAE6AF8,0xAE6B32,0xAE6B64,0xAE6B70,0xAE6BB3,0xAE6BE9,
  0xAE6BF0,0xAE6C2C,0xAE6C67,0xAE6CB9,0xAE6CED,0xAE6D00,0xAE6D77,0xAE6E16,0xAE6E40,0xAE6EB6,0xAE6ED0,0xAE6F16,
  0xAE6F20,0xAE6F80,0xAE6F90,0xAE6FA0,0xAE6FB0,0xAE6FE2,0xAE7035,0xAE7040,0xAE706D,0xAE70A0,0xAE70C0,0xAE70D0,
  0xAE70E0,0xAE710E,0xAE7130,0xAE7160,0xAE719B,0xAE71B0,0xAE71C0,0xAE71D0,0xAE720A,0xAE7230,0xAE7270,0xAE72D0,
  0xAE7330,0xAE7390,0xAE73B0,0xAE73D0,0xAE7430,0xAE7490,0xAE74F0,0xAE7550,0xAE75B0,0xAE7610,0xAE7630,0xAE765F,
  0xAE76B0,0xAE76DE,0xAE7700,0xAE7740,0xAE776F,0xAE77B0,0xAE7810,0xAE783E,0xAE7860,0xAE7890,0xAE78F0,0xAE791E,
  0xAE794E,0xAE7970,0xAE7980,0xAE7990,0xAE79A0,0xAE79E0,0xAE79F0,0xAE7A00,0xAE7A10,0xAE7A3E,0xAE7A80,0xAE7AC0,
  0xAE7AEA,0xAE7B0C,0xAE7B20,0xAE7B42,0xAE7B50,0xAE7B7A,0xAE7B9C,0xAE7BB0,0xAE7BD2,0xAE7BE0,0xAE7C0E,0xAE7C38,
  0xAE7C70,0xAE7C9E,0xAE7CD0,0xAE7CFE,0xAE7D40,0xAE7D60,0xAE7D91,0xAE7DC0,0xAE7DEA,0xAE7E00,0xAE7E2A,0xAE7E40,
  0xAE7E6A,0xAE7EA2,0xAE7EB0,0xAE7EFA,0xAE7F3E,0xAE7F50,0xAE7F7F,0xAE7FCE,0xAE7FE0,0xAE8015,0xAE804C,0xAE8090,
  0xAE80BF,0xAE80F1,0xAE8139,0xAE8170,0xAE819F,0xAE81D1,0xAE8200,0xAE8237,0xAE826E,0xAE82A3,0xAE82D2,0xAE82FC,
  0xAE8326,0xAE8330,0xAE8420,0xAE8455,0xAE848D,0xAE84D1,0xAE8500,0xAE852A,0xAE8575,0xAE85AC,0xAE85DB,0xAE8605,
  0xAE8637,0xAE866E,0xAE86A5,0xAE86DA,0xAE8709,0xAE8733,0xAE8760,0xAE8790,0xAE87E0,0xAE8860,0xAE8990,0xAE89DC,
  0xAE8A06,0xAE8B0A,0xAE8BBD,0xAE8BFC,0xAE8C40,0xAE8C7E,0xAE8CA8,0xAE8D90,0xAE8DBE,0xAE8E20,0xAE8E40,0xAE8E7D,
  0xAE8EB4,0xAE8EE0,0xAE8F20,0xAE8F60,0xAE8F8C,0xAE8FBF,0xAE8FF8,0xAE9022,0xAE90A0,0xAE9110,0xAE9240,0xAE9300,
  0xAE9440,0xAE94A0,0xAE94CA,0xAE9590,0xAE95C0,0xAE9650,0xAE9720,0xAE9750,0xAE9830,0xAE9910,0xAE99F0,0xAE9AE0,
  0xAE9B10,0xAE9B40,0xAE9B90,0xAE9BD4,0xAE9C61,0xAE9CB9,0xAE9CF0,0xAE9D34,0xAE9DC5,0xAE9E1D,0xAE9E70,0xAE9EB4,
  0xAE9F40,0xAE9F85,0xAEA010,0xAEA030,0xAEA060,0xAEA070,0xAEA0D0,0xAEA180,0xAEA210,0xAEA296,0xAEA2A0,0xAEA310,
  0xAEA380,0xAEA3D0,0xAEA3F0,0xAEA460,0xAEA48A,0xAEA4A0,0xAEA4C0,0xAEA4E0,0xAEA4F0,0xAEA500,0xAEA560,0xAEA5B0,
  0xAEA5E0,0xAEA600,0xAEA610,0xAEA670,0xAEA6A0,0xAEA710,0xAEA740,0xAEA750,0xAEAD10,0xAEAE30,0xAEAE60,0xAEAEC0,
  0xAEAF20,0xAEAF80,0xAEB090,0xAEB14F,0xAEB1B0,0xAEB1C0,0xAEB240,0xAEB29B,0xAEB2C8,0xAEB360,0xAEB390,0xAEB3C0,
  0xAEB418,0xAEB442,0xAEB4D0,0xAEB500,0xAEB5C0,0xAEB690,0xAEB750,0xAEB820,0xAEB960,0xAEBC10,0xAEBD10,0xAEBE30,
  0xAEBEB0,0xAEBF30,0xAEC624,0xAEC690,0xAEC6C0,0xAEC6D0,0xAEC728,0xAEC752,0xAEC7E0,0xAEC820,0xAEC830,0xAEC850,
  0xAEC880,0xAEC890,0xAEC8E8,0xAEC912,0xAEC9A0,0xAEC9E0,0xAEC9F0,0xAECA10,0xAECA40,0xAECA50,0xAECAA8,0xAECAD2,
  0xAECB60,0xAECB70,0xAECB80,0xAECBC0,0xAECBE0,0xAECC11,0xAECC38,0xAECC60,0xAECC90,0xAECCBB,0xAECCF0,0xAED2B0,
  0xAED340,0xAED3B0,0xAED401,0xAED427,0xAED44D,0xAED470,0xAED560,0xAED598,0xAED5C2,0xAED630,0xAED690,0xAED708,
  0xAED770,0xAED7AD,0xAED7D0,0xAED7F0,0xAED837,0xAED8F0,0xAED910,0xAED944,0xAED9B0,0xAEDA73,0xAEDB33,0xAEDB97,
  0xAEDBF0,0xAEDD40,0xAEDDB6,0xAEDE00,0xAEDE70,0xAEDF00,0xAEDFD0,0xAEE090,0xAEE100,0xAEE249,0xAEE250,0xAEE2C0,
  0xAEE330,0xAEE4D3,0xAEE530,0xAEE660,0xAEE6F0,0xAEE720,0xAEE763,0xAEE7C0,0xAEEE91,0xAEEF60,0xAEEF80,0xAEEF90,
  0xAEEFB0,0xAEEFC0,0xAEEFE0,0xAEEFF0,0xAEF000,0xAEF01F,0xAEF030,0xAEF04F,0xAEF060,0xAEF150,0xAEF190,0xAEF1F4,
  0xAEF233,0xAEF240,0xAEF26E,0xAEF2D0,0xAEF2F0,0xAEF310,0xAEF3E4,0xAEF420,0xAEF44F,0xAEF4C5,0xAEF4F0,0xAEF500,
  0xAEF530,0xAEF560,0xAEF580,0xAEF590,0xAEF5C0,0xAEFBD0,0xAEFCF0,0xAEFD00,0xAEFD10,0xAEFD20,0xAEFD30,0xAEFD40,
  0xAEFD70,0xAEFD90,0xAEFDBE,0xAEFDE5,0xAEFE00,0xAEFE20,0xAEFE40,0xAEFE6F,0xAEFE90,0xAEFEC4,0xAEFF00,0xAEFF2E,
  0xAEFF50,0xAEFF60,0xAEFF70,0xAEFF80,0xAEFF90,0xAEFFA0,0xAEFFB0,0xAEFFD9,0xAF000A,0xAF0020,0xAF0049,0xAF007A,
  0xAF0090,0xAF00B9,0xAF00EA,0xAF0100,0xAF0129,0xAF015A,0xAF0170,0xAF0199,0xAF01CA,0xAF01E0,0xAF0209,0xAF023A,
  0xAF0250,0xAF0279,0xAF02A0,0xAF02C9,0xAF02F0,0xAF0319,0xAF0340,0xAF0369,0xAF0390,0xAF03B9,0xAF03E0,0xAF0409,
  0xAF0430,0xAF0459,0xAF0480,0xAF04A9,0xAF04D0,0xAF04F9,0xAF0520,0xAF0549,0xAF0570,0xAF0599,0xAF05C0,0xAF05E9,
  0xAF0610,0xAF0639,0xAF0660,0xAF0689,0xAF06B0,0xAF06D9,0xAF0700,0xAF0729,0xAF0750,0xAF0779,0xAF07B0,0xAF07D9,
  0xAF0800,0xAF0829,0xAF0850,0xAF0879,0xAF08A0,0xAF08C9,0xAF08F0,0xAF0919,0xAF0940,0xAF0969,0xAF0990,0xAF0B90,
  0xAF0BB0,0xAF0C30,0xAF0C90,0xAF0CC8,0xAF0CF0,0xAF0D24,0xAF0D51,0xAF0DD0,0xAF0DE0,0xAF0E12,0xAF0E30,0xAF0E59,
  0xAF0E90,0xAF0EF0,0xAF0F20,0xAF0F4E,0xAF0F60,0xAF0F8E,0xAF0FA0,0xAF0FCE,0xAF0FE0,0xAF100E,0xAF1020,0xAF104E,
  0xAF1070,0xAF109E,0xAF10B0,0xAF10DE,0xAF10F0,0xAF111E,0xAF1130,0xAF1163,0xAF1170,0xAF119E,0xAF11B0,0xAF11DE,
  0xAF11F0,0xAF121E,0xAF1230,0xAF125E,0xAF1270,0xAF129E,0xAF12B0,0xAF12DE,0xAF12F0,0xAF131E,0xAF1330,0xAF135E,
  0xAF1370,0xAF139E,0xAF13B0,0xAF13DE,0xAF13F0,0xAF141E,0xAF1430,0xAF145E,0xAF1470,0xAF149E,0xAF14B0,0xAF14DE,
  0xAF14F0,0xAF151E,0xAF1530,0xAF1630,0xAF1720,0xAF1890,0xAF1EB0,0xAF1FB0,0xAF2130,0xAF2320,0xAF2330,0xAF235A,
  0xAF2370,0xAF23E0,0xAF2410,0xAF2450,0xAF2480,0xAF2490,0xAF24F0,0xAF2520,0xAF2590,0xAF2610,0xAF2642,0xAF2650,
  0xAF26E0,0xAF2770,0xAF2800,0xAF2890,0xAF2920,0xAF2950,0xAF29E0,0xAF29F0,0xAF2A25,0xAF2A40,0xAF2AB0,0xAF3640,
  0xAF3B70,0xAF3C30,0xAF3C5D,0xAF3ECB,0xAF3FC0,0xAF3FF2,0xAF4020,0xAF404E,0xAF4070,0xAF40E4,0xAF4170,0xAF4180,
  0xAF41AF,0xAF41F0,0xAF4230,0xAF4240,0xAF4260,0xAF4270,0xAF4280,0xAF42B0,0xAF4320,0xAF4340,0xAF4350,0xAF4370,
  0xAF4390,0xAF43B9,0xAF43F0,0xAF4419,0xAF4450,0xAF4479,0xAF44A0,0xAF44C9,0xAF44F0,0xAF4519,0xAF4540,0xAF4569,
  0xAF4590,0xAF45B9,0xAF45E0,0xAF4630,0xAF4650,0xAF4690,0xAF46B9,0xAF46F0,0xAF4700,0xAF4710,0xAF473B,0xAF4750,
  0xAF477B,0xAF47A0,0xAF47D1,0xAF4800,0xAF4890,0xAF4B10,0xAF4B20,0xAF4CB0,0xAF4D10,0xAF4D30,0xAF4D50,0xAF4D70,
  0xAF4D9E,0xAF4DE0,0xAF4E0E,0xAF4E40,0xAF4E6E,0xAF4EA0,0xAF4EC9,0xAF4F06,0xAF4F30,0xAF4F50,0xAF4F79,0xAF4F90,
  0xAF4FB7,0xAF4FD0,0xAF4FFD,0xAF5037,0xAF5080,0xAF50B6,0xAF5110,0xAF5140,0xAF5180,0xAF51D0,0xAF51E0,0xAF51F0,
  0xAF5200,0xAF5210,0xAF5239,0xAF5272,0xAF5280,0xAF52A9,0xAF52E2,0xAF52F0,0xAF5319,0xAF5352,0xAF5360,0xAF5389,
  0xAF53C2,0xAF53D0,0xAF53F9,0xAF5432,0xAF5440,0xAF546E,0xAF5480,0xAF54EE,0xAF551E,0xAF5530,0xAF55B1,0xAF5810,
  0xAF5846,0xAF5890,0xAF5904,0xAF59B3,0xAF59F5,0xAF5CA7,0xAF5CD0,0xAF5D8E,0xAF5EF4,0xAF5F10,0xAF5F39,0xAF5F81,
  0xAF5FD1,0xAF60A0,0xAF60CE,0xAF6100,0xAF6132,0xAF61D0,0xAF6260,0xAF628C,0xAF62E0,0xAF6324,0xAF6378,0xAF652B,
  0xAF6730,0xAF67A0,0xAF67B0,0xAF67E6,0xAF6830,0xAF685E,0xAF68E0,0xAF6960,0xAF6CD0,0xAF6D40,0xAF6DCC,0xAF6E10,
  0xAF6EAD,0xAF6EE0,0xAF6F27,0xAF7030,0xAF706A,0xAF7186,0xAF71B0,0xAF71F7,0xAF725E,0xAF74B0,0xAF74C0,0xAF74D0,
  0xAF74E0,0xAF7500,0xAF7530,0xAF7563,0xAF7570,0xAF75A0,0xAF75D0,0xAF75E0,0xAF767C,0xAF76C9,0xAF7703,0xAF7710,
  0xAF774F,0xAF7760,0xAF7790,0xAF77A0,0xAF77D0,0xAF7830,0xAF7880,0xAF78A0,0xAF78E0,0xAF7940,0xAF7986,0xAF79B4,
  0xAF7A00,0xAF7A10,0xAF7A40,0xAF7A76,0xAF7B10,0xAF7B46,0xAF7BD0,0xAF7C15,0xAF7C20,0xAF7C65,0xAF7CA0,0xAF7CE7,
  0xAF7D88,0xAF7DA0,0xAF7DCB,0xAF7DE0,0xAF7E0E,0xAF7E34,0xAF7E60,0xAF7E9B,0xAF7ED4,0xAF7EE0,0xAF7F12,0xAF7F30,
  0xAF7F80,0xAF7F90,0xAF7FC0,0xAF7FE9,0xAF801F,0xAF8030,0xAF8081,0xAF8090,0xAF80C6,0xAF80F0,0xAF8110,0xAF8130,
  0xAF8173,0xAF8300,0xAF83CF,0xAF8460,0xAF85A5,0xAF8618,0xAF86A0,0xAF86DD,0xAF873E,0xAF8790,0xAF8800,0xAF886D,
  0xAF8920,0xAF89B0,0xAF8AD0,0xAF8D43,0xAF8DA0,0xAF8E0A,0xAF8E4A,0xAF8E7B,0xAF8E90,0xAF8EC6,0xAF8F1D,0xAF8F80,
  0xAF8FB6,0xAF9006,0xAF9060,0xAF90EC,0xAF9126,0xAF9157,0xAF9220,0xAF9270,0xAF92D1,0xAF9300,0xAF932E,0xAF9360,
  0xAF93A7,0xAF93DB,0xAF9417,0xAF946F,0xAF94B6,0xAF94FE,0xAF9543,0xAF9586,0xAF95CC,0xAF960F,0xAF9655,0xAF969B,
  0xAF96DA,0xAF9719,0xAF9776,0xAF97FA,0xAF9857,0xAF98B6,0xAF990F,0xAF993F,0xAF99A5,0xAF9A03,0xAF9A3A,0xAF9A8B,
  0xAF9ACA,0xAF9BE0,0xAF9C13,0xAF9C50,0xAFA023,0xAFA220,0xAFA2E0,0xAFA300,0xAFA370,0xAFA4E8,0xAFA512,0xAFA54F,
  0xAFA611,0xAFA63B,0xAFA679,0xAFA6E0,0xAFA740,0xAFA850,0xAFA8D7,0xAFA91F,0xAFA95E,0xAFAA09,0xAFAA58,0xAFAB5D,
  0xAFABAD,0xAFABEF,0xAFAC1A,0xAFAC76,0xAFACA7,0xAFACE2,0xAFAD37,0xAFAD40,0xAFAE20,0xAFAE50,0xAFAF10,0xAFAF42,
  0xAFAF78,0xAFAFA0,0xAFAFC9,0xAFAFE0,0xAFB000,0xAFB04C,0xAFB060,0xAFB089,0xAFB0A0,0xAFB0CE,0xAFB125,0xAFB130,
  0xAFB17D,0xAFB290,0xAFB360,0xAFB960,0xAFB9D0,0xAFBF90,0xAFC0B0,0xAFC670,0xAFC700,0xAFC880,0xAFC8B0,0xAFC8E0,
  0xAFC930,0xAFC990,0xAFCA00,0xAFCA70,0xAFCAD0,0xAFCB10,0xAFCB50,0xAFCB90,0xAFCBD0,0xAFCC20,0xAFCC60,0xAFCCA0,
  0xAFCD00,0xAFCD30,0xAFCD60,0xAFCDA0,0xAFCE50,0xAFCED0,0xAFCEF2,0xAFCF00,0xAFCF40,0xAFCF70,0xAFCF90,0xAFD00A,
  0xAFD200,0xAFD240,0xAFD250,0xAFD2E0,0xAFD420,0xAFD50E,0xAFD5C0,0xAFD6B4,0xAFD7F0,0xAFD81C,0xAFD86C,0xAFD890,
  0xAFD9C8,0xAFD9E0,0xAFDA40,0xAFDAB0,0xAFDAD0,0xAFDB10,0xAFDB90,0xAFDBD1,0xAFDC09,0xAFDC2D,0xAFDCC3,0xAFDD50,
  0xAFDD80,0xAFDDB0,0xAFE732,0xAFE7F0,0xAFE860,0xAFE8C0,0xAFE930,0xAFED23,0xAFED60,0xAFEED9,0xAFEEF0,0xAFF5B0,
  0xAFF6E0,0xAFF880,0xAFF8D0,0xAFF8F0,0xAFF910,0xAFFEE0,0xAFFF70,0xAFFFB9,0xAFFFE1,0xB00010,0xB0005F,0xB00090,
  0xB000A0,0xB00230,0xB002F2,0xB003B0,0xB003E0,0xB00620,0xB00671,0xB007D0,0xB00813,0xB008B0,0xB00930,0xB00970,
  0xB00B40,0xB00CB0,0xB00DCB,0xB00E60,0xB00EF0,0xB00F34,0xB01070,0xB01100,0xB011D0,0xB01200,0xB01260,0xB012A0,
  0xB01390,0xB01420,0xB014E0,0xB015D0,0xB01690,0xB016B0,0xB016D0,0xB0170D,0xB017C0,0xB018CC,0xB01970,0xB019B0,
  0xB01A2F,0xB01A50,0xB01B7F,0xB01BF3,0xB01C36,0xB01C8E,0xB01CD0,0xB01D1F,0xB01E10,0xB01EE4,0xB01FD3,0xB0200B,
  0xB02041,0xB02084,0xB020E9,0xB0211F,0xB02160,0xB02230,0xB022C5,0xB02310,0xB02374,0xB023F0,0xB0243E,0xB02450,
  0xB0249E,0xB024B0,0xB024EB,0xB02538,0xB02550,0xB0258B,0xB025D8,0xB025F0,0xB02671,0xB026D6,0xB0270F,0xB02780,
  0xB027ED,0xB02852,0xB0288B,0xB02900,0xB0294F,0xB02980,0xB02F91,0xB035E9,0xB03630,0xB037B0,0xB03910,0xB03A4B,
  0xB03C99,0xB03DB0,0xB03DD0,0xB03E00,0xB03E51,0xB0430B,0xB05530,0xB05570,0xB05590,0xB05620,0xB05740,0xB05780,
  0xB057E0,0xB05810,0xB05FC0,0xB05FD0,0xB06000,0xB06060,0xB06080,0xB060DC,0xB06140,0xB06160,0xB061A0,0xB061E0,
  0xB06290,0xB06340,0xB066F0,0xB0676D,0xB067E0,0xB067F0,0xB06850,0xB06910,0xB06970,0xB069C8,0xB069F1,0xB06BD0,
  0xB06C18,0xB06C4A,0xB06C73,0xB06E30,0xB06E60,0xB06E80,0xB06EB0,0xB070F0,0xB076B0,0xB07740,0xB07790,0xB07880,
  0xB078C0,0xB078EC,0xB07900,0xB07AC0,0xB07B45,0xB07B70,0xB07BA0,0xB07BB0,0xB08170,0xB08290,0xB082E0,0xB08330,
  0xB08398,0xB083C0,0xB084A0,0xB08670,0xB088D0,0xB088F0,0xB08930,0xB08950,0xB08970,0xB08990,0xB089B0,0xB089D0,
  0xB089F0,0xB08A00,0xB08A20,0xB08A40,0xB08A80,0xB08AA0,0xB08AC0,0xB08AE0,0xB08B00,0xB08B20,0xB08B40,0xB08B60,
  0xB08BD0,0xB08C90,0xB08D00,0xB08D70,0xB08DE0,0xB08E50,0xB08EC0,0xB08FF0,0xB09290,0xB09310,0xB0A625,0xB0A6D0,
  0xB0A9E0,0xB0AA30,0xB0AA40,0xB0AB00,0xB0AB60,0xB0AB70,0xB0AB80,0xB0ABA0,0xB0ABD0,0xB0AC50,0xB0ACC0,0xB0ACF0,
  0xB0AD1A,0xB0AD44,0xB0AD80,0xB0ADB0,0xB0ADE0,0xB0AE0A,0xB0AE34,0xB0AEE0,0xB0AF00,0xB0AF30,0xB0AF60,0xB0AF96,
  0xB0AFD6,0xB0B000,0xB0B08C,0xB0B0D0,0xB0B175,0xB0B1B0,0xB0B200,0xB0B230,0xB0B266,0xB0B290,0xB0B2BB,0xB0B2E9,
  0xB0B320,0xB0B340,0xB0B360,0xB0B430,0xB0B4C0,0xB0B4F0,0xB0B530,0xB0B5D0,0xB0B621,0xB0B730,0xB0B740,0xB0B76C,
  0xB0B770,0xB0B7CD,0xB0B800,0xB0B836,0xB0B860,0xB0B896,0xB0B8A0,0xB0B8B0,0xB0B920,0xB0B9BA,0xB0BA30,0xB0BA71,
  0xB0BAEB,0xB0BB20,0xB0BB8C,0xB0BBB0,0xB0BBF7,0xB0BC30,0xB0BC3F,0xB0BC88,0xB0BCB0,0xB0BCC0,0xB0BCF0,0xB0BD20,
  0xB0BDC0,0xB0BDF0,0xB0BE10,0xB0BE70,0xB0BE9E,0xB0BECC,0xB0BF03,0xB0BF50,0xB0BF80,0xB0BFA0,0xB0BFC0,0xB0BFF0,
  0xB0C000,0xB0C035,0xB0C0B0,0xB0C1F0,0xB0C260,0xB0C290,0xB0C2C0,0xB0C390,0xB0C3BB,0xB0C3F7,0xB0C420,0xB0C45E,
  0xB0C4B1,0xB0C55C,0xB0C580,0xB0C5F0,0xB0C630,0xB0C660,0xB0C690,0xB0C6C0,0xB0C6F0,0xB0C72D,0xB0C750,0xB0C7E0,
  0xB0C82C,0xB0C853,0xB0CAAB,0xB0CAE4,0xB0CCCA,0xB0CD0C,0xB0CD70,0xB0CDB0,0xB0CE62,0xB0CE8C,0xB0CF70,0xB0CFA0,
  0xB0D010,0xB0D0C0,0xB0D132,0xB0D16A,0xB0D29D,0xB0D2D5,0xB0D3F0,0xB0D4D0,0xB0D550,0xB0D58F,0xB0D610,0xB0D6AA,
  0xB0D97C,0xB0D9B0,0xB0D9E1,0xB0D9F0,0xB0DAC0,0xB0DBA1,0xB0DBD0,0xB0DC35,0xB0DC77,0xB0DCEA,0xB0DD72,0xB0DE30,
  0xB0DE80,0xB0DEB0,0xB0DFE0,0xB0E0F0,0xB0E1C0,0xB0E220,0xB0E271,0xB0E2B7,0xB0E2F0,0xB0E300,0xB0E335,0xB0E357,
  0xB0E390,0xB0E3D8,0xB0E540,0xB0E620,0xB0E681,0xB0E6CB,0xB0E704,0xB0E736,0xB0E77B,0xB0E7B6,0xB0E7FB,0xB0E828,
  0xB0E9E0,0xB0EC20,0xB0ED40,0xB0ED73,0xB0EEA0,0xB0EEE6,0xB0F180,0xB0F320,0xB0F3C3,0xB0F478,0xB0F4B8,0xB0F514,
  0xB0F547,0xB0F5CC,0xB0F6A6,0xB0F6DF,0xB0F7B0,0xB0F80C,0xB0F8A8,0xB0F8DE,0xB0F9A1,0xB0FA60,0xB0FB10,0xB0FB60,
  0xB0FB80,0xB0FBB0,0xB0FBC0,0xB0FBE0,0xB0FC10,0xB0FC20,0xB0FC50,0xB0FCA0,0xB0FD10,0xB0FD70,0xB0FD90,0xB0FE00,
  0xB0FE20,0xB0FE50,0xB0FE80,0xB0FEE0,0xB0FEF0,0xB0FF00,0xB0FF10,0xB0FF20,0xB0FF30,0xB0FFA0,0xB0FFB0,0xB0FFC0,
  0xB0FFE0,0xB10000,0xB10050,0xB10070,0xB100C0,0xB10160,0xB10180,0xB102E0,0xB10310,0xB10320,0xB10380,0xB103B0,
  0xB103C0,0xB10430,0xB104C0,0xB10560,0xB10860,0xB108D2,0xB1097B,0xB109DB,0xB10A34,0xB10A80,0xB10C69,0xB10D2A,
  0xB10D5F,0xB10DDE,0xB10E5B,0xB10EC2,0xB10EF7,0xB10F57,0xB1104E,0xB11083,0xB110EA,0xB1118B,0xB11230,0xB11250,
  0xB1127D,0xB112A7,0xB112D1,0xB112F0,0xB114C0,0xB114E9,0xB114F0,0xB11519,0xB11530,0xB115E0,0xB116B0,0xB117A0,
  0xB117F0,0xB11820,0xB118F0,0xB11980,0xB119C0,0xB11A0E,0xB11A40,0xB11A62,0xB11A70,0xB11A92,0xB11AA0,0xB11AD0,
  0xB11AF2,0xB11B00,0xB11B22,0xB11B30,0xB11B52,0xB11B60,0xB11B82,0xB11B90,0xB11BB2,0xB11BC0,0xB11BE2,0xB11BF0,
  0xB11C00,0xB11C22,0xB11C30,0xB11E20,0xB11E50,0xB11EB2,0xB11F30,0xB11F57,0xB11F86,0xB11FA0,0xB11FCA,0xB11FF9,
  0xB12034,0xB12040,0xB12067,0xB12096,0xB120D0,0xB120FC,0xB12120,0xB1214C,0xB12160,0xB1218E,0xB121B4,0xB12210,
  0xB12242,0xB12270,0xB122A2,0xB122C0,0xB122EA,0xB12300,0xB12329,0xB12366,0xB12370,0xB123B0,0xB123D7,0xB12406,
  0xB12420,0xB12449,0xB12478,0xB124AF,0xB124C0,0xB124E7,0xB12516,0xB12540,0xB12569,0xB12580,0xB125B0,0xB125D0,
  0xB12650,0xB12680,0xB126B0,0xB12710,0xB127D0,0xB127FB,0xB1284E,0xB12882,0xB128A0,0xB128CE,0xB128FB,0xB12928,
  0xB12951,0xB12970,0xB1299E,0xB129CB,0xB129F8,0xB12A21,0xB12A40,0xB12A68,0xB12A70,0xB12A9E,0xB12ACB,0xB12AF8,
  0xB12B10,0xB12B20,0xB12B30,0xB12B70,0xB12BD1,0xB12C1B,0xB12C65,0xB12CA0,0xB12D00,0xB12DA8,0xB12DB0,0xB12EB0,
  0xB130DC,0xB131A0,0xB131D4,0xB131FF,0xB13235,0xB132D1,0xB1336F,0xB133A0,0xB133DA,0xB1341E,0xB1345B,0xB134FF,
  0xB13545,0xB1359A,0xB135B0,0xB135DB,0xB13637,0xB136A1,0xB13780,0xB137AC,0xB137E7,0xB13810,0xB13850,0xB13882,
  0xB13900,0xB13942,0xB1397C,0xB13A00,0xB13A2C,0xB13A62,0xB13B30,0xB13B7F,0xB13BCE,0xB13C4F,0xB13DA5,0xB13DE0,
  0xB13E90,0xB13F1C,0xB13F30,0xB13FAD,0xB14022,0xB14240,0xB14283,0xB142FA,0xB14320,0xB1434E,0xB143B8,0xB14470,
  0xB144AE,0xB14550,0xB145D4,0xB145FF,0xB1463B,0xB146B8,0xB14710,0xB1474B,0xB14784,0xB147CB,0xB14804,0xB14880,
  0xB148D0,0xB148FF,0xB1492F,0xB149EB,0xB14A30,0xB14A5F,0xB14A8F,0xB14B4B,0xB14B90,0xB14BBF,0xB14BEF,0xB14CAC,
  0xB14CF0,0xB14D1F,0xB14D4F,0xB14DEA,0xB14E30,0xB14E5F,0xB14E8F,0xB14F5B,0xB14FA0,0xB14FCF,0xB14FFF,0xB150C3,
  0xB15100,0xB1512F,0xB1515F,0xB15246,0xB15280,0xB152AF,0xB152DF,0xB153C8,0xB15410,0xB1543D,0xB15484,0xB154B0,
  0xB154F4,0xB15528,0xB15627,0xB15670,0xB156B2,0xB15715,0xB15760,0xB157A5,0xB157D5,0xB15807,0xB158C4,0xB15920,
  0xB1596D,0xB159A0,0xB159CD,0xB15A31,0xB15A60,0xB15AA2,0xB15B1F,0xB15B60,0xB15BB3,0xB15BE4,0xB15C3D,0xB15CA0,
  0xB15CCE,0xB15CFE,0xB15D84,0xB15DC0,0xB15E02,0xB15EE3,0xB15F30,0xB15F77,0xB16021,0xB16098,0xB1611E,0xB16164,
  0xB161A6,0xB161E8,0xB16229,0xB16260,0xB1628D,0xB162EA,0xB16353,0xB163CB,0xB16409,0xB16440,0xB16460,0xB164A3,
  0xB164D3,0xB16559,0xB165A0,0xB165E2,0xB16650,0xB166A0,0xB166CD,0xB166FE,0xB16786,0xB167B0,0xB167E0,0xB16810,
  0xB168B2,0xB168F0,0xB1691C,0xB169F4,0xB16A10,0xB16A57,0xB16A8F,0xB16B0A,0xB16B50,0xB16B7E,0xB16CC7,0xB16CF0,
  0xB16D20,0xB16D50,0xB16DFC,0xB16E7A,0xB16F0F,0xB16F8F,0xB17073,0xB170B0,0xB170DE,0xB1710E,0xB17162,0xB172CA,
  0xB1732B,0xB17370,0xB173B7,0xB173E7,0xB17467,0xB17863,0xB178C0,0xB17903,0xB179F0,0xB17A32,0xB17AE7,0xB17B40,
  0xB17B6C,0xB17B80,0xB17BAE,0xB17BDE,0xB17C0D,0xB17C3A,0xB17C70,0xB17CB3,0xB17CE3,0xB17E25,0xB17E70,0xB17EB2,
  0xB17EE5,0xB17F17,0xB18078,0xB180D0,0xB180FE,0xB18182,0xB181B0,0xB181DE,0xB18262,0xB18290,0xB182B0,0xB182DE,
  0xB1830E,0xB18370,0xB1839E,0xB183CE,0xB18430,0xB1845E,0xB1848E,0xB184F0,0xB1851E,0xB1854E,0xB185B0,0xB185DE,
  0xB1860E,0xB18670,0xB186A1,0xB186D2,0xB188C0,0xB188EF,0xB18920,0xB18976,0xB18AB0,0xB18B2C,0xB18B60,0xB18B9E,
  0xB18BC0,0xB18C48,0xB18C91,0xB18CC0,0xB18D00,0xB18E10,0xB18F00,0xB18F3F,0xB18F7D,0xB18FC0,0xB19005,0xB19094,
  0xB190F4,0xB1911C,0xB19161,0xB19190,0xB191E7,0xB1932C,0xB19377,0xB193B0,0xB193F0,0xB19420,0xB19450,0xB19470,
  0xB19490,0xB194B0,0xB194D0,0xB19520,0xB19560,0xB195E0,0xB19600,0xB19630,0xB196D0,0xB19760,0xB197F0,0xB19880,
  0xB198D0,0xB19900,0xB19940,0xB19970,0xB199A0,0xB199E0,0xB19A1F,0xB19A5D,0xB19AA0,0xB19AE7,0xB19B0E,0xB19B3E,
  0xB19C5C,0xB19CF1,0xB19D5E,0xB19D87,0xB19DBF,0xB19DF0,0xB19E20,0xB19E4E,0xB19E86,0xB19EB7,0xB19F02,0xB19F40,
  0xB19F98,0xB19FBE,0xB19FF2,0xB1A054,0xB1A08E,0xB1A0F3,0xB1A12B,0xB1A220,0xB1A3D6,0xB1A3F0,0xB1A41C,0xB1A443,
  0xB1A47F,0xB1A4A0,0xB1A4CA,0xB1A4E0,0xB1A520,0xB1A570,0xB1A6A0,0xB1A790,0xB1A7FF,0xB1A810,0xB1AA0B,0xB1AA96,
  0xB1AAEC,0xB1AB00,0xB1ABF0,0xB1AD8C,0xB1B5F3,0xB1B66C,0xB1B6A9,0xB1B6E1,0xB1B720,0xB1B74F,0xB1B77F,0xB1B801,
  0xB1B85F,0xB1B8B0,0xB1B8DD,0xB1B90F,0xB1B941,0xB1B9C0,0xB1B9F0,0xB1BA1C,0xB1BAA5,0xB1BAC0,0xB1BB0A,0xB1BB3A,
  0xB1BBFC,0xB1BC97,0xB1BD30,0xB1BD73,0xB1BDA3,0xB1BDF9,0xB1BE80,0xB1BEC6,0xB1BF02,0xB1BF7D,0xB1BFB5,0xB1C080,
  0xB1C0D4,0xB1C194,0xB1C1D2,0xB1C220,0xB1C267,0xB1C297,0xB1C2C9,0xB1C3A6,0xB1C3DF,0xB1C419,0xB1C446,0xB1C718,
  0xB1C7EB,0xB1C834,0xB1C8B8,0xB1C92E,0xB1C9A0,0xB1C9E4,0xB1CA14,0xB1CA46,0xB1CA9D,0xB1CAD7,0xB1CB04,0xB1CB80,
  0xB1CBFC,0xB1CC8F,0xB1CCD0,0xB1CD0F,0xB1CD6F,0xB1CD98,0xB1CDD0,0xB1CDF0,0xB1CE37,0xB1CE67,0xB1D00B,0xB1D0DD,
  0xB1D160,0xB1D19B,0xB1D1D0,0xB1D210,0xB1D24B,0xB1D280,0xB1D2C0,0xB1D314,0xB1D350,0xB1D3B0,0xB1D404,0xB1D440,
  0xB1D4A0,0xB1D57A,0xB1D5AA,0xB1D60E,0xB1D690,0xB1D6BD,0xB1D6EF,0xB1D721,0xB1D772,0xB1D7A0,0xB1D7C0,0xB1D820,
  0xB1D84C,0xB1D874,0xB1D8B0,0xB1D8E0,0xB1D90B,0xB1D936,0xB1D960,0xB1D98B,0xB1D9C5,0xB1DA20,0xB1DA9C,0xB1DB1C,
  0xB1DBB0,0xB1DBC0,0xB1DC39,0xB1DC64,0xB1DCD6,0xB1DD30,0xB1DD60,0xB1DD70,0xB1DD80,0xB1DD90,0xB1DDB0,0xB1DE40,
  0xB1DE70,0xB1DEA0,0xB1DEB0,0xB1DEC0,0xB1DED0,0xB1DEF0,0xB1DF20,0xB1DF30,0xB1DFB0,0xB1E000,0xB1E020,0xB1E070,
  0xB1E09F,0xB1E0DD,0xB1E10A,0xB1E120,0xB1E14D,0xB1E17B,0xB1E1B9,0xB1E1F0,0xB1E2A7,0xB1E3E0,0xB1E470,0xB1E4C0,
  0xB1E4E0,0xB1E502,0xB1E510,0xB1E532,0xB1E540,0xB1E5B0,0xB1E670,0xB1E6E0,0xB1E710,0xB1E740,0xB1E770,0xB1E790,
  0xB1E7B0,0xB1E7C0,0xB1E7F0,0xB1E830,0xB1E85E,0xB1E880,0xB1E8AB,0xB1E8D4,0xB1E8F0,0xB1E93C,0xB1E971,0xB1E9A6,
  0xB1E9DC,0xB1E9F0,0xB1EA60,0xB1EAC0,0xB1EB60,0xB1EBF0,0xB1EC50,0xB1EC92,0xB1ECE0,0xB1ED0D,0xB1ED47,0xB1ED70,
  0xB1EE40,0xB1EE7A,0xB1EF33,0xB1EF5B,0xB1F077,0xB1F140,0xB1F173,0xB1F229,0xB1F251,0xB1F330,0xB1F3A2,0xB1F3D0,
  0xB1F470,0xB1F530,0xB1F5C0,0xB1F670,0xB1F6A0,0xB1F6D6,0xB1F6E0,0xB1F740,0xB1F780,0xB1F7D0,0xB1F800,0xB1F820,
  0xB21B4F,0xB21BA0,0xB21BFF,0xB21C2D,0xB21CDE,0xB21D3E,0xB21D60,0xB21E62,0xB21EAE,0xB21F70,0xB21FCD,0xB220EF,
  0xB22110,0xB22130,0xB22160,0xB22180,0xB22190,0xB221A0,0xB22210,0xB222B0,0xB22356,0xB223D0,0xB223E0,0xB223F0,
  0xB22417,0xB22460,0xB2248C,0xB224C0,0xB22500,0xB2252D,0xB22560,0xB2258D,0xB225B0,0xB22610,0xB2263B,0xB226B0,
  0xB226DB,0xB22720,0xB2274C,0xB227A0,0xB22890,0xB228B0,0xB22AD0,0xB22B15,0xB22B6E,0xB22BBC,0xB22C0F,0xB22C75,
  0xB22CE0,0xB22D4B,0xB22D9A,0xB22DF4,0xB22E4C,0xB22EFF,0xB22F90,0xB231E0,0xB23210,0xB2325E,0xB232C7,0xB232F5,
  0xB23389,0xB233B6,0xB234EA,0xB23540,0xB2357C,0xB2363E,0xB2374F,0xB23790,0xB23850,0xB238B0,0xB238E0,0xB23A00,
  0xB23A50,0xB24050,0xB240C0,0xB246C0,0xB24750,0xB24989,0xB249E0,0xB24DDC,0xB24E40,0xB25470,0xB25500,0xB25520,
  0xB25550,0xB25580,0xB25590,0xB255F0,0xB25C00,0xB25C90,0xB25CA0,0xB25D60,0xB25D80,0xB25DC0,0xB25E10,0xB25E30,
  0xB25EE0,0xB25F90,0xB26040,0xB260C0,0xB26100,0xB261D0,0xB261E0,0xB261F0,0xB26200,0xB26290,0xB26320,0xB26610,
  0xB26880,0xB26C00,0xB26CE0,0xB26D30,0xB26E70,0xB26F60,0xB27430,0xB27460,0xB275C0,0xB27710,0xB279E0,0xB27C80,
  0xB280A0,0xB28120,0xB281B0,0xB28230,0xB28330,0xB284D0,0xB286E0,0xB288B0,0xB28A30,0xB28D40,0xB28D70,0xB28DA0,
  0xB28DD0,0xB28E90,0xB28F50,0xB28F90,0xB29020,0xB290F0,0xB29130,0xB291C0,0xB29290,0xB293C0,0xB29420,0xB29680,
  0xB296D0,0xB29720,0xB29AC0,0xB29D90,0xB2A060,0xB2A080,0xB2A8A0,0xB2A990,0xB2A9B0,0xB2A9F0,0xB2AA60,0xB2AAC0,
  0xB2AB20,0xB2ABF0,0xB2AD80,0xB2AF10,0xB2B100,0xB2B560,0xB2B5A0,0xB2B5B0,0xB2B630,0xB2B6B0,0xB2B720,0xB2B8A0,
  0xB2BA20,0xB2BAE0,0xB2BC10,0xB2BD10,0xB2BE80,0xB2C000,0xB2C170,0xB2C2F0,0xB2C6B0,0xB2C790,0xB2C860,0xB2C980,
  0xB2CDC0,0xB2CF00,0xB2D140,0xB2D3A0,0xB2D470,0xB2D790,0xB2D900,0xB2D980,0xB2D9A0,0xB2D9D0,0xB2DA00,0xB2DB10,
  0xB2DBA0,0xB2DBF0,0xB2DC40,0xB2DDF0,0xB2DE70,0xB2DE90,0xB2DEA0,0xB2DEC0,0xB2DED0,0xB2DEE0,0xB2DFF0,0xB2E000,
  0xB2E020,0xB2E030,0xB2E090,0xB2E1A0,0xB2E1C0,0xB2E1D0,0xB2E470,0xB2EA10,0xB2ECD0,0xB2ED00,0xB2ED80,0xB2EE90,
  0xB2EEA0,0xB2EED0,0xB2EF00,0xB2EFF0,0xB2F010,0xB2F020,0xB2F050,0xB2F0A0,0xB2F0D0,0xB2F1A0,0xB2F370,0xB2F390,
  0xB2F400,0xB2F460,0xB2F500,0xB2F5C0,0xB2F600,0xB2F640,0xB2F650,0xB2F670,0xB2F6A0,0xB2FA20,0xB2FDC0,0xB301B0,
  0xB30580,0xB306F0,0xB30840,0xB30880,0xB309D0,0xB30C00,0xB30D90,0xB30DE0,0xB30EF0,0xB30F30,0xB30F60,0xB31010,
  0xB310E0,0xB311A0,0xB315E0,0xB31600,0xB31620,0xB31650,0xB31680,0xB31780,0xB317D0,0xB318C0,0xB318F0,0xB319F0,
  0xB31B10,0xB31B50,0xB31BF0,0xB31CE0,0xB31D10,0xB31E00,0xB31EA0,0xB31FF0,0xB320C0,0xB32100,0xB321C0,0xB32250,
  0xB33250,0xB334B0,0xB334D0,0xB33730,0xB33990,0xB33BF0,0xB33FF0,0xB341F0,0xB34240,0xB34320,0xB34530,0xB34620,
  0xB34730,0xB34850,0xB34BC0,0xB35FD0,0xB36050,0xB36160,0xB36280,0xB363D0,0xB372C0,0xB372E0,0xB372F0,0xB37340,
  0xB373B0,0xB373E0,0xB37420,0xB37450,0xB37510,0xB37540,0xB37570,0xB37640,0xB37680,0xB37740,0xB37770,0xB377A0,
  0xB377D0,0xB377E0,0xB37810,0xB37830,0xB37860,0xB37890,0xB378C0,0xB37910,0xB379A0,0xB37A40,0xB37D60,0xB37DF0,
  0xB37EB0,0xB38070,0xB38390,0xB38460,0xB38530,0xB38680,0xB386D0,0xB386F0,0xB38700,0xB38720,0xB38740,0xB38750,
  0xB387B0,0xB387D0,0xB388B0,0xB389A0,0xB389C0,0xB389E0,0xB38A70,0xB38B30,0xB38BF0,0xB38F00,0xB390F0,0xB39110,
  0xB392A0,0xB39340,0xB39400,0xB394F0,0xB39EC0,0xB39FD0,0xB3A1A0,0xB3A2C0,0xB3A400,0xB3A560,0xB3A950,0xB3B5C0,
  0xB3B6E0,0xB3B7C0,0xB3B880,0xB3B930,0xB3B980,0xB3C590,0xB3C6C0,0xB3C840,0xB3C9D0,0xB3CB10,0xB3CC00,0xB3CCF0,
  0xB3CDE0,0xB3CE50,0xB3CFF0,0xB3D010,0xB3E290,0xB3E780,0xB3F760,0xB3F7A0,0xB3F870,0xB3F940,0xB3F960,0xB3F980,
  0xB3F9A0,0xB3F9C0,0xB3F9F0,0xB3FA40,0xB3FB20,0xB3FC20,0xB3FCE0,0xB3FDA0,0xB3FDD0,0xB3FE00,0xB3FF30,0xB400D0,
  0xB401A0,0xB40260,0xB402A0,0xB402E0,0xB403C0,0xB40410,0xB40420,0xB40430,0xB404A0,0xB40550,0xB40600,0xB40650,
  0xB406A0,0xB406F0,0xB40740,0xB40860,0xB408B0,0xB40960,0xB409A0,0xB40A90,0xB40B00,0xB40B50,0xB40BA0,0xB40E00,
  0xB40E70,0xB40F50,0xB41060,0xB41170,0xB41230,0xB41310,0xB413B0,0xB41450,0xB41480,0xB41490,0xB414B0,0xB41710,
  0xB41910,0xB41960,0xB41A10,0xB41A50,0xB41AA0,0xB41B40,0xB41BA0,0xB41BE0,0xB41C00,0xB41D20,0xB41D50,0xB41E50,
  0xB41E90,0xB41ED0,0xB41F20,0xB41F60,0xB41FA0,0xB41FF0,0xB42030,0xB42180,0xB42200,0xB42280,0xB42300,0xB42380,
  0xB42400,0xB42450,0xB424C0,0xB42540,0xB42560,0xB426D0,0xB429D0,0xB42B00,0xB42B60,0xB42BB0,0xB42C30,0xB42E20,
  0xB42E50,0xB42EC0,0xB42F30,0xB42FB0,0xB42FE0,0xB43010,0xB430D0,0xB43190,0xB43250,0xB43290,0xB43470,0xB43790,
  0xB43980,0xB43EA0,0xB43F10,0xB43FB0,0xB44160,0xB44340,0xB44460,0xB44510,0xB44570,0xB446D0,0xB44760,0xB44850,
  0xB448A0,0xB44930,0xB449D0,0xB44A10,0xB44A60,0xB45E70,0xB45F60,0xB45FF0,0xB46070,0xB46130,0xB46140,0xB46150,
  0xB461B0,0xB46200,0xB46250,0xB46270,0xB46320,0xB46350,0xB46370,0xB465C0,0xB466C0,0xB46700,0xB46880,0xB468C0,
  0xB468E0,0xB46980,0xB469A0,0xB469E0,0xB46A10,0xB46A60,0xB46A90,0xB46AB0,0xB46B60,0xB46C10,0xB46CA0,0xB46D10,
  0xB47450,0xB47510,0xB475E0,0xB47620,0xB47680,0xB478D0,0xB47980,0xB479B0,0xB479E0,0xB47DC0,0xB48360,0xB48470,
  0xB484F0,0xB48650,0xB486E0,0xB487B0,0xB48EE0,0xB48F50,0xB49000,0xB49030,0xB49080,0xB490D0,0xB49180,0xB49200,
  0xB492C0,0xB492F0,0xB49340,0xB49390,0xB494F0,0xB495D0,0xB496D0,0xB49720,0xB497A0,0xB49860,0xB49920,0xB499D0,
  0xB499F0,0xB49B40,0xB4A260,0xB4A2B0,0xB4A2D0,0xB4A300,0xB4A340,0xB4A370,0xB4A420,0xB4A470,0xB4A4E0,0xB4A520,
  0xB4A570,0xB4A5D0,0xB4A6B0,0xB4A820,0xB4A880,0xB4A8D0,0xB4A910,0xB4A980,0xB4A9B0,0xB4AD10,0xB4AE20,0xB4B050,
  0xB4B2C0,0xB4B470,0xB4B600,0xB4B6F0,0xB4B750,0xB4B800,0xB4B860,0xB4B8A0,0xB4B930,0xB4BA00,0xB4BA80,0xB4BC00,
  0xB4BCB0,0xB4C050,0xB4C1E0,0xB4C230,0xB4C2C0,0xB4C400,0xB4C500,0xB4C570,0xB4C760,0xB4C7F0,0xB4CAC0,0xB4CB30,
  0xB4CBF0,0xB4CC60,0xB4CC90,0xB4CCB0,0xB4CD30,0xB4CD80,0xB4CEB0,0xB4CFD0,0xB4D010,0xB4D0B0,0xB4D340,0xB4D380,
  0xB4D460,0xB4D5F0,0xB4D6A0,0xB4D710,0xB4D770,0xB4D7C0,0xB4D7F0,0xB4D890,0xB4D8B0,0xB4D8C0,0xB4D8D0,0xB4D8E0,
  0xB4D8F0,0xB4D900,0xB4D910,0xB4D920,0xB4D930,0xB4D940,0xB4D950,0xB4D960,0xB4D970,0xB4D980,0xB4D990,0xB4D9A0,
  0xB4D9B0,0xB4D9C0,0xB4D9D0,0xB4D9E0,0xB4D9F0,0xB4DA20,0xB4DA50,0xB4DA80,0xB4DB10,0xB4DB20,0xB4DB30,0xB4DBB0,
  0xB4DBE0,0xB4DCA0,0xB4DD90,0xB4DE50,0xB4DF40,0xB4DFF0,0xB4E010,0xB4E100,0xB4E190,0xB4E250,0xB4E270,0xB4E290,
  0xB4E2A0,0xB4E2C0,0xB4E2E0,0xB4E310,0xB4E330,0xB4E350,0xB4E370,0xB4E380,0xB4E390,0xB4E420,0xB4E460,0xB4E4F0,
  0xB4E520,0xB4E530,0xB4E580,0xB4E620,0xB4E660,0xB4E810,0xB4E890,0xB4EA20,0xB4EAC0,0xB4EB70,0xB4EC80,0xB4ECA0,
  0xB4EF50,0xB4F3E0,0xB4F410,0xB4F440,0xB4F460,0xB4F480,0xB4F510,0xB4F570,0xB4F5D0,0xB4F620,0xB4F630,0xB4F650,
  0xB4F6A0,0xB4F710,0xB4F730,0xB4F750,0xB4F770,0xB4F790,0xB4F7C0,0xB4F7F0,0xB4F830,0xB4F850,0xB4F890,0xB4F8B0,
  0xB4F8D0,0xB4F8E0,0xB4F930,0xB4F9C0,0xB4FA70,0xB4FAB0,0xB4FB20,0xB4FB70,0xB4FC80,0xB4FD20,0xB4FDC0,0xB4FE40,
  0xB4FF50,0xB4FFE0,0xB4FFF0,0xB50090,0xB50100,0xB501A0,0xB50510,0xB50570,0xB50610,0xB50980,0xB509E0,0xB50A80,
  0xB50B40,0xB50B70,0xB50C30,0xB50C60,0xB50C90,0xB50E00,0xB50E60,0xB50FD0,0xB51030,0xB51090,0xB510E0,0xB51130,
  0xB51180,0xB511D0,0xB51200,0xB51230,0xB515E0,0xB51690,0xB51750,0xB51780,0xB518D0,0xB51920,0xB51970,0xB519B0,
  0xB51A00,0xB51A50,0xB51D90,0xB520F0,0xB52170,0xB52260,0xB52300,0xB523A0,0xB52430,0xB524B0,0xB52590,0xB52620,
  0xB52660,0xB526A0,0xB52740,0xB52BE0,0xB52BF0,0xB52C30,0xB52CA0,0xB52D10,0xB52D50,0xB52DE0,0xB52E10,0xB52EC0,
  0xB52F60,0xB52FC1,0xB52FED,0xB52FF5,0xB53072,0xB53088,0xB530B0,0xB530CC,0xB530EC,0xB5312C,0xB5314B,0xB53179,
  0xB531A4,0xB531CE,0xB531E4,0xB53209,0xB534F6,0xB53510,0xB53527,0xB535FE,0xB53689,0xB536F2,0xB537D6,0xB5390E,
  0xB539D5,0xB539F3,0xB53A2B,0xB53B00,0xB53B67,0xB53B8A,0xB53BA6,0xB542D4,0xB5430E,0xB54361,0xB54391,0xB543AD,
  0xB5442B,0xB546C0,0xB546F3,0xB5470F,0xB54847,0xB54BAB,0xB54BC6,0xB54BFC,0xB54C1A,0xB54D33,0xB54FEB,0xB54FF2,
  0xB5500E,0xB55146,0xB551B1,0xB551B9,0xB55208,0xB5523D,0xB55259,0xB552BF,0xB5570B,0xB55840,0xB55850,0xB55860,
  0xB55880,0xB558A0,0xB558C0,0xB558E0,0xB55910,0xB55920,0xB55950,0xB55960,0xB55970,0xB55980,0xB55990,0xB559A0,
  0xB559E0,0xB559F0,0xB55A00,0xB55A10,0xB55A40,0xB55A60,0xB55AA0,0xB55AE0,0xB55B00,0xB55B30,0xB55B50,0xB55B70,
  0xB55BA0,0xB55BD0,0xB55BF0,0xB55C10,0xB55C30,0xB55C50,0xB55C90,0xB55CC0,0xB55CE0,0xB55CF0,0xB55D50,0xB55DA0,
  0xB55DD0,0xB55DE0,0xB55E10,0xB55E30,0xB55E40,0xB55E80,0xB55ED0,0xB55F00,0xB55F20,0xB565A0,0xB565F0,0xB56680,
  0xB56760,0xB56770,0xB56790,0xB568E0,0xB56A30,0xB56B10,0xB56B90,0xB56C30,0xB56C90,0xB56CE0,0xB56D00,0xB56D70,
  0xB56DD0,0xB56E50,0xB570B0,0xB570C0,0xB570D0,0xB570E0,0xB570F0,0xB57100,0xB57110,0xB57130,0xB57150,0xB57170,
  0xB57190,0xB571A0,0xB57220,0xB57240,0xB57270,0xB57290,0xB572C0,0xB572E0,0xB57320,0xB57350,0xB573E0,0xB574B0,
  0xB574D0,0xB57950,0xB5B030,0xB5B0F0,0xB5B110,0xB5B130,0xB5B170,0xB5B180,0xB5B190,0xB5B1C0,0xB5B220,0xB5B2A0,
  0xB5B2F0,0xB5B320,0xB5B340,0xB5B380,0xB5B3E0,0xB5B420,0xB5B460,0xB5B4A0,0xB5B500,0xB5B570,0xB5B5C0,0xB5B600,
  0xB5B650,0xB5B6A0,0xB5B6E0,0xB5B720,0xB5B760,0xB5B790,0xB5B7C0,0xB5B7F0,0xB5B830,0xB5B890,0xB5B8A0,0xB5B910,
  0xB5B970,0xB5B9C0,0xB5BA10,0xB5BA80,0xB5BAB0,0xB5BB30,0xB5BB70,0xB5BBA0,0xB5BBE0,0xB5BC40,0xB5BCA0,0xB5BCC0,
  0xB5BD70,0xB5BD90,0xB5BDA0,0xB5BDB0,0xB5BDE0,0xB5BE30,0xB5BE60,0xB5BF00,0xB5BF90,0xB5BFC0,0xB5C010,0xB5C030,
  0xB5C050,0xB5C300,0xB5C390,0xB5C400,0xB5C470,0xB5C4A0,0xB5C4D0,0xB5C570,0xB5C5A0,0xB5C5D0,0xB5C5F0,0xB5C620,
  0xB5C650,0xB5C680,0xB5C6B0,0xB5C6E0,0xB5C710,0xB5C740,0xB5C790,0xB5C7C0,0xB5C7F0,0xB5C840,0xB5C870,0xB5C8C0,
  0xB5C8F0,0xB5C920,0xB5C960,0xB5C990,0xB5C9C0,0xB5CA10,0xB5CA50,0xB5CAD0,0xB5CB50,0xB5CC80,0xB5CCA0,0xB5CCF0,
  0xB5CD40,0xB5CDF0,0xB5CE90,0xB5CF30,0xB5CFB0,0xB5D040,0xB5D0F0,0xB5D120,0xB5D160,0xB5D1D0,0xB5D2F0,0xB5D390,
  0xB5D3F0,0xB5D460,0xB5D500,0xB5D590,0xB5D5E0,0xB5D640,0xB5D6A0,0xB5D900,0xB5D970,0xB5D9E0,0xB5DBC0,0xB5DD00,
  0xB5DED0,0xB5E020,0xB5E300,0xB5E320,0xB5E370,0xB5E3C0,0xB5E410,0xB5E490,0xB5E4B0,0xB5E520,0xB5E570,0xB5E660,
  0xB5E6E0,0xB5E770,0xB5E880,0xB5E8A0,0xB5E8C0,0xB5E910,0xB5E950,0xB5EA10,0xB5EAC0,0xB5EB60,0xB5EC00,0xB5EDF0,
  0xB5EF30,0xB5F050,0xB5F120,0xB5F160,0xB5F1C0,0xB5F230,0xB5F250,0xB5F280,0xB5F2B0,0xB5F340,0xB5F3B0,0xB5F3E0,
  0xB5F6E0,0xB5F820,0xB5F840,0xB5F870,0xB5F950,0xB5F9F0,0xB5FB20,0xB5FB40,0xB5FB70,0xB5FB90,0xB5FBD0,0xB5FC10,
  0xB5FC40,0xB5FC90,0xB5FCD0,0xB5FD00,0xB5FD40,0xB5FDE0,0xB5FE50,0xB5FEA0,0xB5FED0,0xB5FF00,0xB5FF40,0xB5FF90,
  0xB60030,0xB600A0,0xB601F0,0xB60310,0xB603C0,0xB60450,0xB60490,0xB604D0,0xB60580,0xB60640,0xB60660,0xB606D0,
  0xB60AE0,0xB60B50,0xB60B90,0xB60BD0,0xB60C10,0xB60C40,0xB60C90,0xB60CC0,0xB60D70,0xB60DD0,0xB60E20,0xB60E70,
  0xB60EB0,0xB60F20,0xB60F80,0xB60FF0,0xB61190,0xB611B0,0xB611F0,0xB61260,0xB61380,0xB613D0,0xB61420,0xB614B0,
  0xB614E0,0xB61550,0xB61590,0xB615D0,0xB61600,0xB61620,0xB61630,0xB61640,0xB61680,0xB616B0,0xB616E0,0xB61770,
  0xB61790,0xB617F0,0xB61810,0xB61890,0xB61930,0xB61950,0xB619E0,0xB61A30,0xB61A90,0xB61B20,0xB61B40,0xB61D00,
  0xB61E00,0xB61EA0,0xB61F00,0xB61F30,0xB61F80,0xB62140,0xB621B0,0xB62250,0xB622F0,0xB62310,0xB62370,0xB623B0,
  0xB62420,0xB62460,0xB62570,0xB625B0,0xB62660,0xB626E0,0xB62770,0xB62790,0xB627B0,0xB628A0,0xB629B0,0xB62A50,
  0xB62B70,0xB62BF0,0xB62C20,0xB62C90,0xB62D80,0xB62F20,0xB62FE0,0xB63010,0xB63030,0xB63C70,0xB63CE0,0xB63D40,
  0xB63D60,0xB63D90,0xB63E10,0xB63E90,0xB63EB0,0xB63EE0,0xB64020,0xB64040,0xB640D0,0xB641B0,0xB64200,0xB64240,
  0xB64280,0xB64340,0xB64380,0xB64480,0xB64520,0xB645E0,0xB64610,0xB64650,0xB646B0,0xB64710,0xB64760,0xB647A0,
  0xB647F0,0xB64870,0xB64930,0xB649C0,0xB64A20,0xB64A60,0xB64A80,0xB64B40,0xB64C30,0xB64C60,0xB64CA0,0xB64CC0,
  0xB64D30,0xB64DA0,0xB64E40,0xB64E70,0xB64EE0,0xB64F90,0xB64FF0,0xB65080,0xB650C0,0xB65100,0xB65140,0xB65170,
  0xB65210,0xB652C0,0xB652F0,0xB65370,0xB65470,0xB654B0,0xB654E0,0xB65520,0xB65640,0xB656C0,0xB656E0,0xB65740,
  0xB65780,0xB657C0,0xB657F0,0xB65870,0xB658B0,0xB65910,0xB65940,0xB659B0,0xB65A50,0xB65A70,0xB65AD0,0xB65B20,
  0xB65B50,0xB65BC0,0xB65BF0,0xB65C70,0xB65CD0,0xB65D20,0xB65D50,0xB65DA0,0xB65DC0,0xB65E00,0xB65E90,0xB65EB0,
  0xB65ED0,0xB65F90,0xB65FE0,0xB66040,0xB660B0,0xB66110,0xB66160,0xB661E0,0xB66220,0xB66260,0xB66280,0xB662F0,
  0xB66330,0xB663B0,0xB66430,0xB66490,0xB66520,0xB66540,0xB66560,0xB665F0,0xB66650,0xB66720,0xB667E0,0xB66810,
  0xB66830,0xB669D0,0xB66A20,0xB66A50,0xB66B00,0xB66C00,0xB66CF0,0xB66DD0,0xB66EF0,0xB66F80,0xB67040,0xB670E0,
  0xB671E0,0xB672A0,0xB67340,0xB67410,0xB67530,0xB67680,0xB67740,0xB677C0,0xB67860,0xB67B30,0xB67BC0,0xB67E10,
  0xB67F20,0xB67F30,0xB68010,0xB68140,0xB68250,0xB682F0,0xB68400,0xB68470,0xB68680,0xB68730,0xB68800,0xB68810,
  0xB68830,0xB68880,0xB688B0,0xB68940,0xB68A20,0xB68A40,0xB68A60,0xB68AD0,0xB68B60,0xB68C80,0xB68CE0,0xB68E40,
  0xB68F70,0xB69000,0xB69070,0xB69250,0xB69270,0xB69300,0xB69330,0xB69370,0xB693C0,0xB693F0,0xB69470,0xB694B0,
  0xB69510,0xB69530,0xB69570,0xB69610,0xB69640,0xB69690,0xB696B0,0xB696D0,0xB69730,0xB69750,0xB697A0,0xB69820,
  0xB69860,0xB698F0,0xB69960,0xB69AB0,0xB69AF0,0xB69B40,0xB69BB0,0xB69F80,0xB69FC0,0xB69FE0,0xB6A000,0xB6A0B0,
  0xB6A0F0,0xB6A180,0xB6A2E0,0xB6A380,0xB6A540,0xB6A750,0xB6A780,0xB6A930,0xB6AA30,0xB6AA60,0xB6AA90,0xB6AAD0,
  0xB6AE50,0xB6B030,0xB6B080,0xB6B150,0xB6B190,0xB6B1E0,0xB6B210,0xB6B260,0xB6B300,0xB6B390,0xB6B440,0xB6B6E0,
  0xB6B720,0xB6B790,0xB6BA20,0xB6BED0,0xB6C420,0xB6C450,0xB6C460,0xB6C470,0xB6C480,0xB6C490,0xB6C530,0xB6C540,
  0xB6C550,0xB6C5D0,0xB6C5F0,0xB6C6D0,0xB6C700,0xB6C730,0xB6C740,0xB6C7D0,0xB6C930,0xB6CB00,0xB6CB20,0xB6CB40,
  0xB6CB60,0xB6CB80,0xB6CC00,0xB6CC30,0xB6CC70,0xB6CC90,0xB6CCE0,0xB6CD30,0xB6CD60,0xB6CDA0,0xB6CDC0,0xB6CE10,
  0xB6CE60,0xB6CE80,0xB6CEB0,0xB6CED0,0xB6CEE0,0xB6CEF0,0xB6CF00,0xB6CF10,0xB6CF30,0xB6CF40,0xB6CF50,0xB6CF60,
  0xB6CF80,0xB6CF90,0xB6D060,0xB6D1B0,0xB6D200,0xB6D240,0xB6D2B0,0xB6D330,0xB6D370,0xB6D3B0,0xB6D4A0,0xB6D560,
  0xB6D5E0,0xB6D650,0xB6D690,0xB6D6B0,0xB6D6E0,0xB6D730,0xB6D8A0,0xB6DD80,0xB6DDA0,0xB6DE20,0xB6DE60,0xB6DE90,
  0xB6DF30,0xB6DF40,0xB6DF90,0xB6DFD0,0xB6E220,0xB6E2A0,0xB6E320,0xB6E340,0xB6E3C0,0xB6E6B0,0xB6E7B0,0xB6E7C2,
  0xB6E7E5,0xB6E83F,0xB6E865,0xB6E877,0xB6E8AF,0xB6E8B3,0xB6E8C4,0xB6E90E,0xB6E912,0xB6E923,0xB6E97F,0xB6EA17,
  0xB6EB24,0xB6ECF6,0xB6ED82,0xB6EE28,0xB6EE2E,0xB6EE9A,0xB6EEB8,0xB6EEF5,0xB6EF05,0xB6EF0C,0xB6EF12,0xB6F263,
  0xB6F39B,0xB6F6EA,0xB6F6F0,0xB6F714,0xB6F720,0xB6F732,0xB6F746,0xB6F751,0xB6F75C,0xB6F767,0xB6F772,0xB6F77D,
  0xB6F792,0xB6F79A,0xB6F7A4,0xB6F7AC,0xB6F7BE,0xB6F7D0,0xB6F7DB,0xB6F7F0,0xB6F810,0xB6F823,0xB6F83B,0xB6F853,
  0xB6F861,0xB6F86F,0xB6F87D,0xB6F8A0,0xB6F8A8,0xB6F8C0,0xB6F8E0,0xB6F900,0xB6F908,0xB6F910,0xB6F930,0xB6F938,
  0xB6F951,0xB6F96A,0xB6F980,0xB6F9A0,0xB6F9A8,0xB6F9B0,0xB6F9D0,0xB6F9F0,0xB6FA01,0xB6FA13,0xB6FA25,0xB6FA2D,
  0xB6FA38,0xB6FA4A,0xB6FA52,0xB6FA5D,0xB6FA6F,0xB6FA81,0xB6FA93,0xB6FAA5,0xB6FAAD,0xB6FAB8,0xB6FACA,0xB6FAD2,
  0xB6FADD,0xB6FAEF,0xB6FB01,0xB6FB20,0xB6FB39,0xB6FB60,0xB6FB68,0xB6FB70,0xB6FBA0,0xB6FBA8,0xB6FBC0,0xB6FBCB,
  0xB6FBD6,0xB6FBF0,0xB6FBFB,0xB6FC1A,0xB6FC39,0xB6FC44,0xB6FC4F,0xB6FC6E,0xB6FC8D,0xB6FC98,0xB6FCA3,0xB6FCC2,
  0xB6FCE1,0xB6FD00,0xB6FD21,0xB6FD2C,0xB6FD37,0xB6FD50,0xB6FD70,0xB6FD7B,0xB6FD9A,0xB6FDB9,0xB6FDC4,0xB6FDCF,
  0xB6FDEE,0xB6FE0D,0xB6FE18,0xB6FE37,0xB6FE56,0xB6FE75,0xB6FE96,0xB6FEA1,0xB6FEAC,0xB6FED0,0xB6FED8,0xB6FEF1,
  0xB6FF0A,0xB6FF20,0xB6FF40,0xB6FF60,0xB6FF6B,0xB6FF8A,0xB6FFA9,0xB6FFB4,0xB6FFD3,0xB6FFF2,0xB6FFFD,0xB70008,
  0xB70027,0xB70046,0xB70051,0xB70070,0xB70091,0xB700B0,0xB700BB,0xB700DA,0xB700F9,0xB70104,0xB70123,0xB70142,
  0xB7014D,0xB70158,0xB70177,0xB70196,0xB701A1,0xB701C0,0xB701E1,0xB70200,0xB70208,0xB70230,0xB70238,0xB70250,
  0xB70270,0xB70278,0xB70290,0xB702B0,0xB702D0,0xB702F0,0xB702FB,0xB70306,0xB70311,0xB70330,0xB70338,0xB70340,
  0xB70370,0xB70390,0xB703C0,0xB703F0,0xB70420,0xB70450,0xB70462,0xB70474,0xB70486,0xB70498,0xB704A3,0xB704AE,
  0xB704B9,0xB704C4,0xB704D6,0xB704E8,0xB704FA,0xB70520,0xB70540,0xB70560,0xB70580,0xB705A0,0xB705C0,0xB705E0,
  0xB705E8,0xB70610,0xB70630,0xB7063B,0xB70650,0xB70670,0xB70678,0xB706A0,0xB706C0,0xB706E0,0xB70700,0xB70720,
  0xB70740,0xB70760,0xB7077F,0xB7078A,0xB707A0,0xB707BF,0xB707CA,0xB707E0,0xB707FC,0xB70807,0xB70820,0xB7083C,
  0xB70847,0xB70860,0xB7087F,0xB7088A,0xB708A0,0xB708BF,0xB708CA,0xB708E0,0xB708FF,0xB7090A,0xB70920,0xB7093F,
  0xB7094A,0xB70960,0xB70980,0xB709A0,0xB709C0,0xB709E0,0xB70A00,0xB70A20,0xB70A40,0xB70A60,0xB70A80,0xB70AA0,
  0xB70AA8,0xB70AC0,0xB70AE0,0xB70B00,0xB70B20,0xB70B28,0xB70B3A,0xB70B4C,0xB70B68,0xB70B70,0xB70B82,0xB70B8A,
  0xB70B9C,0xB70BB4,0xB70BC6,0xB70BCE,0xB70BF1,0xB70C03,0xB70C15,0xB70C27,0xB70C3C,0xB70C47,0xB70C55,0xB70C6D,
  0xB70C78,0xB70C8A,0xB70C92,0xB70CA4,0xB70CB9,0xB70CC1,0xB70CC9,0xB70CD1,0xB70CD9,0xB70CE1,0xB70CF3,0xB70CFB,
  0xB70D03,0xB70D26,0xB70D2E,0xB70D36,0xB70D3E,0xB70D50,0xB70D62,0xB70D74,0xB70D7C,0xB70D84,0xB70D8C,0xB70D9E,
  0xB70DB0,0xB70DB8,0xB70DC0,0xB70DC8,0xB70DDA,0xB70DE2,0xB70DEA,0xB70E00,0xB70E11,0xB70E30,0xB70E50,0xB70E70,
  0xB70E90,0xB70EB0,0xB70ED0,0xB70EF0,0xB70F10,0xB70F30,0xB70F50,0xB70F70,0xB70F90,0xB70FB0,0xB70FD0,0xB70FE1,
  0xB71000,0xB71020,0xB71031,0xB71050,0xB71070,0xB71090,0xB710B0,0xB710D0,0xB710EB,0xB710F6,0xB71101,0xB71116,
  0xB71128,0xB7113A,0xB7114E,0xB71160,0xB71172,0xB71187,0xB71199,0xB711AB,0xB711B3,0xB711C7,0xB711CF,0xB711D7,
  0xB711E9,0xB711FB,0xB7120D,0xB71217,0xB71221,0xB7122B,0xB71235,0xB7123F,0xB71249,0xB71253,0xB7125B,0xB71265,
  0xB7126D,0xB71275,0xB7127F,0xB71291,0xB712A3,0xB712AB,0xB712C4,0xB712D6,0xB712E8,0xB712FA,0xB71302,0xB7130A,
  0xB7131C,0xB71330,0xB71342,0xB7134A,0xB71352,0xB71375,0xB7137D,0xB71385,0xB7138D,0xB71395,0xB7139D,0xB713A5,
  0xB713B7,0xB713BF,0xB713C7,0xB713CF,0xB713D7,0xB713DF,0xB713E7,0xB713EF,0xB71401,0xB71413,0xB7142B,0xB71433,
  0xB71441,0xB71455,0xB71467,0xB7146F,0xB71487,0xB71492,0xB7149D,0xB714A8,0xB714B3,0xB714C8,0xB714D0,0xB714D8,
  0xB714E0,0xB714E8,0xB714F0,0xB714F8,0xB71500,0xB71508,0xB71510,0xB71525,0xB71537,0xB7153F,0xB71547,0xB71552,
  0xB7155A,0xB71562,0xB7156A,0xB7157C,0xB7158E,0xB715A2,0xB715B4,0xB715BC,0xB715C4,0xB715D6,0xB715DE,0xB715E6,
  0xB715F8,0xB7160B,0xB71628,0xB71645,0xB71657,0xB7165F,0xB71667,0xB71679,0xB7168B,0xB71698,0xB716AA,0xB716B4,
  0xB716BE,0xB716C8,0xB716DC,0xB716E4,0xB716F6,0xB716FE,0xB71710,0xB71718,0xB71723,0xB71735,0xB7173D,0xB71752,
  0xB71764,0xB7176C,0xB71774,0xB7177C,0xB71784,0xB7178C,0xB7179E,0xB717B2,0xB717BA,0xB717C8,0xB717D6,0xB717E4,
  0xB717F2,0xB71800,0xB71822,0xB7182A,0xB71838,0xB71846,0xB71854,0xB71862,0xB71870,0xB71888,0xB718A0,0xB718A8,
  0xB718B0,0xB718B8,0xB718C0,0xB718D2,0xB718DA,0xB718EC,0xB718FE,0xB71910,0xB71918,0xB7192D,0xB71935,0xB71940,
  0xB71955,0xB71969,0xB7197D,0xB71985,0xB71997,0xB7199F,0xB719B1,0xB719BC,0xB719C7,0xB719DC,0xB719E6,0xB719EE,
  0xB71A11,0xB71A23,0xB71A2D,0xB71A50,0xB71A58,0xB71A6D,0xB71A7F,0xB71A87,0xB71A99,0xB71AAB,0xB71AC3,0xB71AD8,
  0xB71AEA,0xB71AFC,0xB71B04,0xB71B27,0xB71B39,0xB71B41,0xB71B56,0xB71B68,0xB71B7A,0xB71B8C,0xB71B94,0xB71BA6,
  0xB71BAE,0xB71BC0,0xB71BC8,0xB71BD2,0xB71BF5,0xB71C07,0xB71C19,0xB71C2B,0xB71C3D,0xB71C53,0xB71C6B,0xB71C80,
  0xB71C92,0xB71CA4,0xB71CAC,0xB71CBE,0xB71CC6,0xB71CD8,0xB71CE2,0xB71CF4,0xB71CFC,0xB71D15,0xB71D27,0xB71D4A,
  0xB71D5F,0xB71D71,0xB71D79,0xB71D81,0xB71D89,0xB71D91,0xB71D9C,0xB71DB1,0xB71DC3,0xB71DCB,0xB71DD3,0xB71DEC,
  0xB71DF6,0xB71E08,0xB71E10,0xB71E22,0xB71E2A,0xB71E32,0xB71E3D,0xB71E4F,0xB71E57,0xB71E61,0xB71E7A,0xB71E8C,
  0xB71E9E,0xB71EA6,0xB71EAE,0xB71EB6,0xB71ECF,0xB71ED7,0xB71EE9,0xB71EF1,0xB71EF9,0xB71F01,0xB71F09,0xB71F11,
  0xB71F19,0xB71F2E,0xB71F36,0xB71F48,0xB71F5A,0xB71F62,0xB71F6D,0xB71F7B,0xB71F89,0xB71F97,0xB71FA5,0xB71FB3,
  0xB71FCB,0xB71FD9,0xB71FE7,0xB72002,0xB7201A,0xB72028,0xB72036,0xB72044,0xB72052,0xB7206A,0xB72078,0xB72086,
  0xB72094,0xB720A2,0xB720B0,0xB720C8,0xB720E0,0xB720EE,0xB720FC,0xB7210A,0xB72118,0xB72126,0xB72134,0xB72142,
  0xB72150,0xB7215E,0xB72168,0xB72172,0xB72186,0xB72198,0xB721A0,0xB721A8,0xB721BA,0xB721C2,0xB721D4,0xB721DC,
  0xB721EE,0xB721F6,0xB72208,0xB72210,0xB72218,0xB72220,0xB72228,0xB7223A,0xB72242,0xB72254,0xB7225C,0xB72264,
  0xB72276,0xB7227E,0xB72286,0xB7228E,0xB72296,0xB7229E,0xB722A6,0xB722B8,0xB722C0,0xB722C8,0xB722D0,0xB722E2,
  0xB722EA,0xB722F2,0xB722FA,0xB72304,0xB72316,0xB7231E,0xB72326,0xB72338,0xB72340,0xB72348,0xB7235A,0xB7236C,
  0xB72374,0xB72386,0xB7238E,0xB723A0,0xB723A8,0xB723BA,0xB723C2,0xB723CD,0xB723DB,0xB723E9,0xB723F7,0xB72405,
  0xB72413,0xB7242B,0xB72439,0xB72447,0xB72462,0xB7247A,0xB72488,0xB72496,0xB724A4,0xB724B2,0xB724CA,0xB724D8,
  0xB724E6,0xB724F4,0xB72502,0xB72510,0xB72528,0xB72540,0xB7254E,0xB7255C,0xB7256A,0xB72578,0xB72586,0xB72594,
  0xB725A2,0xB725B0,0xB725C8,0xB725D0,0xB725E4,0xB725EC,0xB725F4,0xB72606,0xB7261A,0xB72622,0xB72637,0xB7263F,
  0xB72656,0xB7265E,0xB72666,0xB7266E,0xB72676,0xB7267E,0xB72686,0xB7268E,0xB72696,0xB7269E,0xB726B0,0xB726C2,
  0xB726D4,0xB726DC,0xB726E4,0xB726FB,0xB7270F,0xB72721,0xB72735,0xB7274D,0xB7275F,0xB72767,0xB7277B,0xB7278F,
  0xB727A3,0xB727B5,0xB727BD,0xB727C5,0xB727CD,0xB727D5,0xB727DD,0xB727E5,0xB727ED,0xB727F5,0xB727FD,0xB72805,
  0xB7280D,0xB72815,0xB7281D,0xB72825,0xB7282D,0xB72835,0xB7283D,0xB72845,0xB7284D,0xB7285F,0xB72871,0xB72883,
  0xB72895,0xB728A7,0xB728BB,0xB728CD,0xB728DF,0xB728F3,0xB72905,0xB7290D,0xB7291F,0xB72929,0xB7293D,0xB72945,
  0xB72957,0xB72969,0xB72971,0xB72983,0xB7298D,0xB72997,0xB729A9,0xB729BB,0xB729C6,0xB729D1,0xB729E3,0xB729F8,
  0xB72A0A,0xB72A12,0xB72A20,0xB72A2E,0xB72A49,0xB72A57,0xB72A65,0xB72A73,0xB72A81,0xB72A8F,0xB72A9D,0xB72AAB,
  0xB72AB9,0xB72AC7,0xB72AD5,0xB72AE3,0xB72AF1,0xB72AFF,0xB72B0D,0xB72B17,0xB72B21,0xB72B2B,0xB72B35,0xB72B3F,
  0xB72B49,0xB72B53,0xB72B5D,0xB72B67,0xB72B71,0xB72B7B,0xB72B8F,0xB72B97,0xB72BAD,0xB72BBB,0xB72BD6,0xB72BE4,
  0xB72BF2,0xB72C00,0xB72C0E,0xB72C1C,0xB72C2A,0xB72C38,0xB72C46,0xB72C54,0xB72C62,0xB72C70,0xB72C7E,0xB72C8C,
  0xB72CA4,0xB72CAC,0xB72CBE,0xB72CC6,0xB72CCE,0xB72CD6,0xB72CDE,0xB72CE6,0xB72CF8,0xB72D00,0xB72D20,0xB72D32,
  0xB72D44,0xB72D4C,0xB72D5A,0xB72D68,0xB72D76,0xB72D84,0xB72D92,0xB72D9C,0xB72DA6,0xB72DB0,0xB72DBA,0xB72DCE,
  0xB72DD6,0xB72DEC,0xB72DFA,0xB72E08,0xB72E16,0xB72E2E,0xB72E42,0xB72E4A,0xB72E58,0xB72E6C,0xB72E81,0xB72E93,
  0xB72E9E,0xB72EA9,0xB72EB1,0xB72EB9,0xB72EC1,0xB72EC9,0xB72ED1,0xB72ED9,0xB72EE1,0xB72EE9,0xB72EF4,0xB72EFC,
  0xB72F07,0xB72F12,0xB72F1D,0xB72F32,0xB72F47,0xB72F59,0xB72F61,0xB72F73,0xB72F7B,0xB72F9B,0xB72FAD,0xB72FBF,
  0xB72FD1,0xB72FE3,0xB72FF5,0xB73007,0xB73012,0xB7301D,0xB73032,0xB7303D,0xB73052,0xB73064,0xB73076,0xB73088,
  0xB7309A,0xB730A5,0xB730BA,0xB730CF,0xB730E1,0xB730F3,0xB730FB,0xB7310D,0xB73124,0xB73136,0xB7313E,0xB7315E,
  0xB73172,0xB73187,0xB73199,0xB731A1,0xB731A9,0xB731B1,0xB731B9,0xB731C1,0xB731C9,0xB731D1,0xB731D9,0xB731EB,
  0xB731FD,0xB7320F,0xB73221,0xB73233,0xB73247,0xB7325C,0xB73273,0xB73285,0xB73297,0xB732AF,0xB732B7,0xB732CC,
  0xB732D4,0xB732E9,0xB732FB,0xB7330D,0xB73315,0xB73327,0xB73339,0xB73341,0xB7334C,0xB73357,0xB7336C,0xB73383,
  0xB7338B,0xB73393,0xB7339B,0xB733A3,0xB733AB,0xB733B3,0xB733BB,0xB733C3,0xB733CB,0xB733D3,0xB733DB,0xB733E3,
  0xB733EE,0xB733F6,0xB733FE,0xB73406,0xB7340E,0xB73416,0xB7341E,0xB73426,0xB7342E,0xB73436,0xB7343E,0xB73450,
  0xB73468,0xB7347A,0xB73482,0xB73494,0xB734A6,0xB734B8,0xB734C0,0xB734CB,0xB734D6,0xB734E1,0xB734EC,0xB73501,
  0xB73513,0xB73527,0xB73531,0xB73539,0xB7354D,0xB7355F,0xB73567,0xB73579,0xB73584,0xB7358F,0xB7359A,0xB735A5,
  0xB735B7,0xB735BF,0xB735C7,0xB735CF,0xB735D7,0xB735DF,0xB735F1,0xB735FC,0xB73604,0xB7360C,0xB7361E,0xB73630,
  0xB73644,0xB73656,0xB7365E,0xB73670,0xB73678,0xB73683,0xB73698,0xB736A0,0xB736B2,0xB736C4,0xB736CC,0xB736D4,
  0xB736E6,0xB736F1,0xB73703,0xB73715,0xB7371D,0xB7372F,0xB73737,0xB7374B,0xB7375D,0xB7376F,0xB73777,0xB7378B,
  0xB737A0,0xB737A8,0xB737B0,0xB737B8,0xB737CA,0xB737DC,0xB737F1,0xB73803,0xB7380B,0xB7381F,0xB73835,0xB7384A,
  0xB73852,0xB73866,0xB7387C,0xB73892,0xB738A8,0xB738B6,0xB738C4,0xB738D2,0xB738E0,0xB738EE,0xB73906,0xB73918,
  0xB73920,0xB7392B,0xB73939,0xB73947,0xB73955,0xB73963,0xB7396D,0xB7397B,0xB73989,0xB73997,0xB739AF,0xB739B7,
  0xB739CB,0xB739D6,0xB739E1,0xB739EC,0xB73A02,0xB73A0D,0xB73A18,0xB73A23,0xB73A2E,0xB73A3C,0xB73A54,0xB73A5F,
  0xB73A74,0xB73A7C,0xB73A87,0xB73A9C,0xB73AA4,0xB73AAF,0xB73ABA,0xB73AC5,0xB73AD0,0xB73AE6,0xB73AF1,0xB73AFC,
  0xB73B07,0xB73B12,0xB73B20,0xB73B38,0xB73B43,0xB73B4B,0xB73B56,0xB73B60,0xB73B68,0xB73B7C,0xB73B84,0xB73B8F,
  0xB73BA5,0xB73BBA,0xB73BC2,0xB73BCA,0xB73BD2,0xB73BDA,0xB73BE2,0xB73BF4,0xB73BFE,0xB73C10,0xB73C18,0xB73C22,
  0xB73C34,0xB73C3C,0xB73C46,0xB73C58,0xB73C6A,0xB73C74,0xB73C88,0xB73C9A,0xB73CA2,0xB73CB7,0xB73CC9,0xB73CDD,
  0xB73CFA,0xB73D0E,0xB73D16,0xB73D39,0xB73D59,0xB73D6B,0xB73D73,0xB73D96,0xB73DAE,0xB73DC0,0xB73DD5,0xB73DE7,
  0xB73DF9,0xB73E01,0xB73E0F,0xB73E1D,0xB73E2B,0xB73E39,0xB73E47,0xB73E55,0xB73E63,0xB73E7B,0xB73E83,0xB73E99,
  0xB73EA7,0xB73EB5,0xB73EC3,0xB73ED1,0xB73EDF,0xB73EED,0xB73F05,0xB73F0D,0xB73F15,0xB73F1D,0xB73F2F,0xB73F39,
  0xB73F4D,0xB73F55,0xB73F5D,0xB73F6F,0xB73F79,0xB73F81,0xB73F8B,0xB73F9F,0xB73FB1,0xB73FB9,0xB73FC1,0xB73FC9,
  0xB73FD1,0xB73FD9,0xB73FE1,0xB73FE9,0xB73FFB,0xB7400F,0xB74021,0xB74033,0xB74047,0xB7405B,0xB7406D,0xB7407F,
  0xB74087,0xB74099,0xB740A3,0xB740B5,0xB740C7,0xB740CF,0xB740E4,0xB740F9,0xB7410B,0xB74113,0xB7411B,0xB7412F,
  0xB74137,0xB7413F,0xB7414A,0xB74152,0xB74167,0xB7416F,0xB74179,0xB74183,0xB7418D,0xB74197,0xB741AB,0xB741BD,
  0xB741C7,0xB741D1,0xB741E3,0xB741F5,0xB741FD,0xB7420F,0xB74221,0xB74229,0xB7423E,0xB74253,0xB74265,0xB7426D,
  0xB74282,0xB7428A,0xB74294,0xB742A6,0xB742B8,0xB742CD,0xB742D5,0xB742E0,0xB742EB,0xB74300,0xB74308,0xB74310,
  0xB74318,0xB74320,0xB74328,0xB7433A,0xB74342,0xB7434D,0xB74358,0xB74363,0xB74378,0xB74380,0xB74394,0xB743A6,
  0xB743B8,0xB743C0,0xB743C8,0xB743D0,0xB743D8,0xB743E0,0xB743E8,0xB743F0,0xB743F8,0xB74400,0xB74408,0xB74410,
  0xB74418,0xB74420,0xB74428,0xB74430,0xB74438,0xB74440,0xB74448,0xB74450,0xB74458,0xB74460,0xB74468,0xB74470,
  0xB74478,0xB74480,0xB74488,0xB74490,0xB74498,0xB744A0,0xB744A8,0xB744B0,0xB744B8,0xB744C0,0xB744C8,0xB744D0,
  0xB744D8,0xB744E0,0xB744E8,0xB744F0,0xB744F8,0xB74500,0xB74508,0xB74510,0xB74518,0xB74520,0xB74528,0xB74530,
  0xB74538,0xB74540,0xB74548,0xB74550,0xB74558,0xB74560,0xB74568,0xB74570,0xB74578,0xB74580,0xB74588,0xB74590,
  0xB74598,0xB745A0,0xB745A8,0xB745B0,0xB745B8,0xB745C0,0xB745C8,0xB745D0,0xB745D8,0xB745EA,0xB745FC,0xB74604,
  0xB74619,0xB74621,0xB7462C,0xB74641,0xB74649,0xB7465B,0xB7466D,0xB7467F,0xB74691,0xB74699,0xB746BB,0xB746CD,
  0xB746DF,0xB746F1,0xB74703,0xB74715,0xB7471D,0xB7473F,0xB74747,0xB7474F,0xB74757,0xB74769,0xB74771,0xB74785,
  0xB74799,0xB747A3,0xB747AD,0xB747B7,0xB747CB,0xB747DD,0xB747EA,0xB747F2,0xB747FA,0xB74802,0xB7480A,0xB7481C,
  0xB74824,0xB7482C,0xB74836,0xB74848,0xB7485A,0xB74862,0xB74870,0xB74888,0xB74892,0xB7489C,0xB748A6,0xB748B0,
  0xB748C4,0xB748D6,0xB748E3,0xB748EB,0xB748F8,0xB74900,0xB7490D,0xB74915,0xB74922,0xB74934,0xB74941,0xB74949,
  0xB74956,0xB7495E,0xB7496B,0xB74973,0xB74980,0xB74988,0xB74995,0xB7499D,0xB749AA,0xB749B2,0xB749BF,0xB749C7,
  0xB749D4,0xB749DC,0xB749EA,0xB749F2,0xB74A00,0xB74A12,0xB74A1F,0xB74A27,0xB74A34,0xB74A3C,0xB74A49,0xB74A5B,
  0xB74A63,0xB74A6B,0xB74A73,0xB74A7B,0xB74A83,0xB74A8B,0xB74A93,0xB74AA5,0xB74AB2,0xB74ABA,0xB74AC7,0xB74ACF,
  0xB74ADC,0xB74AEE,0xB74AFB,0xB74B0D,0xB74B1A,0xB74B2C,0xB74B3E,0xB74B46,0xB74B58,0xB74B6A,0xB74B7C,0xB74B89,
  0xB74B91,0xB74B9E,0xB74BA6,0xB74BB3,0xB74BBB,0xB74BC8,0xB74BD0,0xB74BDD,0xB74BE5,0xB74BF2,0xB74BFA,0xB74C07,
  0xB74C19,0xB74C2B,0xB74C33,0xB74C3B,0xB74C4F,0xB74C61,0xB74C73,0xB74C7B,0xB74C86,0xB74C8E,0xB74C96,0xB74CA8,
  0xB74CBA,0xB74CD2,0xB74CF5,0xB74D07,0xB74D0F,0xB74D25,0xB74D30,0xB74D3B,0xB74D46,0xB74D58,0xB74D6D,0xB74D7F,
  0xB74D87,0xB74DA0,0xB74DAA,0xB74DBC,0xB74DC4,0xB74DD6,0xB74DE8,0xB74E01,0xB74E13,0xB74E25,0xB74E2D,0xB74E35,
  0xB74E47,0xB74E4F,0xB74E65,0xB74E70,0xB74E7B,0xB74E86,0xB74E90,0xB74EA9,0xB74EB1,0xB74EC3,0xB74ED8,0xB74EF1,
  0xB74F03,0xB74F0E,0xB74F23,0xB74F2B,0xB74F36,0xB74F41,0xB74F55,0xB74F5D,0xB74F72,0xB74F86,0xB74F8E,0xB74F99,
  0xB74FAE,0xB74FB6,0xB74FC1,0xB74FCC,0xB74FE1,0xB74FF5,0xB74FFD,0xB75012,0xB7501A,0xB75022,0xB75045,0xB75057,
  0xB7505F,0xB75067,0xB75079,0xB7508B,0xB75093,0xB7509E,0xB750A6,0xB750AE,0xB750B6,0xB750BE,0xB750C6,0xB750D8,
  0xB750EA,0xB750F2,0xB75107,0xB7510F,0xB7511A,0xB7512F,0xB75137,0xB7513F,0xB75151,0xB75166,0xB7516E,0xB75176,
  0xB75188,0xB75190,0xB751A5,0xB751B7,0xB751C1,0xB751D5,0xB751E9,0xB75201,0xB75209,0xB7521B,0xB75223,0xB75246,
  0xB75258,0xB75260,0xB75272,0xB7527A,0xB7528C,0xB75297,0xB7529F,0xB752A7,0xB752B1,0xB752B9,0xB752C3,0xB752CB,
  0xB752D3,0xB752DB,0xB752E3,0xB752ED,0xB752F7,0xB75301,0xB7530B,0xB75313,0xB7531E,0xB75329,0xB75331,0xB7533C,
  0xB75344,0xB7534F,0xB75357,0xB75361,0xB75369,0xB75371,0xB75379,0xB75381,0xB75389,0xB7539B,0xB753A3,0xB753AB,
  0xB753BF,0xB753C7,0xB753EA,0xB753FC,0xB75404,0xB7540C,0xB75414,0xB7541C,0xB7542E,0xB75436,0xB75441,0xB7544C,
  0xB75457,0xB75462,0xB7546D,0xB75478,0xB75483,0xB7548E,0xB7549C,0xB754AA,0xB754B8,0xB754C6,0xB754E1,0xB754FC,
  0xB7550A,0xB7552C,0xB75534,0xB7553F,0xB7554A,0xB75555,0xB75560,0xB7556B,0xB75576,0xB75581,0xB7558C,0xB7559A,
  0xB755A8,0xB755B6,0xB755C4,0xB755DF,0xB755FA,0xB75608,0xB75620,0xB75632,0xB7563A,0xB75642,0xB7564A,0xB7565C,
  0xB75673,0xB7567B,0xB75686,0xB75691,0xB7569C,0xB756B1,0xB756B9,0xB756CB,0xB756D3,0xB756E5,0xB756ED,0xB756F5,
  0xB75707,0xB7571E,0xB75730,0xB75747,0xB7575F,0xB75771,0xB7578A,0xB7579C,0xB757B1,0xB757C3,0xB757D5,0xB757E7,
  0xB757EF,0xB75804,0xB7580C,0xB7581E,0xB75832,0xB75844,0xB7584C,0xB7585E,0xB75866,0xB75889,0xB7589B,0xB758AD,
  0xB758BF,0xB758D1,0xB758E3,0xB758EB,0xB758FD,0xB7590F,0xB75917,0xB7593A,0xB75942,0xB75954,0xB75966,0xB7596E,
  0xB75976,0xB7597E,0xB75986,0xB7598E,0xB75996,0xB7599E,0xB759A6,0xB759B8,0xB759CA,0xB759D2,0xB759E4,0xB759EC,
  0xB759FE,0xB75A06,0xB75A0E,0xB75A16,0xB75A1E,0xB75A26,0xB75A38,0xB75A4A,0xB75A52,0xB75A5A,0xB75A7D,0xB75A8F,
  0xB75A97,0xB75AAC,0xB75AB9,0xB75AC1,0xB75AC9,0xB75ADB,0xB75AE3,0xB75AEB,0xB75AF3,0xB75B05,0xB75B0D,0xB75B1F,
  0xB75B2C,0xB75B34,0xB75B3C,0xB75B4E,0xB75B60,0xB75B77,0xB75B89,0xB75B91,0xB75BA3,0xB75BAB,0xB75BBD,0xB75BCF,
  0xB75BDA,0xB75BE5,0xB75BF0,0xB75BFB,0xB75C06,0xB75C11,0xB75C1C,0xB75C27,0xB75C35,0xB75C43,0xB75C51,0xB75C5F,
  0xB75C6D,0xB75C7B,0xB75C89,0xB75CA1,0xB75CA9,0xB75CC2,0xB75CCA,0xB75CD2,0xB75CDF,0xB75CEC,0xB75CFE,0xB75D06,
  0xB75D0E,0xB75D20,0xB75D32,0xB75D44,0xB75D4C,0xB75D5E,0xB75D75,0xB75D87,0xB75D8F,0xB75DA1,0xB75DB3,0xB75DBE,
  0xB75DC9,0xB75DD4,0xB75DDF,0xB75DEA,0xB75DF5,0xB75E00,0xB75E0B,0xB75E19,0xB75E27,0xB75E35,0xB75E43,0xB75E51,
  0xB75E5F,0xB75E6D,0xB75E85,0xB75E8D,0xB75E95,0xB75E9D,0xB75EA5,0xB75EB7,0xB75EBF,0xB75EC7,0xB75ECF,0xB75ED7,
  0xB75EDF,0xB75EE7,0xB75EEF,0xB75EF7,0xB75EFF,0xB75F07,0xB75F0F,0xB75F17,0xB75F22,0xB75F2A,0xB75F32,0xB75F3A,
  0xB75F42,0xB75F4A,0xB75F52,0xB75F5A,0xB75F62,0xB75F6A,0xB75F72,0xB75F84,0xB75F8C,0xB75F94,0xB75F9C,0xB75FA4,
  0xB75FAC,0xB75FB4,0xB75FC6,0xB75FCE,0xB75FD9,0xB75FE4,0xB75FEF,0xB75FFA,0xB76008,0xB76016,0xB7602E,0xB76036,
  0xB76041,0xB7604C,0xB76057,0xB76062,0xB76070,0xB7607E,0xB7608C,0xB760AE,0xB760B6,0xB760BE,0xB760C6,0xB760D1,
  0xB760E6,0xB760EE,0xB760F9,0xB76104,0xB7610F,0xB7611A,0xB76125,0xB76130,0xB7613E,0xB7614C,0xB76164,0xB76172,
  0xB76180,0xB7618E,0xB7619C,0xB761AA,0xB761B8,0xB761C6,0xB761DE,0xB761F6,0xB761FE,0xB76206,0xB76218,0xB7622C,
  0xB76234,0xB76246,0xB7625B,0xB76270,0xB76278,0xB76283,0xB7628E,0xB76299,0xB762A4,0xB762AF,0xB762BA,0xB762C5,
  0xB762D0,0xB762DB,0xB762E6,0xB762F1,0xB762FF,0xB7630D,0xB7631B,0xB76329,0xB76337,0xB7634F,0xB76364,0xB7636C,
  0xB76377,0xB76382,0xB7638D,0xB76398,0xB763A3,0xB763AE,0xB763B9,0xB763C4,0xB763CF,0xB763DA,0xB763E5,0xB763F3,
  0xB76401,0xB7640F,0xB7641D,0xB7642B,0xB76439,0xB76451,0xB76466,0xB76471,0xB76483,0xB7649A,0xB764AC,0xB764BE,
  0xB764C6,0xB764DB,0xB764F2,0xB764FA,0xB76505,0xB7650D,0xB76515,0xB76529,0xB76540,0xB76557,0xB7655F,0xB76574,
  0xB7657E,0xB76592,0xB765A9,0xB765BB,0xB765C3,0xB765D5,0xB765DD,0xB765EB,0xB765F9,0xB76607,0xB76615,0xB76623,
  0xB76631,0xB7663F,0xB7664D,0xB7665B,0xB76669,0xB76677,0xB76685,0xB76693,0xB766A1,0xB766AF,0xB766BD,0xB766CB,
  0xB766D9,0xB766E7,0xB766FF,0xB76707,0xB76715,0xB76723,0xB76731,0xB76739,0xB76747,0xB7674F,0xB76767,0xB7677E,
  0xB76786,0xB76794,0xB767A2,0xB767B0,0xB767BE,0xB767D6,0xB767DE,0xB767F6,0xB767FE,0xB7680C,0xB76824,0xB7683B,
  0xB76843,0xB76851,0xB76869,0xB76880,0xB76888,0xB76893,0xB7689E,0xB768A9,0xB768BE,0xB768C6,0xB768D1,0xB768DC,
  0xB768F1,0xB76908,0xB7691A,0xB76931,0xB76943,0xB76955,0xB7696C,0xB7697E,0xB76990,0xB769A8,0xB769BA,0xB769C2,
  0xB769D7,0xB769E9,0xB769FB,0xB76A12,0xB76A24,0xB76A2C,0xB76A41,0xB76A58,0xB76A60,0xB76A6B,0xB76A73,0xB76A7B,
  0xB76A8F,0xB76AA7,0xB76AB9,0xB76AC1,0xB76AD6,0xB76AE8,0xB76AFF,0xB76B11,0xB76B28,0xB76B3A,0xB76B42,0xB76B57,
  0xB76B69,0xB76B7D,0xB76B85,0xB76B90,0xB76BA2,0xB76BB9,0xB76BC1,0xB76BD6,0xB76BED,0xB76BFF,0xB76C11,0xB76C28,
  0xB76C30,0xB76C45,0xB76C59,0xB76C6B,0xB76C75,0xB76C89,0xB76C91,0xB76CA5,0xB76CB7,0xB76CCB,0xB76CDD,0xB76CE5,
  0xB76CED,0xB76CF5,0xB76CFD,0xB76D05,0xB76D0D,0xB76D15,0xB76D1D,0xB76D25,0xB76D2D,0xB76D35,0xB76D3D,0xB76D45,
  0xB76D4D,0xB76D55,0xB76D5D,0xB76D65,0xB76D6D,0xB76D75,0xB76D7D,0xB76D85,0xB76D8D,0xB76D95,0xB76D9D,0xB76DA5,
  0xB76DAD,0xB76DB5,0xB76DBD,0xB76DC5,0xB76DCD,0xB76DD5,0xB76DDD,0xB76DEF,0xB76E01,0xB76E17,0xB76E39,0xB76E4F,
  0xB76E71,0xB76E7B,0xB76E8F,0xB76EA1,0xB76EAC,0xB76EC1,0xB76ECC,0xB76ED7,0xB76EDF,0xB76EF1,0xB76EF9,0xB76F0E,
  0xB76F20,0xB76F28,0xB76F30,0xB76F38,0xB76F40,0xB76F4A,0xB76F5E,0xB76F70,0xB76F78,0xB76F82,0xB76F8C,0xB76F9E,
  0xB76FB0,0xB76FB8,0xB76FC0,0xB76FD2,0xB76FDA,0xB76FEC,0xB77001,0xB7700C,0xB7701E,0xB77028,0xB7703C,0xB77051,
  0xB7705C,0xB77074,0xB77086,0xB770AC,0xB770BE,0xB770C6,0xB770CE,0xB770E0,0xB770E8,0xB770F0,0xB77102,0xB7710D,
  0xB77117,0xB77129,0xB7713E,0xB77149,0xB7715E,0xB77169,0xB77174,0xB7717F,0xB7718D,0xB771A5,0xB771BA,0xB771CF,
  0xB771DA,0xB771E5,0xB771F0,0xB771FE,0xB7720C,0xB77214,0xB7721C,0xB77226,0xB77230,0xB7723A,0xB7724E,0xB77260,
  0xB77272,0xB7727A,0xB77285,0xB77290,0xB7729B,0xB772A6,0xB772B1,0xB772BC,0xB772D1,0xB772E3,0xB772F7,0xB772FF,
  0xB77311,0xB77323,0xB7732B,0xB77333,0xB77345,0xB7734D,0xB7735F,0xB7736A,0xB77372,0xB7737A,0xB77382,0xB7738A,
  0xB77395,0xB7739F,0xB773AA,0xB773B2,0xB773BA,0xB773C5,0xB773D0,0xB773D8,0xB773E0,0xB773EB,0xB773F6,0xB77401,
  0xB77409,0xB77411,0xB7741C,0xB77427,0xB77432,0xB7743D,0xB77448,0xB77450,0xB77462,0xB7746A,0xB77478,0xB77486,
  0xB7749E,0xB774A6,0xB774B4,0xB774CC,0xB774DE,0xB774F0,0xB774F8,0xB77502,0xB7750C,0xB7751E,0xB77529,0xB7753E,
  0xB77549,0xB77554,0xB77562,0xB7757A,0xB77582,0xB7758A,0xB77592,0xB7759A,0xB775A2,0xB775B4,0xB775BC,0xB775C4,
  0xB775D6,0xB775DE,0xB775E9,0xB775FE,0xB77606,0xB77611,0xB77626,0xB7762E,0xB77636,0xB77648,0xB7765A,0xB7766E,
  0xB77683,0xB77695,0xB776A7,0xB776B9,0xB776C1,0xB776D3,0xB776DB,0xB776E6,0xB776F1,0xB776FC,0xB77707,0xB77712,
  0xB7771D,0xB77728,0xB77733,0xB77748,0xB7775A,0xB77762,0xB7776D,0xB77778,0xB77783,0xB7778E,0xB77799,0xB777A4,
  0xB777AF,0xB777BA,0xB777CF,0xB777D7,0xB777E1,0xB777EB,0xB777FD,0xB77805,0xB7780D,0xB77815,0xB7781D,0xB77825,
  0xB77837,0xB7783F,0xB77851,0xB77871,0xB77887,0xB7789D,0xB778A8,0xB778B3,0xB778C8,0xB778D0,0xB778D8,0xB778E0,
  0xB778F2,0xB778FA,0xB77908,0xB7792A,0xB7793C,0xB7794E,0xB77956,0xB7795E,0xB77966,0xB7796E,0xB77976,0xB77988,
  0xB77993,0xB779A8,0xB779C8,0xB779DE,0xB779F4,0xB779FF,0xB77A0A,0xB77A1F,0xB77A27,0xB77A2F,0xB77A41,0xB77A49,
  0xB77A67,0xB77A75,0xB77A97,0xB77AA9,0xB77AB1,0xB77ACF,0xB77ADD,0xB77AFF,0xB77B14,0xB77B1C,0xB77B35,0xB77B43,
  0xB77B65,0xB77B6D,0xB77B86,0xB77B94,0xB77BAC,0xB77BB6,0xB77BCA,0xB77BDC,0xB77BE4,0xB77BF8,0xB77C0C,0xB77C14,
  0xB77C26,0xB77C38,0xB77C42,0xB77C56,0xB77C60,0xB77C78,0xB77C86,0xB77C9A,0xB77CAC,0xB77CBE,0xB77CD0,0xB77CE4,
  0xB77CEC,0xB77CF7,0xB77D0C,0xB77D14,0xB77D28,0xB77D3D,0xB77D4F,0xB77D63,0xB77D6B,0xB77D73,0xB77D80,0xB77D88,
  0xB77D95,0xB77D9D,0xB77DA5,0xB77DB7,0xB77DBF,0xB77DC7,0xB77DCF,0xB77DD7,0xB77DDF,0xB77DE7,0xB77DEF,0xB77DF7,
  0xB77DFF,0xB77E07,0xB77E0F,0xB77E17,0xB77E1F,0xB77E27,0xB77E2F,0xB77E37,0xB77E3F,0xB77E47,0xB77E4F,0xB77E57,
  0xB77E5F,0xB77E67,0xB77E6F,0xB77E77,0xB77E7F,0xB77E87,0xB77E8F,0xB77E97,0xB77E9F,0xB77EA7,0xB77EAF,0xB77EB7,
  0xB77EBF,0xB77EC7,0xB77ED9,0xB77EE1,0xB77EE9,0xB77EF1,0xB77F03,0xB77F0B,0xB77F13,0xB77F1B,0xB77F23,0xB77F35,
  0xB77F47,0xB77F4F,0xB77F57,0xB77F5F,0xB77F67,0xB77F6F,0xB77F77,0xB77F7F,0xB77F87,0xB77F8F,0xB77F97,0xB77FA9,
  0xB77FB1,0xB77FB9,0xB77FC1,0xB77FC9,0xB77FD1,0xB77FD9,0xB77FE1,0xB77FE9,0xB77FF1,0xB77FFC,0xB78004,0xB7800C,
  0xB7801E,0xB78026,0xB7802E,0xB78040,0xB7804B,0xB78060,0xB7806D,0xB78075,0xB7807D,0xB78085,0xB7808D,0xB78095,
  0xB7809D,0xB780A5,0xB780AD,0xB780B5,0xB780C0,0xB780C8,0xB780D0,0xB780E2,0xB780EA,0xB780F2,0xB78104,0xB7810F,
  0xB7811A,0xB7812F,0xB78137,0xB78149,0xB78151,0xB78159,0xB78161,0xB78173,0xB7817E,0xB78193,0xB7819B,0xB781A3,
  0xB781AB,0xB781BD,0xB781C5,0xB781CD,0xB781DF,0xB781E7,0xB781EF,0xB78201,0xB78213,0xB7821B,0xB78223,0xB78235,
  0xB7823D,0xB78245,0xB7824D,0xB7825F,0xB78267,0xB7826F,0xB78281,0xB7828B,0xB7829F,0xB782B1,0xB782C6,0xB782D8,
  0xB782E0,0xB782E8,0xB782F0,0xB782F8,0xB78300,0xB78308,0xB7831A,0xB78322,0xB78334,0xB7833C,0xB7835F,0xB78367,
  0xB78379,0xB78381,0xB78389,0xB78391,0xB783A3,0xB783BC,0xB783C4,0xB783D6,0xB783E1,0xB783EB,0xB78404,0xB78416,
  0xB7842A,0xB7843C,0xB78451,0xB78459,0xB78461,0xB78473,0xB7847B,0xB78486,0xB7849C,0xB784B2,0xB784D2,0xB784DA,
  0xB784E2,0xB784ED,0xB78503,0xB78519,0xB7852F,0xB78541,0xB78553,0xB7855B,0xB78565,0xB78579,0xB7858B,0xB7859D,
  0xB785B1,0xB785B9,0xB785C1,0xB785C9,0xB785D1,0xB785D9,0xB785E1,0xB785E9,0xB785F1,0xB785F9,0xB78601,0xB78609,
  0xB7861B,0xB7862D,0xB78635,0xB7864A,0xB78652,0xB7865D,0xB78675,0xB7867D,0xB78685,0xB7868D,0xB7869F,0xB786B1,
  0xB786C3,0xB786CD,0xB786E1,0xB786F3,0xB786FB,0xB78703,0xB78717,0xB7872B,0xB7873D,0xB78745,0xB78750,0xB78765,
  0xB7876D,0xB7878B,0xB7879D,0xB787A7,0xB787BB,0xB787CD,0xB787D5,0xB787E7,0xB787F9,0xB7880D,0xB78815,0xB7881D,
  0xB78825,0xB7882D,0xB78835,0xB7883D,0xB78845,0xB7884D,0xB78855,0xB7885D,0xB78865,0xB7886D,0xB78875,0xB7887D,
  0xB78885,0xB7888D,0xB78895,0xB788A7,0xB788B2,0xB788C7,0xB788CF,0xB788F2,0xB788FA,0xB78902,0xB7890A,0xB7891E,
  0xB78930,0xB78938,0xB7894D,0xB78958,0xB78960,0xB7896B,0xB78976,0xB78981,0xB78996,0xB7899E,0xB789A6,0xB789AE,
  0xB789B6,0xB789BE,0xB789C6,0xB789D8,0xB789EA,0xB789F2,0xB789FA,0xB78A0C,0xB78A1E,0xB78A26,0xB78A3B,0xB78A52,
  0xB78A5A,0xB78A6F,0xB78A81,0xB78A93,0xB78AA5,0xB78AAD,0xB78AB7,0xB78ADA,0xB78AEC,0xB78AF6,0xB78B19,0xB78B23,
  0xB78B46,0xB78B50,0xB78B69,0xB78B73,0xB78B96,0xB78BAB,0xB78BB6,0xB78BCA,0xB78BDC,0xB78BEE,0xB78BF6,0xB78C0B,
  0xB78C1D,0xB78C25,0xB78C2D,0xB78C35,0xB78C3D,0xB78C4F,0xB78C61,0xB78C6C,0xB78C77,0xB78C82,0xB78C97,0xB78CA9,
  0xB78CB1,0xB78CC3,0xB78CCE,0xB78CD8,0xB78CE0,0xB78CEA,0xB78CF2,0xB78CFA,0xB78D02,0xB78D14,0xB78D1F,0xB78D29,
  0xB78D33,0xB78D3B,0xB78D57,0xB78D61,0xB78D75,0xB78D89,0xB78D91,0xB78DB0,0xB78DD0,0xB78DD8,0xB78DE0,0xB78E00,
  0xB78E20,0xB78E40,0xB78E60,0xB78E80,0xB78E88,0xB78E93,0xB78E9B,0xB78EB0,0xB78ED0,0xB78EDB,0xB78EE6,0xB78F00,
  0xB78F20,0xB78F28,0xB78F30,0xB78F38,0xB78F40,0xB78F4B,0xB78F56,0xB78F61,0xB78F6C,0xB78F77,0xB78F82,0xB78F8D,
  0xB78F98,0xB78FA3,0xB78FAE,0xB78FB9,0xB78FC4,0xB78FCF,0xB78FDA,0xB78FE5,0xB78FF0,0xB78FFB,0xB79006,0xB79011,
  0xB7901C,0xB79027,0xB79032,0xB7903D,0xB79048,0xB79053,0xB7905E,0xB79069,0xB79074,0xB7907F,0xB7908A,0xB79095,
  0xB790A0,0xB790AB,0xB790C0,0xB790CB,0xB790D6,0xB790E1,0xB79100,0xB79120,0xB7912E,0xB79150,0xB79170,0xB79178,
  0xB79190,0xB79198,0xB791B0,0xB791D0,0xB791E9,0xB79200,0xB79211,0xB79230,0xB7923B,0xB79260,0xB79280,0xB792A0,
  0xB792A8,0xB792B0,0xB792D0,0xB792F0,0xB792F8,0xB79306,0xB79320,0xB79340,0xB7934B,0xB79370,0xB79378,0xB79383,
  0xB7938E,0xB79399,0xB793A4,0xB793AF,0xB793BA,0xB793C5,0xB793E0,0xB793E8,0xB793F3,0xB793FE,0xB79409,0xB79414,
  0xB7941F,0xB7942A,0xB79440,0xB79448,0xB79450,0xB79458,0xB79460,0xB79468,0xB79470,0xB79478,0xB79480,0xB794A0,
  0xB794C0,0xB794CB,0xB794D6,0xB794E1,0xB794EC,0xB794F7,0xB79502,0xB7950D,0xB79518,0xB79523,0xB7952E,0xB79539,
  0xB79544,0xB7954F,0xB7955A,0xB79565,0xB79570,0xB7957B,0xB79586,0xB79591,0xB7959C,0xB795A7,0xB795B2,0xB795BD,
  0xB795C8,0xB795D3,0xB795DE,0xB795E9,0xB795F4,0xB79610,0xB7961B,0xB79630,0xB7963B,0xB79646,0xB79651,0xB7965C,
  0xB79664,0xB79680,0xB79688,0xB796A0,0xB796B2,0xB796C4,0xB796CC,0xB796D4,0xB796DF,0xB796F4,0xB796FC,0xB79704,
  0xB7970C,0xB79720,0xB79731,0xB79750,0xB7975B,0xB79780,0xB79788,0xB797B0,0xB797BB,0xB797C6,0xB797D1,0xB797DC,
  0xB79800,0xB79820,0xB79840,0xB7984E,0xB7985C,0xB79874,0xB7987C,0xB7988E,0xB798A0,0xB798A8,0xB798B0,0xB798B8,
  0xB798D0,0xB798F0,0xB798F8,0xB79910,0xB79918,0xB79940,0xB79960,0xB79980,0xB79995,0xB799A7,0xB799B9,0xB799CB,
  0xB799DD,0xB799EF,0xB79A01,0xB79A13,0xB79A1B,0xB79A23,0xB79A35,0xB79A3D,0xB79A52,0xB79A5A,0xB79A6C,0xB79A83,
  0xB79A9C,0xB79AAE,0xB79AC0,0xB79AD4,0xB79AED,0xB79AF5,0xB79AFD,0xB79B07,0xB79B19,0xB79B21,0xB79B33,0xB79B45,
  0xB79B4D,0xB79B5F,0xB79B80,0xB79BA0,0xB79BB5,0xB79BC7,0xB79BE0,0xB79BF2,0xB79BFA,0xB79C1D,0xB79C25,0xB79C48,
  0xB79C50,0xB79C58,0xB79C6A,0xB79C82,0xB79C94,0xB79CA6,0xB79CAE,0xB79CB9,0xB79CC4,0xB79CCF,0xB79CE4,0xB79CEC,
  0xB79CF4,0xB79CFC,0xB79D06,0xB79D18,0xB79D20,0xB79D32,0xB79D3A,0xB79D45,0xB79D50,0xB79D5B,0xB79D66,0xB79D7B,
  0xB79D83,0xB79D95,0xB79D9D,0xB79DA5,0xB79DAD,0xB79DB5,0xB79DC7,0xB79DCF,0xB79DE1,0xB79DE9,0xB79DFB,0xB79E03,
  0xB79E0B,0xB79E13,0xB79E30,0xB79E50,0xB79E58,0xB79E70,0xB79E90,0xB79EB0,0xB79EB8,0xB79ED0,0xB79EF0,0xB79F10,
  0xB79F18,0xB79F30,0xB79F50,0xB79F70,0xB79F78,0xB79F90,0xB79FB0,0xB79FB8,0xB79FE0,0xB7A000,0xB7A020,0xB7A028,
  0xB7A040,0xB7A048,0xB7A050,0xB7A058,0xB7A060,0xB7A06B,0xB7A076,0xB7A081,0xB7A08C,0xB7A097,0xB7A0A2,0xB7A0AD,
  0xB7A0B8,0xB7A0C3,0xB7A0CE,0xB7A0D9,0xB7A0E4,0xB7A0EF,0xB7A0FA,0xB7A105,0xB7A110,0xB7A11B,0xB7A126,0xB7A131,
  0xB7A13C,0xB7A147,0xB7A152,0xB7A15D,0xB7A168,0xB7A173,0xB7A17E,0xB7A189,0xB7A194,0xB7A19F,0xB7A1AA,0xB7A1B5,
  0xB7A1C0,0xB7A1CB,0xB7A1D6,0xB7A1E1,0xB7A1EC,0xB7A1F7,0xB7A210,0xB7A230,0xB7A238,0xB7A260,0xB7A280,0xB7A2A0,
  0xB7A2C0,0xB7A2C8,0xB7A2D3,0xB7A2DE,0xB7A2E9,0xB7A2F7,0xB7A305,0xB7A313,0xB7A321,0xB7A340,0xB7A360,0xB7A368,
  0xB7A380,0xB7A3A0,0xB7A3C0,0xB7A3E0,0xB7A400,0xB7A420,0xB7A440,0xB7A460,0xB7A480,0xB7A488,0xB7A49E,0xB7A4C0,
  0xB7A4C8,0xB7A4F0,0xB7A4F8,0xB7A50E,0xB7A530,0xB7A560,0xB7A580,0xB7A58B,0xB7A5A0,0xB7A5C0,0xB7A5C8,0xB7A5DB,
  0xB7A5E3,0xB7A600,0xB7A620,0xB7A62E,0xB7A63C,0xB7A647,0xB7A65D,0xB7A680,0xB7A6A0,0xB7A6AB,0xB7A6B6,0xB7A6C1,
  0xB7A6CC,0xB7A6D7,0xB7A6E2,0xB7A6ED,0xB7A6F8,0xB7A703,0xB7A70E,0xB7A719,0xB7A724,0xB7A72F,0xB7A750,0xB7A75B,
  0xB7A766,0xB7A780,0xB7A78B,0xB7A799,0xB7A7A7,0xB7A7C0,0xB7A7CD,0xB7A7DA,0xB7A7E2,0xB7A7F4,0xB7A809,0xB7A811,
  0xB7A81F,0xB7A82D,0xB7A83F,0xB7A851,0xB7A863,0xB7A875,0xB7A87D,0xB7A88F,0xB7A897,0xB7A8A9,0xB7A8B1,0xB7A8D0,
  0xB7A8F0,0xB7A910,0xB7A930,0xB7A938,0xB7A950,0xB7A970,0xB7A978,0xB7A9A0,0xB7A9A8,0xB7A9D0,0xB7A9DB,0xB7A9E6,
  0xB7A9F1,0xB7A9FC,0xB7AA1E,0xB7AA40,0xB7AA4B,0xB7AA56,0xB7AA61,0xB7AA6C,0xB7AA77,0xB7AA82,0xB7AA8D,0xB7AA98,
  0xB7AAA3,0xB7AAAE,0xB7AAC3,0xB7AACB,0xB7AAE0,0xB7AAF2,0xB7AB04,0xB7AB1D,0xB7AB2F,0xB7AB37,0xB7AB49,0xB7AB5D,
  0xB7AB65,0xB7AB6F,0xB7AB83,0xB7AB95,0xB7ABA7,0xB7ABB9,0xB7ABD0,0xB7ABE7,0xB7ABFF,0xB7AC11,0xB7AC23,0xB7AC2B,
  0xB7AC40,0xB7AC48,0xB7AC53,0xB7AC5E,0xB7AC69,0xB7AC74,0xB7AC7F,0xB7AC8A,0xB7ACA2,0xB7ACB4,0xB7ACC6,0xB7ACD8,
  0xB7ACE0,0xB7ACEB,0xB7AD00,0xB7AD08,0xB7AD13,0xB7AD28,0xB7AD30,0xB7AD45,0xB7AD57,0xB7AD70,0xB7AD82,0xB7AD8A,
  0xB7AD9F,0xB7ADA7,0xB7ADBC,0xB7ADD0,0xB7ADE2,0xB7ADED,0xB7ADF8,0xB7AE0A,0xB7AE15,0xB7AE1F,0xB7AE31,0xB7AE39,
  0xB7AE5C,0xB7AE6E,0xB7AE76,0xB7AE81,0xB7AE8C,0xB7AE97,0xB7AEA2,0xB7AEB4,0xB7AEC6,0xB7AECE,0xB7AEE0,0xB7AEE8,
  0xB7AEF0,0xB7AEF8,0xB7AF00,0xB7AF08,0xB7AF10,0xB7AF18,0xB7AF2A,0xB7AF3C,0xB7AF44,0xB7AF4C,0xB7AF6F,0xB7AF77,
  0xB7AF7F,0xB7AF91,0xB7AF99,0xB7AFA4,0xB7AFAF,0xB7AFBA,0xB7AFCF,0xB7AFD7,0xB7AFDF,0xB7AFF1,0xB7B003,0xB7B01B,
  0xB7B023,0xB7B035,0xB7B04A,0xB7B05C,0xB7B06E,0xB7B080,0xB7B091,0xB7B0B0,0xB7B0B8,0xB7B0C0,0xB7B0E0,0xB7B0EB,
  0xB7B110,0xB7B130,0xB7B13B,0xB7B146,0xB7B160,0xB7B180,0xB7B1A0,0xB7B1C0,0xB7B1E0,0xB7B200,0xB7B208,0xB7B213,
  0xB7B21E,0xB7B240,0xB7B24B,0xB7B270,0xB7B278,0xB7B283,0xB7B28E,0xB7B299,0xB7B2C0,0xB7B2CB,0xB7B2D6,0xB7B2E1,
  0xB7B2EC,0xB7B2FA,0xB7B310,0xB7B31B,0xB7B326,0xB7B340,0xB7B360,0xB7B368,0xB7B370,0xB7B390,0xB7B398,0xB7B3A0,
  0xB7B3C0,0xB7B3E0,0xB7B400,0xB7B420,0xB7B440,0xB7B448,0xB7B460,0xB7B46B,0xB7B490,0xB7B4B0,0xB7B4D0,0xB7B4F0,
  0xB7B510,0xB7B530,0xB7B550,0xB7B570,0xB7B590,0xB7B598,0xB7B5B0,0xB7B5D0,0xB7B5DB,0xB7B5E3,0xB7B600,0xB7B60B,
  0xB7B616,0xB7B621,0xB7B62C,0xB7B63F,0xB7B660,0xB7B668,0xB7B680,0xB7B688,0xB7B6A0,0xB7B6C0,0xB7B6CB,0xB7B6E0,
  0xB7B700,0xB7B720,0xB7B740,0xB7B760,0xB7B768,0xB7B770,0xB7B782,0xB7B78A,0xB7B798,0xB7B7B0,0xB7B7D0,0xB7B7F0,
  0xB7B810,0xB7B830,0xB7B838,0xB7B850,0xB7B870,0xB7B87B,0xB7B890,0xB7B898,0xB7B8B0,0xB7B8BB,0xB7B8C6,0xB7B8CE,
  0xB7B8D9,0xB7B8E4,0xB7B8EF,0xB7B8FA,0xB7B905,0xB7B920,0xB7B928,0xB7B940,0xB7B960,0xB7B968,0xB7B9A0,0xB7B9C0,
  0xB7B9E0,0xB7B9E8,0xB7B9F0,0xB7B9F8,0xB7BA10,0xB7BA30,0xB7BA50,0xB7BA61,0xB7BA80,0xB7BA8B,0xB7BA96,0xB7BAA1,
  0xB7BAA9,0xB7BAC0,0xB7BACB,0xB7BAE0,0xB7BAE8,0xB7BAF0,0xB7BAF8,0xB7BB10,0xB7BB30,0xB7BB3B,0xB7BB60,0xB7BB6B,
  0xB7BB90,0xB7BB98,0xB7BBA3,0xB7BBAE,0xB7BBD0,0xB7BBD8,0xB7BBE3,0xB7BC00,0xB7BC08,0xB7BC20,0xB7BC28,0xB7BC33,
  0xB7BC3E,0xB7BC60,0xB7BC68,0xB7BC80,0xB7BC88,0xB7BC9D,0xB7BCAF,0xB7BCC4,0xB7BCCC,0xB7BCDE,0xB7BCF0,0xB7BCF8,
  0xB7BD00,0xB7BD08,0xB7BD10,0xB7BD18,0xB7BD30,0xB7BD38,0xB7BD50,0xB7BD70,0xB7BD7B,0xB7BD86,0xB7BD91,0xB7BD9C,
  0xB7BDC0,0xB7BDC8,0xB7BDD6,0xB7BDE1,0xB7BE00,0xB7BE08,0xB7BE16,0xB7BE21,0xB7BE40,0xB7BE48,0xB7BE60,0xB7BE72,
  0xB7BE84,0xB7BE96,0xB7BEAA,0xB7BEC2,0xB7BED4,0xB7BEE6,0xB7BEF3,0xB7BF0A,0xB7BF1C,0xB7BF24,0xB7BF2F,0xB7BF3A,
  0xB7BF45,0xB7BF4F,0xB7BF63,0xB7BF6B,0xB7BF76,0xB7BF81,0xB7BF96,0xB7BF9E,0xB7BFA9,0xB7BFB4,0xB7BFC9,0xB7BFD1,
  0xB7BFE3,0xB7C000,0xB7C020,0xB7C02D,0xB7C035,0xB7C03D,0xB7C050,0xB7C070,0xB7C090,0xB7C0B0,0xB7C0D0,0xB7C0F0,
  0xB7C110,0xB7C118,0xB7C130,0xB7C138,0xB7C140,0xB7C148,0xB7C160,0xB7C168,0xB7C170,0xB7C178,0xB7C190,0xB7C1B0,
  0xB7C1B8,0xB7C1CA,0xB7C1DF,0xB7C1E9,0xB7C1FD,0xB7C210,0xB7C230,0xB7C241,0xB7C260,0xB7C280,0xB7C28B,0xB7C296,
  0xB7C2A1,0xB7C2C0,0xB7C2CB,0xB7C2E6,0xB7C2F8,0xB7C300,0xB7C315,0xB7C327,0xB7C340,0xB7C352,0xB7C35A,0xB7C36C,
  0xB7C380,0xB7C388,0xB7C39C,0xB7C3AE,0xB7C3B6,0xB7C3CB,0xB7C3DD,0xB7C3F6,0xB7C408,0xB7C41C,0xB7C424,0xB7C438,
  0xB7C440,0xB7C455,0xB7C467,0xB7C479,0xB7C492,0xB7C4A4,0xB7C4B8,0xB7C4C0,0xB7C4D5,0xB7C4E7,0xB7C4F9,0xB7C512,
  0xB7C524,0xB7C538,0xB7C54A,0xB7C554,0xB7C568,0xB7C57A,0xB7C593,0xB7C5A5,0xB7C5B9,0xB7C5C1,0xB7C5D6,0xB7C5E8,
  0xB7C5FA,0xB7C613,0xB7C625,0xB7C639,0xB7C641,0xB7C660,0xB7C680,0xB7C6A0,0xB7C6C0,0xB7C6E0,0xB7C700,0xB7C720,
  0xB7C728,0xB7C730,0xB7C738,0xB7C750,0xB7C770,0xB7C790,0xB7C79B,0xB7C7B0,0xB7C7D0,0xB7C7F0,0xB7C7F8,0xB7C810,
  0xB7C818,0xB7C830,0xB7C83B,0xB7C850,0xB7C870,0xB7C87B,0xB7C890,0xB7C89B,0xB7C8A9,0xB7C8B4,0xB7C8BF,0xB7C8E0,
  0xB7C8E8,0xB7C900,0xB7C90E,0xB7C91C,0xB7C92A,0xB7C938,0xB7C946,0xB7C954,0xB7C962,0xB7C980,0xB7C98E,0xB7C99C,
  0xB7C9AA,0xB7C9B8,0xB7C9C6,0xB7C9D4,0xB7C9F0,0xB7CA05,0xB7CA0D,0xB7CA22,0xB7CA34,0xB7CA3F,0xB7CA51,0xB7CA59,
  0xB7CA61,0xB7CA6B,0xB7CA75,0xB7CA80,0xB7CA88,0xB7CAA0,0xB7CAC0,0xB7CAE0,0xB7CB00,0xB7CB20,0xB7CB40,0xB7CB4B,
  0xB7CB60,0xB7CB80,0xB7CBA0,0xB7CBAB,0xB7CBC0,0xB7CBE0,0xB7CC00,0xB7CC20,0xB7CC2B,0xB7CC50,0xB7CC70,0xB7CC90,
  0xB7CCB0,0xB7CCC5,0xB7CCCD,0xB7CCD5,0xB7CCDD,0xB7CCE5,0xB7CCED,0xB7CCF5,0xB7CCFD,0xB7CD05,0xB7CD0D,0xB7CD15,
  0xB7CD1D,0xB7CD25,0xB7CD2D,0xB7CD35,0xB7CD3D,0xB7CD45,0xB7CD4D,0xB7CD55,0xB7CD5D,0xB7CD65,0xB7CD6D,0xB7CD80,
  0xB7CD91,0xB7CDB0,0xB7CDBB,0xB7CDE0,0xB7CE00,0xB7CE20,0xB7CE40,0xB7CE48,0xB7CE56,0xB7CE61,0xB7CE6C,0xB7CE90,
  0xB7CE98,0xB7CEA6,0xB7CEC0,0xB7CEE0,0xB7CF00,0xB7CF08,0xB7CF20,0xB7CF40,0xB7CF4B,0xB7CF60,0xB7CF68,0xB7CF80,
  0xB7CFA0,0xB7CFC0,0xB7CFCB,0xB7CFD6,0xB7CFE4,0xB7D000,0xB7D00E,0xB7D019,0xB7D030,0xB7D050,0xB7D058,0xB7D06A,
  0xB7D074,0xB7D07E,0xB7D0A0,0xB7D0A8,0xB7D0B3,0xB7D0BE,0xB7D0E0,0xB7D100,0xB7D120,0xB7D128,0xB7D140,0xB7D148,
  0xB7D156,0xB7D170,0xB7D190,0xB7D1B0,0xB7D1D0,0xB7D1F0,0xB7D1FB,0xB7D206,0xB7D220,0xB7D22B,0xB7D240,0xB7D24B,
  0xB7D256,0xB7D270,0xB7D278,0xB7D283,0xB7D28E,0xB7D299,0xB7D2A4,0xB7D2AF,0xB7D2BA,0xB7D2C5,0xB7D2D0,0xB7D2DB,
  0xB7D2E6,0xB7D2EE,0xB7D2F9,0xB7D301,0xB7D320,0xB7D328,0xB7D333,0xB7D33E,0xB7D349,0xB7D354,0xB7D35F,0xB7D367,
  0xB7D372,0xB7D37A,0xB7D385,0xB7D38D,0xB7D398,0xB7D3A0,0xB7D3AB,0xB7D3B3,0xB7D3BE,0xB7D3C6,0xB7D3D1,0xB7D3D9,
  0xB7D3E4,0xB7D3EF,0xB7D3F7,0xB7D402,0xB7D40A,0xB7D415,0xB7D41D,0xB7D428,0xB7D430,0xB7D43B,0xB7D443,0xB7D44E,
  0xB7D456,0xB7D461,0xB7D469,0xB7D474,0xB7D490,0xB7D4B0,0xB7D4BD,0xB7D4CA,0xB7D4F0,0xB7D4FB,0xB7D510,0xB7D530,
  0xB7D53B,0xB7D546,0xB7D551,0xB7D570,0xB7D590,0xB7D5B0,0xB7D5D0,0xB7D5DD,0xB7D5E5,0xB7D5F7,0xB7D5FF,0xB7D611,
  0xB7D619,0xB7D624,0xB7D62F,0xB7D63A,0xB7D645,0xB7D65A,0xB7D672,0xB7D67A,0xB7D685,0xB7D690,0xB7D69B,0xB7D6A6,
  0xB7D6B1,0xB7D6C6,0xB7D6CE,0xB7D6E3,0xB7D6EB,0xB7D6FD,0xB7D705,0xB7D717,0xB7D729,0xB7D731,0xB7D73C,0xB7D751,
  0xB7D759,0xB7D76E,0xB7D776,0xB7D77E,0xB7D793,0xB7D7A8,0xB7D7BD,0xB7D7C5,0xB7D7D7,0xB7D7DF,0xB7D7EA,0xB7D7F5,
  0xB7D80A,0xB7D814,0xB7D82D,0xB7D835,0xB7D840,0xB7D84A,0xB7D86D,0xB7D875,0xB7D880,0xB7D88B,0xB7D8A0,0xB7D8B8,
  0xB7D8CA,0xB7D8D2,0xB7D8DD,0xB7D8E8,0xB7D8F3,0xB7D8FE,0xB7D909,0xB7D917,0xB7D92F,0xB7D937,0xB7D93F,0xB7D951,
  0xB7D959,0xB7D961,0xB7D969,0xB7D97B,0xB7D98D,0xB7D995,0xB7D99D,0xB7D9A5,0xB7D9B7,0xB7D9BF,0xB7D9C7,0xB7D9D9,
  0xB7D9EB,0xB7D9F3,0xB7DA08,0xB7DA1A,0xB7DA2F,0xB7DA41,0xB7DA53,0xB7DA65,0xB7DA7A,0xB7DA8C,0xB7DA9E,0xB7DAB0,
  0xB7DAC2,0xB7DAD4,0xB7DADC,0xB7DAF1,0xB7DAF9,0xB7DB0B,0xB7DB13,0xB7DB27,0xB7DB39,0xB7DB4E,0xB7DB63,0xB7DB6B,
  0xB7DB76,0xB7DB8B,0xB7DB9D,0xB7DBB5,0xB7DBC7,0xB7DBD9,0xB7DBE1,0xB7DBF6,0xB7DC0B,0xB7DC20,0xB7DC32,0xB7DC44,
  0xB7DC4C,0xB7DC54,0xB7DC66,0xB7DC6E,0xB7DC82,0xB7DC8D,0xB7DC98,0xB7DCA3,0xB7DCAE,0xB7DCB9,0xB7DCCE,0xB7DCE3,
  0xB7DCF5,0xB7DCFD,0xB7DD05,0xB7DD0D,0xB7DD15,0xB7DD27,0xB7DD39,0xB7DD41,0xB7DD4C,0xB7DD57,0xB7DD62,0xB7DD6D,
  0xB7DD78,0xB7DD83,0xB7DD8E,0xB7DD99,0xB7DDA1,0xB7DDB3,0xB7DDC8,0xB7DDDD,0xB7DDE5,0xB7DDFD,0xB7DE14,0xB7DE2B,
  0xB7DE3D,0xB7DE45,0xB7DE5D,0xB7DE6F,0xB7DE77,0xB7DE85,0xB7DE93,0xB7DEA1,0xB7DEB9,0xB7DECB,0xB7DEDD,0xB7DEE5,
  0xB7DEF3,0xB7DF01,0xB7DF19,0xB7DF23,0xB7DF35,0xB7DF47,0xB7DF52,0xB7DF5D,0xB7DF72,0xB7DF87,0xB7DF8F,0xB7DFAD,
  0xB7DFB5,0xB7DFC0,0xB7DFD5,0xB7DFEE,0xB7DFF8,0xB7E011,0xB7E023,0xB7E02D,0xB7E050,0xB7E070,0xB7E078,0xB7E086,
  0xB7E094,0xB7E0A2,0xB7E0B0,0xB7E0BE,0xB7E0CC,0xB7E0DA,0xB7E0E8,0xB7E100,0xB7E114,0xB7E11C,0xB7E12A,0xB7E138,
  0xB7E146,0xB7E154,0xB7E162,0xB7E170,0xB7E17E,0xB7E196,0xB7E1A8,0xB7E1BA,0xB7E1CE,0xB7E1E0,0xB7E1EB,0xB7E218,
  0xB7E22A,0xB7E232,0xB7E23A,0xB7E24C,0xB7E264,0xB7E276,0xB7E27E,0xB7E289,0xB7E29E,0xB7E2B0,0xB7E2B8,0xB7E2CA,
  0xB7E2D5,0xB7E2E7,0xB7E2EF,0xB7E2FA,0xB7E305,0xB7E31A,0xB7E322,0xB7E334,0xB7E349,0xB7E35B,0xB7E370,0xB7E378,
  0xB7E38A,0xB7E39C,0xB7E3B4,0xB7E3C9,0xB7E3D1,0xB7E3D9,0xB7E3EB,0xB7E3F3,0xB7E3FE,0xB7E409,0xB7E414,0xB7E41F,
  0xB7E42A,0xB7E435,0xB7E440,0xB7E44B,0xB7E456,0xB7E461,0xB7E46C,0xB7E477,0xB7E482,0xB7E490,0xB7E49E,0xB7E4AC,
  0xB7E4BA,0xB7E4C8,0xB7E4D6,0xB7E4E4,0xB7E4F2,0xB7E500,0xB7E50E,0xB7E51C,0xB7E52A,0xB7E538,0xB7E546,0xB7E554,
  0xB7E56C,0xB7E574,0xB7E57F,0xB7E58A,0xB7E595,0xB7E5A0,0xB7E5AB,0xB7E5B6,0xB7E5C1,0xB7E5CC,0xB7E5D7,0xB7E5E2,
  0xB7E5ED,0xB7E5F8,0xB7E603,0xB7E611,0xB7E61F,0xB7E62D,0xB7E63B,0xB7E649,0xB7E657,0xB7E665,0xB7E673,0xB7E681,
  0xB7E68F,0xB7E69D,0xB7E6AB,0xB7E6B9,0xB7E6C7,0xB7E6DF,0xB7E6E7,0xB7E6F9,0xB7E701,0xB7E724,0xB7E739,0xB7E74B,
  0xB7E753,0xB7E765,0xB7E773,0xB7E78B,0xB7E793,0xB7E7A8,0xB7E7BA,0xB7E7C2,0xB7E7D4,0xB7E7E9,0xB7E7F1,0xB7E7FC,
  0xB7E814,0xB7E829,0xB7E834,0xB7E849,0xB7E851,0xB7E863,0xB7E878,0xB7E88A,0xB7E892,0xB7E89D,0xB7E8A8,0xB7E8B3,
  0xB7E8C8,0xB7E8D0,0xB7E8DB,0xB7E8E6,0xB7E8FB,0xB7E913,0xB7E91B,0xB7E92D,0xB7E93F,0xB7E947,0xB7E95B,0xB7E970,
  0xB7E978,0xB7E98A,0xB7E992,0xB7E9A6,0xB7E9AE,0xB7E9B9,0xB7E9C4,0xB7E9CF,0xB7E9DA,0xB7E9E5,0xB7E9F0,0xB7E9FB,
  0xB7EA06,0xB7EA11,0xB7EA1C,0xB7EA27,0xB7EA32,0xB7EA3D,0xB7EA48,0xB7EA53,0xB7EA5E,0xB7EA69,0xB7EA74,0xB7EA7F,
  0xB7EA8A,0xB7EA95,0xB7EAA0,0xB7EAAB,0xB7EAB6,0xB7EAC1,0xB7EACC,0xB7EAD7,0xB7EAE2,0xB7EAED,0xB7EAF8,0xB7EB03,
  0xB7EB11,0xB7EB1F,0xB7EB2D,0xB7EB3B,0xB7EB49,0xB7EB57,0xB7EB65,0xB7EB73,0xB7EB81,0xB7EB99,0xB7EBA1,0xB7EBAC,
  0xB7EBB7,0xB7EBC2,0xB7EBCD,0xB7EBD8,0xB7EBE3,0xB7EBEE,0xB7EBF9,0xB7EC04,0xB7EC0F,0xB7EC1A,0xB7EC25,0xB7EC30,
  0xB7EC3B,0xB7EC46,0xB7EC51,0xB7EC5C,0xB7EC67,0xB7EC72,0xB7EC7D,0xB7EC88,0xB7EC93,0xB7EC9E,0xB7ECA9,0xB7ECB4,
  0xB7ECBF,0xB7ECCA,0xB7ECD5,0xB7ECE0,0xB7ECEB,0xB7ECF6,0xB7ED04,0xB7ED12,0xB7ED20,0xB7ED2E,0xB7ED3C,0xB7ED4A,
  0xB7ED58,0xB7ED66,0xB7ED74,0xB7ED82,0xB7ED9A,0xB7EDA8,0xB7EDB6,0xB7EDC4,0xB7EDD2,0xB7EDE0,0xB7EDEE,0xB7EDFC,
  0xB7EE0A,0xB7EE18,0xB7EE26,0xB7EE34,0xB7EE42,0xB7EE5A,0xB7EE62,0xB7EE6D,0xB7EE78,0xB7EE83,0xB7EE8E,0xB7EEA3,
  0xB7EEAB,0xB7EEB6,0xB7EEC1,0xB7EECC,0xB7EEE1,0xB7EEF6,0xB7EF08,0xB7EF10,0xB7EF26,0xB7EF34,0xB7EF42,0xB7EF50,
  0xB7EF68,0xB7EF7A,0xB7EF8E,0xB7EFA0,0xB7EFA8,0xB7EFBD,0xB7EFCF,0xB7EFD7,0xB7EFE9,0xB7EFF4,0xB7EFFF,0xB7F00A,
  0xB7F015,0xB7F020,0xB7F02B,0xB7F036,0xB7F041,0xB7F04C,0xB7F06C,0xB7F077,0xB7F082,0xB7F08D,0xB7F098,0xB7F0A3,
  0xB7F0AE,0xB7F0B9,0xB7F0C4,0xB7F0CF,0xB7F0E5,0xB7F0FD,0xB7F105,0xB7F10D,0xB7F11F,0xB7F127,0xB7F12F,0xB7F13A,
  0xB7F142,0xB7F154,0xB7F15C,0xB7F171,0xB7F179,0xB7F184,0xB7F18C,0xB7F194,0xB7F19C,0xB7F1AE,0xB7F1C0,0xB7F1C8,
  0xB7F1DA,0xB7F1E2,0xB7F1EA,0xB7F1F2,0xB7F215,0xB7F21D,0xB7F232,0xB7F23A,0xB7F25D,0xB7F26F,0xB7F281,0xB7F299,
  0xB7F2AE,0xB7F2C0,0xB7F2C8,0xB7F2D3,0xB7F2DE,0xB7F2F3,0xB7F2FE,0xB7F315,0xB7F31F,0xB7F342,0xB7F34A,0xB7F355,
  0xB7F360,0xB7F375,0xB7F380,0xB7F392,0xB7F39A,0xB7F3A2,0xB7F3AA,0xB7F3BC,0xB7F3D1,0xB7F3DE,0xB7F3E6,0xB7F3EE,
  0xB7F3F6,0xB7F40F,0xB7F41A,0xB7F425,0xB7F43A,0xB7F44C,0xB7F454,0xB7F466,0xB7F473,0xB7F47B,0xB7F483,0xB7F48E,
  0xB7F496,0xB7F4A3,0xB7F4B0,0xB7F4C7,0xB7F4CF,0xB7F4DC,0xB7F4F1,0xB7F4F9,0xB7F504,0xB7F50F,0xB7F51A,0xB7F525,
  0xB7F530,0xB7F53E,0xB7F54C,0xB7F564,0xB7F56C,0xB7F574,0xB7F57C,0xB7F58E,0xB7F5A2,0xB7F5B4,0xB7F5BC,0xB7F5D0,
  0xB7F5D8,0xB7F5EA,0xB7F5F2,0xB7F5FD,0xB7F608,0xB7F61D,0xB7F625,0xB7F630,0xB7F645,0xB7F659,0xB7F661,0xB7F66C,
  0xB7F681,0xB7F693,0xB7F6A5,0xB7F6B7,0xB7F6C9,0xB7F6DB,0xB7F6ED,0xB7F6FF,0xB7F714,0xB7F71C,0xB7F72E,0xB7F746,
  0xB7F74E,0xB7F756,0xB7F75E,0xB7F770,0xB7F789,0xB7F7A2,0xB7F7AA,0xB7F7B2,0xB7F7BA,0xB7F7C2,0xB7F7D4,0xB7F7E6,
  0xB7F7EE,0xB7F800,0xB7F812,0xB7F824,0xB7F836,0xB7F848,0xB7F85A,0xB7F86C,0xB7F87E,0xB7F893,0xB7F8A5,0xB7F8AD,
  0xB7F8B5,0xB7F8BD,0xB7F8C5,0xB7F8D7,0xB7F8DF,0xB7F902,0xB7F914,0xB7F91C,0xB7F930,0xB7F93B,0xB7F946,0xB7F954,
  0xB7F962,0xB7F970,0xB7F982,0xB7F994,0xB7F99C,0xB7F9A4,0xB7F9AC,0xB7F9B4,0xB7F9BC,0xB7F9C4,0xB7F9CC,0xB7F9D4,
  0xB7F9DC,0xB7F9E4,0xB7F9F6,0xB7F9FE,0xB7FA09,0xB7FA14,0xB7FA1F,0xB7FA37,0xB7FA53,0xB7FA5E,0xB7FA73,0xB7FA7B,
  0xB7FA83,0xB7FA8B,0xB7FA96,0xB7FAA8,0xB7FAB0,0xB7FABE,0xB7FACC,0xB7FADA,0xB7FAE8,0xB7FAF0,0xB7FAF8,0xB7FB00,
  0xB7FB08,0xB7FB1A,0xB7FB22,0xB7FB3A,0xB7FB42,0xB7FB5A,0xB7FB6C,0xB7FB76,0xB7FB7E,0xB7FB90,0xB7FB98,0xB7FBA6,
  0xB7FBAE,0xB7FBB6,0xB7FBC8,0xB7FBD0,0xB7FBDE,0xB7FBEC,0xB7FBFA,0xB7FC08,0xB7FC12,0xB7FC2B,0xB7FC35,0xB7FC4E,
  0xB7FC58,0xB7FC71,0xB7FC79,0xB7FC81,0xB7FC89,0xB7FC9B,0xB7FCA8,0xB7FCB0,0xB7FCC7,0xB7FCD1,0xB7FCEA,0xB7FCF4,
  0xB7FD0D,0xB7FD1F,0xB7FD2D,0xB7FD35,0xB7FD47,0xB7FD4F,0xB7FD67,0xB7FD79,0xB7FD8B,0xB7FD9D,0xB7FDA5,0xB7FDBA,
  0xB7FDC2,0xB7FDD7,0xB7FDEC,0xB7FDFE,0xB7FE21,0xB7FE33,0xB7FE3B,0xB7FE46,0xB7FE51,0xB7FE5C,0xB7FE67,0xB7FE7D,
  0xB7FE93,0xB7FEA1,0xB7FEAF,0xB7FEBD,0xB7FECB,0xB7FED9,0xB7FEE7,0xB7FEF5,0xB7FF03,0xB7FF11,0xB7FF1F,0xB7FF2D,
  0xB7FF3B,0xB7FF49,0xB7FF57,0xB7FF65,0xB7FF73,0xB7FF81,0xB7FF8F,0xB7FF9D,0xB7FFAB,0xB7FFB9,0xB7FFC7,0xB7FFD5,
  0xB7FFE3,0xB7FFF1,0xB7FFFF,0xB8000D,0xB8001B,0xB80029,0xB80037,0xB80045,0xB8005D,0xB80065,0xB80070,0xB8007B,
  0xB80086,0xB80091,0xB8009F,0xB800AD,0xB800BB,0xB800C9,0xB800D7,0xB800E5,0xB800F3,0xB80101,0xB8010F,0xB8011D,
  0xB8012B,0xB80139,0xB80147,0xB80155,0xB80163,0xB80171,0xB8017F,0xB8018D,0xB8019B,0xB801A9,0xB801B7,0xB801C5,
  0xB801D3,0xB801E1,0xB801EF,0xB801FD,0xB8020B,0xB80219,0xB80227,0xB80235,0xB80243,0xB8025B,0xB80273,0xB8027B,
  0xB80286,0xB80291,0xB8029C,0xB802A7,0xB802BD,0xB802D3,0xB802E1,0xB802EF,0xB802FD,0xB8030B,0xB80319,0xB80327,
  0xB80335,0xB80343,0xB80351,0xB8035F,0xB8036D,0xB8037B,0xB80389,0xB80397,0xB803A5,0xB803B3,0xB803C1,0xB803CF,
  0xB803DD,0xB803EB,0xB803F9,0xB80407,0xB80415,0xB80423,0xB80431,0xB8043F,0xB8044D,0xB8045B,0xB80469,0xB80477,
  0xB80485,0xB80493,0xB804AB,0xB804B5,0xB804CA,0xB804DC,0xB804EE,0xB80506,0xB8050E,0xB80519,0xB8052E,0xB80540,
  0xB80548,0xB8056B,0xB8057D,0xB80585,0xB80590,0xB805A5,0xB805AD,0xB805C2,0xB805CA,0xB805DF,0xB805F1,0xB80603,
  0xB8060B,0xB80620,0xB80628,0xB80633,0xB80648,0xB8065A,0xB8066E,0xB80676,0xB8068A,0xB8069C,0xB806AE,0xB806C0,
  0xB806D5,0xB806DD,0xB806E5,0xB806F0,0xB80705,0xB8070D,0xB8072B,0xB80735,0xB80749,0xB8075B,0xB8076D,0xB80775,
  0xB8077D,0xB80788,0xB8079D,0xB807A5,0xB807C3,0xB807CD,0xB807E1,0xB807EC,0xB80801,0xB80816,0xB80828,0xB8083A,
  0xB8084F,0xB80857,0xB8086B,0xB8087D,0xB80885,0xB80897,0xB808A9,0xB808B4,0xB808C6,0xB808D8,0xB808EA,0xB808F2,
  0xB80904,0xB8090C,0xB80914,0xB80926,0xB80938,0xB8094A,0xB80952,0xB80966,0xB80971,0xB80979,0xB8098B,0xB80995,
  0xB809A7,0xB809B9,0xB809C4,0xB809CF,0xB809DA,0xB809FA,0xB80A02,0xB80A25,0xB80A37,0xB80A4C,0xB80A5E,0xB80A70,
  0xB80A78,0xB80A8A,0xB80A92,0xB80AA4,0xB80AAC,0xB80ABE,0xB80AC6,0xB80ADB,0xB80AED,0xB80B05,0xB80B0F,0xB80B23,
  0xB80B2B,0xB80B33,0xB80B56,0xB80B5E,0xB80B66,0xB80B6E,0xB80B76,0xB80B7E,0xB80B90,0xB80B98,0xB80BA0,0xB80BA8,
  0xB80BB0,0xB80BC2,0xB80BCA,0xB80BDC,0xB80BF1,0xB80C03,0xB80C15,0xB80C27,0xB80C39,0xB80C41,0xB80C4C,0xB80C57,
  0xB80C73,0xB80C91,0xB80C9F,0xB80CAD,0xB80CBB,0xB80CC9,0xB80CD7,0xB80CE5,0xB80CF3,0xB80D01,0xB80D1C,0xB80D2A,
  0xB80D38,0xB80D50,0xB80D5E,0xB80D6C,0xB80D7A,0xB80D88,0xB80D96,0xB80DAE,0xB80DC6,0xB80DDE,0xB80DF6,0xB80E18,
  0xB80E20,0xB80E28,0xB80E3A,0xB80E42,0xB80E4A,0xB80E52,0xB80E5A,0xB80E6C,0xB80E74,0xB80E7C,0xB80E84,0xB80E8C,
  0xB80E9E,0xB80EA6,0xB80EAE,0xB80EC0,0xB80EC8,0xB80ED0,0xB80ED8,0xB80EE0,0xB80EE8,0xB80EFA,0xB80F02,0xB80F0A,
  0xB80F12,0xB80F1A,0xB80F22,0xB80F34,0xB80F3C,0xB80F44,0xB80F4C,0xB80F54,0xB80F66,0xB80F6E,0xB80F80,0xB80F88,
  0xB80F9A,0xB80FAC,0xB80FB4,0xB80FBC,0xB80FC4,0xB80FCC,0xB80FD4,0xB80FE6,0xB80FEE,0xB81000,0xB81012,0xB8101A,
  0xB8102E,0xB81039,0xB81055,0xB81073,0xB81081,0xB8108F,0xB8109D,0xB810AB,0xB810B9,0xB810C7,0xB810D5,0xB810E3,
  0xB810FE,0xB8110C,0xB8111A,0xB81132,0xB81140,0xB8114E,0xB8115C,0xB8116A,0xB81178,0xB81190,0xB811A8,0xB811C0,
  0xB811D8,0xB811F0,0xB811FE,0xB8120C,0xB8121A,0xB81232,0xB8123A,0xB81242,0xB8124A,0xB8125C,0xB8126E,0xB81276,
  0xB81281,0xB81289,0xB81291,0xB8129C,0xB812A4,0xB812AC,0xB812B4,0xB812BC,0xB812C4,0xB812CC,0xB812D4,0xB812DC,
  0xB812E4,0xB812EC,0xB812F4,0xB812FC,0xB81304,0xB8130C,0xB81314,0xB8131C,0xB81324,0xB8132C,0xB81334,0xB8133C,
  0xB81352,0xB81368,0xB8137E,0xB81394,0xB8139C,0xB813A4,0xB813AC,0xB813B6,0xB813BE,0xB813C6,0xB813CE,0xB813D9,
  0xB813E1,0xB813E9,0xB813F1,0xB813F9,0xB81404,0xB8140C,0xB81414,0xB8141C,0xB81424,0xB8142C,0xB81437,0xB81449,
  0xB81451,0xB81459,0xB81461,0xB81469,0xB81471,0xB81479,0xB81481,0xB81489,0xB81491,0xB81499,0xB814AB,0xB814B3,
  0xB814BB,0xB814C3,0xB814CB,0xB814D3,0xB814DB,0xB814E3,0xB814EB,0xB814F3,0xB81505,0xB81517,0xB8151F,0xB81527,
  0xB8152F,0xB81541,0xB8154B,0xB8155D,0xB8156F,0xB81577,0xB8157F,0xB81587,0xB8158F,0xB81597,0xB815A9,0xB815B4,
  0xB815BF,0xB815CA,0xB815D5,0xB815EA,0xB815F5,0xB81600,0xB8160B,0xB81620,0xB81638,0xB8165B,0xB81663,0xB81677,
  0xB81689,0xB81691,0xB81699,0xB816BC,0xB816D1,0xB816E6,0xB816EE,0xB81700,0xB81708,0xB81713,0xB8171E,0xB81729,
  0xB81734,0xB81748,0xB81752,0xB81766,0xB8176E,0xB81782,0xB8178D,0xB81798,0xB817AD,0xB817B7,0xB817BF,0xB817C9,
  0xB817DD,0xB817E5,0xB817ED,0xB817FF,0xB81807,0xB81819,0xB81831,0xB81843,0xB8184B,0xB8186E,0xB81880,0xB81888,
  0xB8189A,0xB818A4,0xB818B6,0xB818BE,0xB818D0,0xB818E4,0xB818F6,0xB8190B,0xB81913,0xB8191E,0xB81929,0xB81934,
  0xB81949,0xB8196C,0xB81977,0xB81982,0xB8198D,0xB819A2,0xB819AC,0xB819CF,0xB819D7,0xB819E2,0xB819ED,0xB819F8,
  0xB81A03,0xB81A0E,0xB81A19,0xB81A24,0xB81A2F,0xB81A3A,0xB81A4E,0xB81A56,0xB81A61,0xB81A6C,0xB81A77,0xB81A82,
  0xB81A8D,0xB81A98,0xB81AA3,0xB81AAE,0xB81AC3,0xB81ACE,0xB81AD9,0xB81AE4,0xB81AEF,0xB81B04,0xB81B0E,0xB81B31,
  0xB81B45,0xB81B4D,0xB81B61,0xB81B6C,0xB81B77,0xB81B8C,0xB81B9E,0xB81BB3,0xB81BBB,0xB81BDE,0xB81BE6,0xB81BF8,
  0xB81C02,0xB81C1B,0xB81C25,0xB81C48,0xB81C50,0xB81C58,0xB81C60,0xB81C72,0xB81C87,0xB81C99,0xB81CB1,0xB81CC3,
  0xB81CCB,0xB81CDD,0xB81CF2,0xB81D04,0xB81D18,0xB81D20,0xB81D2B,0xB81D39,0xB81D47,0xB81D55,0xB81D63,0xB81D71,
  0xB81D7F,0xB81D8D,0xB81D9B,0xB81DA9,0xB81DB7,0xB81DC5,0xB81DD3,0xB81DE1,0xB81DEF,0xB81DFD,0xB81E0B,0xB81E19,
  0xB81E27,0xB81E35,0xB81E43,0xB81E51,0xB81E5F,0xB81E6D,0xB81E7B,0xB81E89,0xB81E97,0xB81EA5,0xB81EBD,0xB81EC5,
  0xB81ED0,0xB81EDE,0xB81EEC,0xB81EFA,0xB81F08,0xB81F16,0xB81F24,0xB81F32,0xB81F40,0xB81F4E,0xB81F5C,0xB81F6A,
  0xB81F78,0xB81F86,0xB81F94,0xB81FA2,0xB81FB0,0xB81FBE,0xB81FCC,0xB81FDA,0xB81FE8,0xB81FF6,0xB82004,0xB82012,
  0xB82020,0xB8202E,0xB8203C,0xB8204A,0xB82058,0xB82066,0xB8207E,0xB82086,0xB82090,0xB82098,0xB820A0,0xB820B5,
  0xB820BF,0xB820C7,0xB820D1,0xB820E3,0xB820F7,0xB8211A,0xB8212E,0xB82136,0xB82140,0xB82152,0xB8215A,0xB82165,
  0xB82170,0xB8217B,0xB82189,0xB82197,0xB821A5,0xB821B3,0xB821C1,0xB821CF,0xB821DD,0xB821EB,0xB821F9,0xB82207,
  0xB82215,0xB82223,0xB8223B,0xB82245,0xB82257,0xB8225F,0xB82271,0xB82279,0xB8228D,0xB822A1,0xB822AC,0xB822BA,
  0xB822C8,0xB822D6,0xB822E4,0xB822F2,0xB82300,0xB8230E,0xB8231C,0xB8232A,0xB82338,0xB82346,0xB82354,0xB8236C,
  0xB8237E,0xB82386,0xB82391,0xB823A6,0xB823B8,0xB823C0,0xB823D5,0xB823E9,0xB823F3,0xB82408,0xB82410,0xB8241B,
  0xB82426,0xB8243B,0xB8244D,0xB82465,0xB82477,0xB8247F,0xB82494,0xB824A6,0xB824B8,0xB824CA,0xB824D2,0xB824DA,
  0xB824EC,0xB824FE,0xB82510,0xB82522,0xB8252A,0xB8253F,0xB82551,0xB82559,0xB8256B,0xB82583,0xB8258B,0xB82593,
  0xB8259B,0xB825A3,0xB825B5,0xB825CA,0xB825D2,0xB825DD,0xB825E8,0xB825F0,0xB825F8,0xB8260A,0xB82612,0xB8261A,
  0xB8262C,0xB82645,0xB82668,0xB8267A,0xB82682,0xB8268D,0xB82698,0xB826A0,0xB826A8,0xB826BA,0xB826CF,0xB826E1,
  0xB826F3,0xB82705,0xB82717,0xB8272F,0xB82741,0xB82753,0xB8275B,0xB82766,0xB8277B,0xB8278D,0xB82795,0xB827AA,
  0xB827B2,0xB827C4,0xB827CC,0xB827DE,0xB827F0,0xB827F8,0xB82800,0xB82814,0xB8281C,0xB82824,0xB82836,0xB82848,
  0xB8285C,0xB82864,0xB82879,0xB8288E,0xB828A0,0xB828B2,0xB828BA,0xB828DD,0xB828F2,0xB828FD,0xB82912,0xB82924,
  0xB8293C,0xB8294E,0xB82965,0xB8297C,0xB82993,0xB829AA,0xB829C1,0xB829D8,0xB829EF,0xB82A06,0xB82A1D,0xB82A34,
  0xB82A4B,0xB82A5D,0xB82A6F,0xB82A81,0xB82A89,0xB82A9B,0xB82AAD,0xB82ABF,0xB82AC7,0xB82ACF,0xB82AD7,0xB82AE9,
  0xB82AF1,0xB82AF9,0xB82B01,0xB82B24,0xB82B2C,0xB82B4F,0xB82B66,0xB82B7D,0xB82B8F,0xB82B97,0xB82BA9,0xB82BB1,
  0xB82BB9,0xB82BC1,0xB82BC9,0xB82BD6,0xB82BED,0xB82BF5,0xB82C07,0xB82C0F,0xB82C1A,0xB82C25,0xB82C30,0xB82C3B,
  0xB82C46,0xB82C51,0xB82C5C,0xB82C71,0xB82C83,0xB82C8B,0xB82C93,0xB82C9B,0xB82CA3,0xB82CB0,0xB82CC7,0xB82CCF,
  0xB82CD7,0xB82CDF,0xB82CEC,0xB82D03,0xB82D0B,0xB82D13,0xB82D25,0xB82D2D,0xB82D35,0xB82D3D,0xB82D45,0xB82D4D,
  0xB82D55,0xB82D5D,0xB82D65,0xB82D6D,0xB82D75,0xB82D7D,0xB82D85,0xB82D97,0xB82D9F,0xB82DB3,0xB82DBB,0xB82DC3,
  0xB82DCB,0xB82DD3,0xB82DDB,0xB82DE3,0xB82DF5,0xB82DFD,0xB82E08,0xB82E13,0xB82E28,0xB82E30,0xB82E3B,0xB82E46,
  0xB82E51,0xB82E66,0xB82E6E,0xB82E76,0xB82E7E,0xB82E86,0xB82E91,0xB82EA8,0xB82EB0,0xB82EBB,0xB82EC9,0xB82ED7,
  0xB82EE5,0xB82EF3,0xB82F01,0xB82F0F,0xB82F1D,0xB82F2B,0xB82F39,0xB82F47,0xB82F55,0xB82F63,0xB82F7B,0xB82F83,
  0xB82F8E,0xB82F9C,0xB82FAA,0xB82FB8,0xB82FC6,0xB82FD4,0xB82FE2,0xB82FF0,0xB82FFE,0xB8300C,0xB8301A,0xB83028,
  0xB83036,0xB8304E,0xB83056,0xB8305E,0xB83066,0xB8306E,0xB83076,0xB83088,0xB83095,0xB830AC,0xB830BE,0xB830C6,
  0xB830DB,0xB830E3,0xB830EB,0xB8310E,0xB83126,0xB8312E,0xB83140,0xB83148,0xB8315D,0xB83165,0xB83170,0xB83185,
  0xB8318D,0xB8319F,0xB831B1,0xB831B9,0xB831C4,0xB831D9,0xB831E1,0xB831F6,0xB8320A,0xB83212,0xB8321A,0xB8323D,
  0xB8324F,0xB83261,0xB83278,0xB83290,0xB832A2,0xB832B9,0xB832C1,0xB832D3,0xB832E5,0xB832F9,0xB8330B,0xB8331D,
  0xB8332F,0xB83341,0xB83349,0xB83351,0xB83359,0xB8337C,0xB83384,0xB8338F,0xB833A4,0xB833BC,0xB833CE,0xB833D6,
  0xB833EB,0xB833FD,0xB8340F,0xB83417,0xB8342C,0xB83434,0xB8343F,0xB83454,0xB83468,0xB83470,0xB83482,0xB8348A,
  0xB83494,0xB834A6,0xB834BA,0xB834CC,0xB834DE,0xB834F0,0xB83502,0xB8350A,0xB8352D,0xB83545,0xB8354D,0xB8355F,
  0xB83571,0xB83579,0xB8359C,0xB835A4,0xB835B9,0xB835C1,0xB835D3,0xB835F6,0xB835FE,0xB83606,0xB83618,0xB83631,
  0xB83654,0xB8366D,0xB83690,0xB836A9,0xB836CC,0xB836D4,0xB836E6,0xB836EE,0xB836F6,0xB836FE,0xB83710,0xB83718,
  0xB8372A,0xB83732,0xB83744,0xB8374C,0xB8375E,0xB83770,0xB83778,0xB8378A,0xB8379C,0xB837AE,0xB837B6,0xB837C8,
  0xB837D0,0xB837D8,0xB837EA,0xB837FF,0xB83807,0xB83812,0xB8381D,0xB83828,0xB83833,0xB8383E,0xB83849,0xB83857,
  0xB83865,0xB83873,0xB83881,0xB83899,0xB838B1,0xB838CA,0xB838ED,0xB838F5,0xB8390A,0xB83912,0xB83927,0xB83939,
  0xB83941,0xB8394C,0xB83957,0xB83962,0xB8396D,0xB83978,0xB83983,0xB83991,0xB8399F,0xB839AD,0xB839BB,0xB839D3,
  0xB839EB,0xB839F3,0xB839FB,0xB83A03,0xB83A15,0xB83A27,0xB83A3B,0xB83A4D,0xB83A62,0xB83A6C,0xB83A76,0xB83A7E,
  0xB83A88,0xB83AA1,0xB83AAB,0xB83AB5,0xB83ABD,0xB83AC7,0xB83AE0,0xB83AEA,0xB83AF2,0xB83AFC,0xB83B15,0xB83B29,
  0xB83B31,0xB83B39,0xB83B41,0xB83B49,0xB83B5B,0xB83B6D,0xB83B75,0xB83B7D,0xB83B85,0xB83B90,0xB83B9B,0xB83BAD,
  0xB83BB5,0xB83BBD,0xB83BC5,0xB83BD7,0xB83BDF,0xB83BEA,0xB83BF5,0xB83C0A,0xB83C12,0xB83C1A,0xB83C22,0xB83C2A,
  0xB83C3C,0xB83C44,0xB83C4C,0xB83C54,0xB83C5C,0xB83C64,0xB83C6C,0xB83C74,0xB83C86,0xB83C98,0xB83CA2,0xB83CB4,
  0xB83CBC,0xB83CCE,0xB83CE0,0xB83CF7,0xB83D0F,0xB83D21,0xB83D29,0xB83D4E,0xB83D60,0xB83D68,0xB83D72,0xB83D7A,
  0xB83D82,0xB83D8A,0xB83D9C,0xB83DAE,0xB83DC0,0xB83DC8,0xB83DD0,0xB83DD8,0xB83DE0,0xB83DE8,0xB83DFA,0xB83E0C,
  0xB83E1E,0xB83E26,0xB83E2E,0xB83E36,0xB83E3E,0xB83E46,0xB83E4E,0xB83E56,0xB83E5E,0xB83E66,0xB83E6E,0xB83E76,
  0xB83E7E,0xB83E90,0xB83EA2,0xB83EAA,0xB83EBC,0xB83ECE,0xB83EE0,0xB83EE8,0xB83EF0,0xB83EF8,0xB83F00,0xB83F12,
  0xB83F24,0xB83F2C,0xB83F34,0xB83F3C,0xB83F44,0xB83F56,0xB83F68,0xB83F70,0xB83F78,0xB83F80,0xB83F88,0xB83F9A,
  0xB83FA2,0xB83FB6,0xB83FC1,0xB83FCC,0xB83FD7,0xB83FE2,0xB83FED,0xB83FF8,0xB84003,0xB8400E,0xB84019,0xB84027,
  0xB84035,0xB84043,0xB84051,0xB8405F,0xB84077,0xB84085,0xB84093,0xB840A1,0xB840AF,0xB840BD,0xB840D5,0xB840E7,
  0xB840F1,0xB840FB,0xB84105,0xB8410F,0xB84119,0xB84123,0xB84137,0xB84149,0xB84151,0xB84159,0xB84161,0xB84169,
  0xB84171,0xB84183,0xB8418B,0xB8419D,0xB841A8,0xB841BA,0xB841C2,0xB841CA,0xB841D2,0xB841E4,0xB841EC,0xB841FE,
  0xB84206,0xB84218,0xB8423B,0xB84250,0xB84258,0xB8426A,0xB84272,0xB8427A,0xB84282,0xB8428A,0xB84292,0xB8429A,
  0xB842A2,0xB842AA,0xB842BC,0xB842C4,0xB842CC,0xB842DE,0xB842F0,0xB842F8,0xB84303,0xB8430E,0xB84319,0xB84324,
  0xB8432F,0xB8433A,0xB84345,0xB84350,0xB8435B,0xB84366,0xB84374,0xB84382,0xB84390,0xB8439E,0xB843AC,0xB843C4,
  0xB843D2,0xB843E0,0xB843EE,0xB843FC,0xB8440A,0xB8442C,0xB84434,0xB8443C,0xB84444,0xB8444C,0xB84454,0xB8445C,
  0xB84464,0xB8446C,0xB8448F,0xB844A1,0xB844AB,0xB844B3,0xB844BB,0xB844C3,0xB844CB,0xB844D3,0xB844DB,0xB844E3,
  0xB844EB,0xB844F3,0xB844FB,0xB84503,0xB8450B,0xB84513,0xB8451B,0xB8452D,0xB84535,0xB84547,0xB8454F,0xB84557,
  0xB8455F,0xB84571,0xB84579,0xB84581,0xB84596,0xB845A8,0xB845BA,0xB845CE,0xB845D6,0xB845E4,0xB845FC,0xB8460E,
  0xB84622,0xB84634,0xB8463C,0xB84651,0xB84659,0xB84664,0xB8466F,0xB84684,0xB84696,0xB846A8,0xB846BA,0xB846C2,
  0xB846CA,0xB846D2,0xB846E4,0xB846F6,0xB846FE,0xB84706,0xB8470E,0xB84718,0xB84720,0xB84728,0xB84732,0xB8473A,
  0xB8474C,0xB8475E,0xB84770,0xB84782,0xB84794,0xB8479C,0xB847A7,0xB847B2,0xB847BD,0xB847C8,0xB847D3,0xB847DE,
  0xB847E9,0xB847FE,0xB84806,0xB8481B,0xB84823,0xB8482E,0xB84840,0xB84848,0xB8485D,0xB84865,0xB84870,0xB8487B,
  0xB84886,0xB84891,0xB8489C,0xB848A7,0xB848BF,0xB848D4,0xB848DC,0xB848F1,0xB848FC,0xB84906,0xB8490E,0xB84918,
  0xB84922,0xB8492C,0xB84934,0xB8493E,0xB84948,0xB84952,0xB8495C,0xB84966,0xB84970,0xB8497A,0xB84984,0xB8498E,
  0xB84998,0xB849A2,0xB849AC,0xB849B6,0xB849C0,0xB849CA,0xB849D4,0xB849DE,0xB849E8,0xB849F2,0xB849FC,0xB84A06,
  0xB84A10,0xB84A1A,0xB84A24,0xB84A2E,0xB84A38,0xB84A42,0xB84A4C,0xB84A56,0xB84A60,0xB84A6A,0xB84A74,0xB84A7E,
  0xB84A88,0xB84A92,0xB84A9A,0xB84AA4,0xB84AAE,0xB84AB8,0xB84AC2,0xB84ACC,0xB84AD6,0xB84AE0,0xB84AEA,0xB84AF4,
  0xB84AFE,0xB84B08,0xB84B12,0xB84B1C,0xB84B26,0xB84B30,0xB84B3A,0xB84B44,0xB84B4E,0xB84B58,0xB84B62,0xB84B6C,
  0xB84B76,0xB84B80,0xB84B8A,0xB84B94,0xB84B9E,0xB84BA8,0xB84BB2,0xB84BBC,0xB84BC6,0xB84BD0,0xB84BDA,0xB84BE4,
  0xB84BEE,0xB84BF8,0xB84C02,0xB84C0C,0xB84C16,0xB84C20,0xB84C2A,0xB84C34,0xB84C3E,0xB84C48,0xB84C52,0xB84C5C,
  0xB84C64,0xB84C6E,0xB84C79,0xB84C81,0xB84C89,0xB84C91,0xB84C99,0xB84CA1,0xB84CA9,0xB84CB1,0xB84CC3,0xB84CD5,
  0xB84CE9,0xB84CFD,0xB84D0F,0xB84D17,0xB84D1F,0xB84D31,0xB84D43,0xB84D4B,0xB84D5D,0xB84D65,0xB84D6D,0xB84D75,
  0xB84D87,0xB84D8F,0xB84DA1,0xB84DA9,0xB84DBB,0xB84DCD,0xB84DD5,0xB84DDD,0xB84DE5,0xB84E08,0xB84E10,0xB84E33,
  0xB84E3B,0xB84E43,0xB84E4B,0xB84E6E,0xB84E76,0xB84E7E,0xB84E86,0xB84E8E,0xB84EA0,0xB84EA8,0xB84EB0,0xB84EC9,
  0xB84EDB,0xB84EE3,0xB84F06,0xB84F0E,0xB84F16,0xB84F1E,0xB84F26,0xB84F2E,0xB84F51,0xB84F59,0xB84F61,0xB84F69,
  0xB84F71,0xB84F83,0xB84F90,0xB84FA2,0xB84FAA,0xB84FB2,0xB84FD5,0xB84FE7,0xB84FF9,0xB8500B,0xB85013,0xB85025,
  0xB8502D,0xB85038,0xB85043,0xB8504E,0xB85063,0xB8506B,0xB85076,0xB85081,0xB8508C,0xB85097,0xB850A5,0xB850B3,
  0xB850C1,0xB850D9,0xB850F1,0xB85109,0xB85121,0xB8512F,0xB8513D,0xB8514B,0xB85159,0xB85167,0xB85175,0xB85183,
  0xB85191,0xB8519F,0xB851AD,0xB851BB,0xB851C9,0xB851D7,0xB851E5,0xB851F3,0xB85201,0xB8520F,0xB8521D,0xB8522B,
  0xB85235,0xB85243,0xB85251,0xB8525F,0xB8526D,0xB8527B,0xB85289,0xB85297,0xB852A5,0xB852B3,0xB852C1,0xB852CF,
  0xB852DD,0xB852EB,0xB852F9,0xB85307,0xB85315,0xB85323,0xB85331,0xB8533F,0xB8534D,0xB8535B,0xB85369,0xB85377,
  0xB8538F,0xB85397,0xB853A2,0xB853AD,0xB853B8,0xB853C3,0xB853D1,0xB853DF,0xB853ED,0xB85405,0xB8541D,0xB85435,
  0xB8544D,0xB8545B,0xB85469,0xB85477,0xB85485,0xB85493,0xB854A1,0xB854AF,0xB854BD,0xB854CB,0xB854D9,0xB854E7,
  0xB854F5,0xB85503,0xB85511,0xB8551F,0xB8552D,0xB8553B,0xB85549,0xB85557,0xB85565,0xB85573,0xB85581,0xB8558F,
  0xB8559D,0xB855AB,0xB855B9,0xB855C7,0xB855D5,0xB855E3,0xB855F1,0xB855FF,0xB8560D,0xB8561B,0xB85629,0xB85637,
  0xB85645,0xB85653,0xB85661,0xB8566F,0xB8567D,0xB8568B,0xB856A3,0xB856B7,0xB856BF,0xB856C9,0xB856DB,0xB856E3,
  0xB85706,0xB8570E,0xB85716,0xB85739,0xB85741,0xB85749,0xB85751,0xB85774,0xB8577C,0xB85784,0xB8578C,0xB85794,
  0xB857B7,0xB857BF,0xB857C7,0xB857CF,0xB857D7,0xB857FA,0xB85802,0xB85825,0xB85837,0xB85849,0xB8585B,0xB85868,
  0xB8587A,0xB85885,0xB85890,0xB8589B,0xB858A6,0xB858B1,0xB858BC,0xB858D1,0xB858E3,0xB858F5,0xB85900,0xB8590B,
  0xB85916,0xB85921,0xB8592C,0xB85941,0xB85949,0xB8596C,0xB8597E,0xB85988,0xB8599C,0xB859AE,0xB859C2,0xB859D4,
  0xB859EC,0xB859F4,0xB85A08,0xB85A13,0xB85A1E,0xB85A33,0xB85A45,0xB85A4D,0xB85A58,0xB85A63,0xB85A6E,0xB85A83,
  0xB85A8E,0xB85A98,0xB85AA2,0xB85AAC,0xB85AB6,0xB85AC0,0xB85ACA,0xB85AD4,0xB85ADE,0xB85AE8,0xB85AF2,0xB85AFC,
  0xB85B06,0xB85B10,0xB85B1A,0xB85B24,0xB85B2E,0xB85B42,0xB85B4A,0xB85B5C,0xB85B64,0xB85B76,0xB85B8B,0xB85B93,
  0xB85BA7,0xB85BB2,0xB85BC0,0xB85BCE,0xB85BDC,0xB85BEA,0xB85C02,0xB85C10,0xB85C1E,0xB85C36,0xB85C3E,0xB85C46,
  0xB85C4E,0xB85C56,0xB85C6B,0xB85C73,0xB85C7B,0xB85C83,0xB85C8B,0xB85C93,0xB85C9D,0xB85CA7,0xB85CAF,0xB85CB7,
  0xB85CC9,0xB85CD1,0xB85CDC,0xB85CE7,0xB85CF5,0xB85D03,0xB85D11,0xB85D1F,0xB85D37,0xB85D45,0xB85D53,0xB85D61,
  0xB85D75,0xB85D7D,0xB85D8F,0xB85D97,0xB85D9F,0xB85DB1,0xB85DB9,0xB85DCB,0xB85DD3,0xB85DE5,0xB85DF7,0xB85E09,
  0xB85E11,0xB85E19,0xB85E2B,0xB85E3D,0xB85E45,0xB85E4D,0xB85E55,0xB85E5D,0xB85E6F,0xB85E77,0xB85E7F,0xB85E87,
  0xB85E8F,0xB85EA1,0xB85EA9,0xB85EB1,0xB85EB9,0xB85ECB,0xB85ED3,0xB85EDB,0xB85EE6,0xB85EEE,0xB85EF6,0xB85EFE,
  0xB85F06,0xB85F18,0xB85F2A,0xB85F3C,0xB85F44,0xB85F4C,0xB85F54,0xB85F66,0xB85F7A,0xB85F91,0xB85FA8,0xB85FBF,
  0xB85FD6,0xB85FED,0xB85FFF,0xB86016,0xB8602D,0xB8603F,0xB86056,0xB8605E,0xB86073,0xB8607B,0xB8609E,0xB860A6,
  0xB860B4,0xB860C2,0xB860DA,0xB860E2,0xB860FA,0xB86102,0xB86110,0xB86128,0xB86130,0xB8613B,0xB86150,0xB86158,
  0xB8616D,0xB8617F,0xB86187,0xB8619C,0xB861A4,0xB861AF,0xB861BA,0xB861CF,0xB861D7,0xB861E5,0xB861FD,0xB86205,
  0xB8621A,0xB8622C,0xB8623E,0xB86246,0xB86258,0xB8626F,0xB86277,0xB86297,0xB8629F,0xB862BF,0xB862C7,0xB862D2,
  0xB862DD,0xB862F2,0xB862FA,0xB8630F,0xB86317,0xB86322,0xB8632D,0xB86342,0xB8634A,0xB8635E,0xB86369,0xB8637E,
  0xB86390,0xB86398,0xB863B0,0xB863B8,0xB863CD,0xB863D5,0xB863EA,0xB863F2,0xB863FD,0xB86408,0xB86413,0xB8641E,
  0xB86429,0xB8643E,0xB86450,0xB86458,0xB8646D,0xB86475,0xB8648A,0xB8649C,0xB864A4,0xB864AF,0xB864C5,0xB864D3,
  0xB864EB,0xB864F3,0xB864FE,0xB86514,0xB8652C,0xB86534,0xB8653C,0xB86544,0xB8654C,0xB86554,0xB8655C,0xB86564,
  0xB8656C,0xB86574,0xB8657C,0xB86584,0xB8658C,0xB86594,0xB8659C,0xB865A4,0xB865AC,0xB865B4,0xB865BC,0xB865C4,
  0xB865CC,0xB865D4,0xB865DC,0xB865E4,0xB865EC,0xB865F4,0xB865FC,0xB86604,0xB8660C,0xB86614,0xB8661C,0xB86624,
  0xB8662C,0xB86634,0xB8663C,0xB86644,0xB8664C,0xB86654,0xB8665C,0xB86664,0xB8666C,0xB86674,0xB8667C,0xB86684,
  0xB8668C,0xB86694,0xB8669C,0xB866A4,0xB866AC,0xB866B4,0xB866BC,0xB866C4,0xB866CC,0xB866D4,0xB866DC,0xB866E4,
  0xB866EC,0xB866F4,0xB866FC,0xB86704,0xB8670C,0xB86714,0xB8671C,0xB86724,0xB8672C,0xB86734,0xB8673C,0xB86744,
  0xB8674C,0xB86754,0xB8675C,0xB86764,0xB8676C,0xB86774,0xB8677C,0xB86784,0xB8678C,0xB86794,0xB8679C,0xB867A4,
  0xB867AC,0xB867B4,0xB867BC,0xB867C4,0xB867CC,0xB867D4,0xB867DC,0xB867E4,0xB867EC,0xB867F4,0xB867FC,0xB86804,
  0xB8680C,0xB86814,0xB8681C,0xB86824,0xB8682C,0xB86834,0xB8683C,0xB86844,0xB8684C,0xB86854,0xB8685C,0xB86864,
  0xB8686C,0xB86874,0xB8687C,0xB86884,0xB8688C,0xB86894,0xB8689C,0xB868A4,0xB868AC,0xB868B4,0xB868BC,0xB868C4,
  0xB868CC,0xB868D4,0xB868DC,0xB868E4,0xB868EC,0xB868F4,0xB868FC,0xB86904,0xB8690C,0xB86914,0xB8691C,0xB86924,
  0xB8692C,0xB86934,0xB8693C,0xB86944,0xB8694C,0xB86954,0xB8695C,0xB86964,0xB8696C,0xB86974,0xB8697C,0xB86984,
  0xB8698C,0xB86994,0xB8699C,0xB869A4,0xB869AC,0xB869B4,0xB869BC,0xB869C4,0xB869CC,0xB869D4,0xB869DC,0xB869E4,
  0xB869EC,0xB869F4,0xB869FC,0xB86A04,0xB86A0C,0xB86A14,0xB86A1C,0xB86A24,0xB86A2C,0xB86A34,0xB86A3C,0xB86A44,
  0xB86A4C,0xB86A54,0xB86A5C,0xB86A64,0xB86A6C,0xB86A74,0xB86A7C,0xB86A84,0xB86A8C,0xB86A94,0xB86A9C,0xB86AA4,
  0xB86AAC,0xB86AB4,0xB86ABC,0xB86AC4,0xB86ACC,0xB86AD4,0xB86ADC,0xB86AE4,0xB86AEC,0xB86AF4,0xB86AFC,0xB86B04,
  0xB86B0C,0xB86B14,0xB86B1C,0xB86B24,0xB86B2C,0xB86B34,0xB86B3C,0xB86B44,0xB86B4C,0xB86B54,0xB86B5C,0xB86B64,
  0xB86B6C,0xB86B74,0xB86B7C,0xB86B84,0xB86B8C,0xB86B94,0xB86B9C,0xB86BA4,0xB86BAC,0xB86BB4,0xB86BBC,0xB86BC4,
  0xB86BCC,0xB86BD4,0xB86BDC,0xB86BE4,0xB86BEC,0xB86BF4,0xB86BFC,0xB86C04,0xB86C0C,0xB86C14,0xB86C1C,0xB86C24,
  0xB86C2C,0xB86C34,0xB86C3C,0xB86C44,0xB86C4C,0xB86C54,0xB86C5C,0xB86C64,0xB86C6C,0xB86C74,0xB86C7C,0xB86C84,
  0xB86C8C,0xB86C94,0xB86C9C,0xB86CA4,0xB86CAC,0xB86CB4,0xB86CBC,0xB86CC4,0xB86CCC,0xB86CD4,0xB86CDC,0xB86CE4,
  0xB86CEC,0xB86CF4,0xB86CFC,0xB86D04,0xB86D0C,0xB86D14,0xB86D1C,0xB86D24,0xB86D2C,0xB86D34,0xB86D3C,0xB86D44,
  0xB86D4C,0xB86D54,0xB86D5C,0xB86D64,0xB86D6C,0xB86D74,0xB86D7C,0xB86D84,0xB86D8C,0xB86D94,0xB86D9C,0xB86DA4,
  0xB86DAC,0xB86DB4,0xB86DBC,0xB86DC4,0xB86DCC,0xB86DD4,0xB86DDC,0xB86DE4,0xB86DEC,0xB86DF4,0xB86DFC,0xB86E04,
  0xB86E0C,0xB86E14,0xB86E1C,0xB86E24,0xB86E2C,0xB86E34,0xB86E3C,0xB86E44,0xB86E4C,0xB86E54,0xB86E5C,0xB86E64,
  0xB86E6C,0xB86E74,0xB86E7C,0xB86E84,0xB86E8C,0xB86E94,0xB86E9C,0xB86EA4,0xB86EAC,0xB86EB4,0xB86EBC,0xB86EC4,
  0xB86ECC,0xB86ED4,0xB86EE6,0xB86EF8,0xB86F00,0xB86F08,0xB86F10,0xB86F18,0xB86F20,0xB86F28,0xB86F3A,0xB86F42,
  0xB86F54,0xB86F66,0xB86F6E,0xB86F7C,0xB86F8A,0xB86FA2,0xB86FB4,0xB86FC6,0xB86FD8,0xB86FEA,0xB87003,0xB87026,
  0xB8703A,0xB8704C,0xB87054,0xB87068,0xB87070,0xB87084,0xB87096,0xB870AA,0xB870B2,0xB870C4,0xB870DC,0xB870EE,
  0xB87103,0xB8710B,0xB87113,0xB8711B,0xB87123,0xB87135,0xB87147,0xB8715C,0xB8716E,0xB87185,0xB87197,0xB871A4,
  0xB871B6,0xB871CA,0xB871DE,0xB871F2,0xB871FA,0xB87202,0xB8720C,0xB8721E,0xB87230,0xB87242,0xB8724A,0xB87252,
  0xB87264,0xB87276,0xB8727E,0xB87293,0xB8729E,0xB872B3,0xB872BB,0xB872CD,0xB872E2,0xB872F4,0xB87306,0xB8731B,
  0xB87326,0xB87349,0xB87351,0xB87363,0xB8736B,0xB8737D,0xB8738F,0xB87397,0xB873A2,0xB873AD,0xB873C2,0xB873CA,
  0xB873DF,0xB873E7,0xB873F2,0xB87407,0xB87419,0xB87421,0xB87437,0xB87445,0xB87453,0xB87461,0xB8746F,0xB87487,
  0xB8749E,0xB874A6,0xB874BC,0xB874CA,0xB874D8,0xB874E6,0xB874F4,0xB87502,0xB87516,0xB8751E,0xB87541,0xB87553,
  0xB8755B,0xB8756D,0xB87575,0xB8758A,0xB87595,0xB875A0,0xB875AB,0xB875B6,0xB875C1,0xB875CC,0xB875D7,0xB875E2,
  0xB875ED,0xB875F8,0xB8760D,0xB87618,0xB87623,0xB8762E,0xB87639,0xB87644,0xB8764F,0xB8765A,0xB87665,0xB87670,
  0xB8767B,0xB87686,0xB8769E,0xB876A8,0xB876BA,0xB876C2,0xB876D7,0xB876DF,0xB876E7,0xB876F9,0xB87701,0xB87724,
  0xB87741,0xB87749,0xB87751,0xB87759,0xB87764,0xB87776,0xB8778A,0xB87794,0xB8779E,0xB877B2,0xB877C6,0xB877CE,
  0xB877F1,0xB877F9,0xB87801,0xB87809,0xB87811,0xB87819,0xB87821,0xB87829,0xB87831,0xB87839,0xB87841,0xB87849,
  0xB87851,0xB87859,0xB87861,0xB87869,0xB87871,0xB87879,0xB87881,0xB87889,0xB8789B,0xB878AD,0xB878BF,0xB878C7,
  0xB878D9,0xB878F2,0xB87904,0xB87918,0xB87920,0xB87932,0xB8793A,0xB8794C,0xB8796F,0xB87977,0xB87989,0xB87991,
  0xB879A3,0xB879AB,0xB879C0,0xB879D2,0xB879DA,0xB879EF,0xB87A01,0xB87A15,0xB87A2C,0xB87A3E,0xB87A46,0xB87A5A,
  0xB87A68,0xB87A76,0xB87A84,0xB87A92,0xB87AA0,0xB87AAE,0xB87AC6,0xB87AD4,0xB87AEC,0xB87AF4,0xB87AFF,0xB87B0D,
  0xB87B1B,0xB87B29,0xB87B37,0xB87B45,0xB87B53,0xB87B6B,0xB87B79,0xB87B87,0xB87B8F,0xB87B97,0xB87BA9,0xB87BB1,
  0xB87BC7,0xB87BD1,0xB87BD9,0xB87BE1,0xB87BE9,0xB87BFB,0xB87C05,0xB87C0D,0xB87C15,0xB87C1F,0xB87C27,0xB87C2F,
  0xB87C37,0xB87C41,0xB87C4B,0xB87C53,0xB87C5B,0xB87C63,0xB87C6B,0xB87C7F,0xB87C87,0xB87C8F,0xB87CA1,0xB87CAB,
  0xB87CBD,0xB87CCF,0xB87CDA,0xB87CE7,0xB87CF9,0xB87D0E,0xB87D20,0xB87D3D,0xB87D48,0xB87D50,0xB87D63,0xB87D75,
  0xB87D89,0xB87DA2,0xB87DC5,0xB87DD7,0xB87DE9,0xB87DFB,0xB87E03,0xB87E0B,0xB87E13,0xB87E1B,0xB87E23,0xB87E2E,
  0xB87E39,0xB87E44,0xB87E4F,0xB87E5A,0xB87E72,0xB87E7D,0xB87E88,0xB87E93,0xB87E9E,0xB87EA9,0xB87EC1,0xB87EC9,
  0xB87ED1,0xB87ED9,0xB87EE1,0xB87EE9,0xB87EF1,0xB87EFB,0xB87F03,0xB87F0B,0xB87F13,0xB87F1B,0xB87F2D,0xB87F35,
  0xB87F4A,0xB87F62,0xB87F6A,0xB87F8D,0xB87F95,0xB87F9D,0xB87FAF,0xB87FB7,0xB87FC9,0xB87FDB,0xB87FE6,0xB87FFB,
  0xB8800F,0xB88017,0xB88029,0xB88031,0xB88043,0xB8804D,0xB88055,0xB8805D,0xB88065,0xB88077,0xB88082,0xB88094,
  0xB880A6,0xB880AE,0xB880B9,0xB880C4,0xB880CF,0xB880DA,0xB880E5,0xB880F0,0xB880FB,0xB88106,0xB88111,0xB8811C,
  0xB8812A,0xB88142,0xB8814A,0xB8815E,0xB88172,0xB88186,0xB88191,0xB8819C,0xB881A7,0xB881B2,0xB881BD,0xB881C8,
  0xB881D3,0xB881E1,0xB881F9,0xB88204,0xB8820C,0xB88221,0xB88233,0xB8823B,0xB88246,0xB8824E,0xB88260,0xB8826B,
  0xB88273,0xB88285,0xB8829A,0xB882AC,0xB882B4,0xB882C9,0xB882D1,0xB882EF,0xB88307,0xB88314,0xB88326,0xB88338,
  0xB8834A,0xB8835C,0xB88364,0xB8836F,0xB88385,0xB8839D,0xB883A5,0xB883B9,0xB883CF,0xB883E7,0xB883EF,0xB88401,
  0xB8840C,0xB88414,0xB8841C,0xB88424,0xB88436,0xB88448,0xB88450,0xB88470,0xB88482,0xB88494,0xB8849C,0xB884B0,
  0xB884B8,0xB884C3,0xB884CE,0xB884D9,0xB884E4,0xB884F9,0xB88501,0xB8850C,0xB88517,0xB88522,0xB8852D,0xB88542,
  0xB88557,0xB8855F,0xB8856A,0xB88575,0xB8857F,0xB88598,0xB885A2,0xB885B6,0xB885C8,0xB885D0,0xB885DB,0xB885E6,
  0xB885F1,0xB885FC,0xB88607,0xB8861F,0xB88627,0xB88632,0xB88647,0xB88659,0xB88671,0xB8868A,0xB886AD,0xB886B5,
  0xB886BD,0xB886CF,0xB886D7,0xB886E1,0xB886F6,0xB8870B,0xB88722,0xB88739,0xB88750,0xB88762,0xB88779,0xB8878B,
  0xB887A2,0xB887B9,0xB887D0,0xB887E7,0xB887FE,0xB88815,0xB8882C,0xB88843,0xB8885C,0xB8886E,0xB88879,0xB88884,
  0xB88899,0xB888A6,0xB888B8,0xB888CF,0xB888E1,0xB888F3,0xB888FE,0xB88913,0xB8891B,0xB88923,0xB88935,0xB88947,
  0xB8894F,0xB88961,0xB88979,0xB88990,0xB889A7,0xB889AF,0xB889BA,0xB889CC,0xB889DE,0xB889E6,0xB889F8,0xB88A00,
  0xB88A12,0xB88A24,0xB88A2C,0xB88A3E,0xB88A53,0xB88A5B,0xB88A63,0xB88A6B,0xB88A73,0xB88A7B,0xB88A8D,0xB88A95,
  0xB88A9D,0xB88AA5,0xB88AB7,0xB88ACC,0xB88AE5,0xB88AED,0xB88B02,0xB88B0F,0xB88B26,0xB88B3D,0xB88B45,0xB88B4D,
  0xB88B55,0xB88B5D,0xB88B65,0xB88B6D,0xB88B75,0xB88B7D,0xB88B91,0xB88B99,0xB88BA4,0xB88BB9,0xB88BCB,0xB88BDF,
  0xB88BF6,0xB88C01,0xB88C13,0xB88C1B,0xB88C26,0xB88C34,0xB88C42,0xB88C50,0xB88C5E,0xB88C6C,0xB88C7A,0xB88C88,
  0xB88C96,0xB88CA4,0xB88CB2,0xB88CC0,0xB88CCE,0xB88CDC,0xB88CEA,0xB88CF4,0xB88CFC,0xB88D09,0xB88D13,0xB88D20,
  0xB88D2A,0xB88D37,0xB88D41,0xB88D4E,0xB88D58,0xB88D66,0xB88D70,0xB88D7E,0xB88D88,0xB88D96,0xB88DA0,0xB88DA8,
  0xB88DB6,0xB88DC4,0xB88DD4,0xB88DE4,0xB88DEC,0xB88E00,0xB88E08,0xB88E1C,0xB88E2A,0xB88E38,0xB88E46,0xB88E54,
  0xB88E62,0xB88E70,0xB88E7E,0xB88E8C,0xB88E9A,0xB88EA8,0xB88EB6,0xB88EC4,0xB88ED2,0xB88EEA,0xB88F01,0xB88F18,
  0xB88F2A,0xB88F3F,0xB88F54,0xB88F66,0xB88F6E,0xB88F76,0xB88F88,0xB88F9A,0xB88FAC,0xB88FB4,0xB88FCB,0xB88FD3,
  0xB88FDB,0xB88FF2,0xB88FFA,0xB8900C,0xB89014,0xB8901C,0xB8902E,0xB89043,0xB8904B,0xB89053,0xB8905B,0xB89063,
  0xB89075,0xB8907D,0xB89085,0xB89097,0xB890A9,0xB890BB,0xB890C5,0xB890D9,0xB890E1,0xB890E9,0xB890F1,0xB89103,
  0xB8910B,0xB89113,0xB8911B,0xB8912D,0xB89135,0xB89147,0xB8914F,0xB89161,0xB8916E,0xB89176,0xB8917E,0xB89186,
  0xB8918E,0xB89196,0xB8919E,0xB891A6,0xB891AE,0xB891B6,0xB891C3,0xB891CB,0xB891DD,0xB891E5,0xB891F9,0xB89201,
  0xB89224,0xB8922C,0xB89234,0xB8923C,0xB8924E,0xB89266,0xB8926E,0xB89276,0xB8927E,0xB89286,0xB8928E,0xB89296,
  0xB8929E,0xB892A6,0xB892B8,0xB892CC,0xB892E0,0xB892F4,0xB89306,0xB89318,0xB89325,0xB89332,0xB89344,0xB8934C,
  0xB89354,0xB89366,0xB89370,0xB89378,0xB89383,0xB8938B,0xB89396,0xB8939E,0xB893B0,0xB893C2,0xB893D9,0xB893EB,
  0xB893F3,0xB893FB,0xB89403,0xB89415,0xB8941F,0xB89433,0xB8944C,0xB89472,0xB89487,0xB8948F,0xB894A1,0xB894A9,
  0xB894BB,0xB894D0,0xB894D8,0xB894EA,0xB894FC,0xB8950E,0xB89516,0xB8952A,0xB8953E,0xB89549,0xB89554,0xB8955F,
  0xB8956A,0xB89580,0xB8958E,0xB8959C,0xB895AA,0xB895B8,0xB895C6,0xB895D4,0xB895EC,0xB89604,0xB89612,0xB89620,
  0xB8962E,0xB8963C,0xB8964A,0xB89658,0xB89666,0xB89674,0xB89682,0xB89690,0xB8969E,0xB896AC,0xB896BA,0xB896C8,
  0xB896D6,0xB896E4,0xB896F2,0xB89700,0xB8970E,0xB8971C,0xB89734,0xB89742,0xB89750,0xB8975E,0xB8976C,0xB8977A,
  0xB89792,0xB8979A,0xB897A5,0xB897B0,0xB897BB,0xB897C6,0xB897D1,0xB897DC,0xB897F2,0xB89800,0xB8980E,0xB8981C,
  0xB8982A,0xB89838,0xB89846,0xB8985E,0xB89876,0xB89884,0xB89892,0xB898A0,0xB898AE,0xB898BC,0xB898CA,0xB898D8,
  0xB898E6,0xB898F4,0xB89902,0xB89910,0xB8991E,0xB8992C,0xB8993A,0xB89948,0xB89956,0xB89964,0xB89972,0xB89980,
  0xB8998E,0xB899A6,0xB899B4,0xB899BE,0xB899CC,0xB899DA,0xB899E8,0xB899F6,0xB89A04,0xB89A0E,0xB89A22,0xB89A2A,
  0xB89A3C,0xB89A44,0xB89A4C,0xB89A54,0xB89A5C,0xB89A64,0xB89A6C,0xB89A80,0xB89A88,0xB89A9C,0xB89AB1,0xB89AC3,
  0xB89AD5,0xB89ADD,0xB89AFB,0xB89B03,0xB89B0E,0xB89B22,0xB89B2A,0xB89B32,0xB89B3A,0xB89B42,0xB89B54,0xB89B5C,
  0xB89B64,0xB89B76,0xB89B7E,0xB89B86,0xB89B8E,0xB89B96,0xB89B9E,0xB89BA6,0xB89BAE,0xB89BB6,0xB89BC8,0xB89BDA,
  0xB89BF2,0xB89C04,0xB89C1C,0xB89C35,0xB89C58,0xB89C60,0xB89C74,0xB89C7F,0xB89C8D,0xB89C9B,0xB89CA9,0xB89CC1,
  0xB89CD3,0xB89CDD,0xB89CF1,0xB89D06,0xB89D1A,0xB89D22,0xB89D2D,0xB89D38,0xB89D46,0xB89D54,0xB89D62,0xB89D70,
  0xB89D84,0xB89D8E,0xB89DA2,0xB89DB7,0xB89DC9,0xB89DDD,0xB89DEF,0xB89E01,0xB89E09,0xB89E1B,0xB89E23,0xB89E35,
  0xB89E3D,0xB89E4F,0xB89E61,0xB89E69,0xB89E7E,0xB89E89,0xB89E91,0xB89E99,0xB89EA1,0xB89EB3,0xB89EC5,0xB89ECD,
  0xB89EE4,0xB89EF8,0xB89F1B,0xB89F2D,0xB89F42,0xB89F54,0xB89F5C,0xB89F6E,0xB89F79,0xB89F8B,0xB89F93,0xB89FA8,
  0xB89FB0,0xB89FC2,0xB89FD7,0xB89FDF,0xB89FE7,0xB89FFC,0xB8A014,0xB8A026,0xB8A030,0xB8A044,0xB8A04C,0xB8A054,
  0xB8A05C,0xB8A064,0xB8A06C,0xB8A077,0xB8A07F,0xB8A087,0xB8A08F,0xB8A097,0xB8A0A2,0xB8A0AA,0xB8A0B2,0xB8A0BA,
  0xB8A0C2,0xB8A0CC,0xB8A0D6,0xB8A0E8,0xB8A0F0,0xB8A0F8,0xB8A10A,0xB8A11C,0xB8A12E,0xB8A140,0xB8A152,0xB8A15A,
  0xB8A165,0xB8A170,0xB8A17B,0xB8A186,0xB8A191,0xB8A19C,0xB8A1AA,0xB8A1B8,0xB8A1C6,0xB8A1D4,0xB8A1E2,0xB8A1F0,
  0xB8A1FE,0xB8A20C,0xB8A21A,0xB8A228,0xB8A236,0xB8A244,0xB8A252,0xB8A260,0xB8A26E,0xB8A27C,0xB8A28A,0xB8A298,
  0xB8A2A6,0xB8A2B4,0xB8A2CC,0xB8A2D4,0xB8A2E8,0xB8A2FC,0xB8A307,0xB8A312,0xB8A31D,0xB8A328,0xB8A336,0xB8A344,
  0xB8A352,0xB8A360,0xB8A36E,0xB8A37C,0xB8A38A,0xB8A398,0xB8A3A6,0xB8A3B4,0xB8A3C2,0xB8A3D0,0xB8A3DE,0xB8A3EC,
  0xB8A3FA,0xB8A408,0xB8A416,0xB8A424,0xB8A432,0xB8A440,0xB8A458,0xB8A460,0xB8A46A,0xB8A472,0xB8A47C,0xB8A484,
  0xB8A496,0xB8A4A8,0xB8A4BA,0xB8A4CC,0xB8A4DE,0xB8A4F3,0xB8A505,0xB8A517,0xB8A51F,0xB8A527,0xB8A539,0xB8A55C,
  0xB8A574,0xB8A586,0xB8A59B,0xB8A5AD,0xB8A5B5,0xB8A5BD,0xB8A5C5,0xB8A5CD,0xB8A5DF,0xB8A5F1,0xB8A603,0xB8A617,
  0xB8A629,0xB8A63B,0xB8A64D,0xB8A65F,0xB8A66A,0xB8A675,0xB8A68A,0xB8A69C,0xB8A6AE,0xB8A6C0,0xB8A6D2,0xB8A6DA,
  0xB8A6EC,0xB8A6FE,0xB8A710,0xB8A722,0xB8A734,0xB8A748,0xB8A75C,0xB8A76E,0xB8A780,0xB8A788,0xB8A79A,0xB8A7AF,
  0xB8A7C1,0xB8A7C9,0xB8A7DB,0xB8A7ED,0xB8A7F5,0xB8A800,0xB8A80B,0xB8A816,0xB8A821,0xB8A82C,0xB8A837,0xB8A842,
  0xB8A84D,0xB8A858,0xB8A863,0xB8A86E,0xB8A87C,0xB8A88A,0xB8A898,0xB8A8A6,0xB8A8B4,0xB8A8C2,0xB8A8D0,0xB8A8DE,
  0xB8A8EC,0xB8A8FA,0xB8A908,0xB8A916,0xB8A924,0xB8A932,0xB8A946,0xB8A94E,0xB8A962,0xB8A976,0xB8A98A,0xB8A99E,
  0xB8A9B2,0xB8A9C6,0xB8A9DA,0xB8A9EE,0xB8AA02,0xB8AA16,0xB8AA2A,0xB8AA38,0xB8AA46,0xB8AA54,0xB8AA62,0xB8AA70,
  0xB8AA7E,0xB8AA8C,0xB8AA9A,0xB8AAA8,0xB8AAB6,0xB8AAC4,0xB8AAD2,0xB8AAE0,0xB8AAF8,0xB8AB00,0xB8AB08,0xB8AB1A,
  0xB8AB22,0xB8AB2A,0xB8AB32,0xB8AB3A,0xB8AB44,0xB8AB56,0xB8AB5E,0xB8AB66,0xB8AB6E,0xB8AB76,0xB8AB7E,0xB8AB86,
  0xB8AB90,0xB8ABA2,0xB8ABAA,0xB8ABB2,0xB8ABBA,0xB8ABC2,0xB8ABCA,0xB8ABD4,0xB8ABE6,0xB8ABFA,0xB8AC02,0xB8AC14,
  0xB8AC29,0xB8AC3B,0xB8AC4D,0xB8AC62,0xB8AC76,0xB8AC7E,0xB8AC90,0xB8AC98,0xB8ACA0,0xB8ACB2,0xB8ACBA,0xB8ACCC,
  0xB8ACDE,0xB8ACF0,0xB8AD02,0xB8AD0A,0xB8AD14,0xB8AD26,0xB8AD38,0xB8AD40,0xB8AD52,0xB8AD5A,0xB8AD62,0xB8AD6A,
  0xB8AD72,0xB8AD7A,0xB8AD82,0xB8AD8A,0xB8AD92,0xB8AD9C,0xB8ADAE,0xB8ADB9,0xB8ADC4,0xB8ADCF,0xB8ADDA,0xB8ADE2,
  0xB8ADEC,0xB8AE00,0xB8AE12,0xB8AE1A,0xB8AE22,0xB8AE2A,0xB8AE3C,0xB8AE4E,0xB8AE60,0xB8AE72,0xB8AE8A,0xB8AE92,
  0xB8AEA4,0xB8AEB8,0xB8AEC0,0xB8AECB,0xB8AED9,0xB8AEF1,0xB8AF0A,0xB8AF2D,0xB8AF42,0xB8AF56,0xB8AF68,0xB8AF7A,
  0xB8AF85,0xB8AF8D,0xB8AF98,0xB8AFA6,0xB8AFBE,0xB8AFD2,0xB8AFE7,0xB8AFF9,0xB8B001,0xB8B009,0xB8B01B,0xB8B02D,
  0xB8B042,0xB8B054,0xB8B05F,0xB8B071,0xB8B079,0xB8B092,0xB8B0A4,0xB8B0AC,0xB8B0B4,0xB8B0BC,0xB8B0CE,0xB8B0DB,
  0xB8B0E8,0xB8B0F5,0xB8B102,0xB8B10F,0xB8B11C,0xB8B129,0xB8B136,0xB8B144,0xB8B152,0xB8B160,0xB8B16E,0xB8B17C,
  0xB8B18A,0xB8B198,0xB8B1A6,0xB8B1B6,0xB8B1C6,0xB8B1D6,0xB8B1E6,0xB8B1F6,0xB8B206,0xB8B216,0xB8B226,0xB8B240,
  0xB8B252,0xB8B25A,0xB8B26F,0xB8B281,0xB8B293,0xB8B29B,0xB8B2AF,0xB8B2C1,0xB8B2C9,0xB8B2D4,0xB8B2DE,0xB8B2E8,
  0xB8B2FC,0xB8B304,0xB8B30C,0xB8B31E,0xB8B326,0xB8B33B,0xB8B34F,0xB8B363,0xB8B36B,0xB8B383,0xB8B38B,0xB8B399,
  0xB8B3AD,0xB8B3BF,0xB8B3C7,0xB8B3D9,0xB8B3EB,0xB8B3F3,0xB8B405,0xB8B40D,0xB8B41F,0xB8B436,0xB8B44A,0xB8B452,
  0xB8B467,0xB8B47B,0xB8B483,0xB8B48E,0xB8B4A3,0xB8B4B5,0xB8B4C0,0xB8B4CB,0xB8B4D6,0xB8B4E4,0xB8B4F2,0xB8B500,
  0xB8B50E,0xB8B51C,0xB8B52A,0xB8B542,0xB8B54D,0xB8B558,0xB8B563,0xB8B571,0xB8B57F,0xB8B58D,0xB8B59B,0xB8B5A9,
  0xB8B5B7,0xB8B5CF,0xB8B5E8,0xB8B5FA,0xB8B60E,0xB8B620,0xB8B628,0xB8B630,0xB8B638,0xB8B64A,0xB8B65C,0xB8B66E,
  0xB8B680,0xB8B698,0xB8B6BB,0xB8B6CD,0xB8B6DF,0xB8B6E7,0xB8B6FC,0xB8B711,0xB8B719,0xB8B72E,0xB8B742,0xB8B756,
  0xB8B76B,0xB8B77F,0xB8B791,0xB8B7A5,0xB8B7BA,0xB8B7CC,0xB8B7E0,0xB8B7EB,0xB8B800,0xB8B80B,0xB8B816,0xB8B821,
  0xB8B82C,0xB8B841,0xB8B858,0xB8B860,0xB8B87E,0xB8B889,0xB8B894,0xB8B89C,0xB8B8A4,0xB8B8AC,0xB8B8B4,0xB8B8C6,
  0xB8B8D8,0xB8B8E2,0xB8B905,0xB8B90D,0xB8B915,0xB8B927,0xB8B934,0xB8B946,0xB8B953,0xB8B96A,0xB8B977,0xB8B98E,
  0xB8B99B,0xB8B9B2,0xB8B9BC,0xB8B9D5,0xB8B9F8,0xB8BA0A,0xB8BA15,0xB8BA20,0xB8BA28,0xB8BA30,0xB8BA38,0xB8BA40,
  0xB8BA48,0xB8BA5A,0xB8BA62,0xB8BA77,0xB8BA7F,0xB8BA8D,0xB8BA9B,0xB8BAA9,0xB8BAB7,0xB8BAC5,0xB8BAD3,0xB8BAE1,
  0xB8BAEF,0xB8BAFD,0xB8BB0B,0xB8BB23,0xB8BB31,0xB8BB49,0xB8BB54,0xB8BB68,0xB8BB70,0xB8BB93,0xB8BB9B,0xB8BBAD,
  0xB8BBB5,0xB8BBC3,0xB8BBD1,0xB8BBDF,0xB8BBED,0xB8BBFB,0xB8BC09,0xB8BC17,0xB8BC25,0xB8BC33,0xB8BC41,0xB8BC59,
  0xB8BC67,0xB8BC75,0xB8BC7D,0xB8BC85,0xB8BC8D,0xB8BC95,0xB8BC9D,0xB8BCA5,0xB8BCAD,0xB8BCB5,0xB8BCBD,0xB8BCC5,
  0xB8BCCD,0xB8BCD5,0xB8BCDD,0xB8BCE5,0xB8BCED,0xB8BCF5,0xB8BCFD,0xB8BD05,0xB8BD0D,0xB8BD15,0xB8BD1D,0xB8BD25,
  0xB8BD2D,0xB8BD35,0xB8BD3D,0xB8BD45,0xB8BD4D,0xB8BD5F,0xB8BD71,0xB8BD79,0xB8BD84,0xB8BD8F,0xB8BD97,0xB8BDAB,
  0xB8BDBD,0xB8BDCF,0xB8BDD7,0xB8BDEC,0xB8BDFE,0xB8BE12,0xB8BE1A,0xB8BE2C,0xB8BE3E,0xB8BE46,0xB8BE5A,0xB8BE7A,
  0xB8BE82,0xB8BE8D,0xB8BEAD,0xB8BEC2,0xB8BECD,0xB8BED8,0xB8BEE0,0xB8BEF5,0xB8BF00,0xB8BF15,0xB8BF2A,0xB8BF3C,
  0xB8BF44,0xB8BF59,0xB8BF6B,0xB8BF73,0xB8BF85,0xB8BF90,0xB8BF9B,0xB8BFA6,0xB8BFB1,0xB8BFBC,0xB8BFD4,0xB8BFDF,
  0xB8BFEA,0xB8BFF5,0xB8C000,0xB8C015,0xB8C01D,0xB8C02F,0xB8C037,0xB8C05A,0xB8C06C,0xB8C074,0xB8C086,0xB8C098,
  0xB8C0A0,0xB8C0BE,0xB8C0D0,0xB8C0E2,0xB8C0ED,0xB8C0F8,0xB8C103,0xB8C10E,0xB8C119,0xB8C124,0xB8C12F,0xB8C13A,
  0xB8C145,0xB8C150,0xB8C15B,0xB8C171,0xB8C187,0xB8C19D,0xB8C1B5,0xB8C1CD,0xB8C1EF,0xB8C201,0xB8C209,0xB8C21D,
  0xB8C225,0xB8C239,0xB8C24D,0xB8C255,0xB8C269,0xB8C271,0xB8C279,0xB8C281,0xB8C2A4,0xB8C2AC,0xB8C2B4,0xB8C2D7,
  0xB8C2E9,0xB8C2F1,0xB8C314,0xB8C326,0xB8C32E,0xB8C340,0xB8C359,0xB8C36B,0xB8C37D,0xB8C396,0xB8C39E,0xB8C3A6,
  0xB8C3AE,0xB8C3B6,0xB8C3BE,0xB8C3C6,0xB8C3CE,0xB8C3D6,0xB8C3E8,0xB8C3F0,0xB8C3F8,0xB8C400,0xB8C408,0xB8C410,
  0xB8C418,0xB8C420,0xB8C428,0xB8C44B,0xB8C453,0xB8C476,0xB8C47E,0xB8C490,0xB8C4A8,0xB8C4BA,0xB8C4C2,0xB8C4CA,
  0xB8C4DC,0xB8C4E4,0xB8C507,0xB8C50F,0xB8C51A,0xB8C525,0xB8C530,0xB8C53B,0xB8C546,0xB8C551,0xB8C55C,0xB8C567,
  0xB8C57C,0xB8C584,0xB8C58F,0xB8C59A,0xB8C5A5,0xB8C5B0,0xB8C5BB,0xB8C5C6,0xB8C5D1,0xB8C5E6,0xB8C5EE,0xB8C5F6,
  0xB8C5FE,0xB8C621,0xB8C629,0xB8C631,0xB8C639,0xB8C641,0xB8C649,0xB8C651,0xB8C659,0xB8C661,0xB8C669,0xB8C671,
  0xB8C683,0xB8C68B,0xB8C693,0xB8C69B,0xB8C6A3,0xB8C6B5,0xB8C6BD,0xB8C6C5,0xB8C6CD,0xB8C6D5,0xB8C6DD,0xB8C6E5,
  0xB8C6F7,0xB8C6FF,0xB8C707,0xB8C70F,0xB8C71A,0xB8C72C,0xB8C734,0xB8C746,0xB8C74E,0xB8C756,0xB8C75E,0xB8C770,
  0xB8C778,0xB8C783,0xB8C799,0xB8C7A4,0xB8C7BC,0xB8C7C4,0xB8C7D8,0xB8C7EE,0xB8C7F9,0xB8C807,0xB8C81F,0xB8C827,
  0xB8C82F,0xB8C837,0xB8C84C,0xB8C854,0xB8C85F,0xB8C873,0xB8C87B,0xB8C883,0xB8C88B,0xB8C89D,0xB8C8A5,0xB8C8BA,
  0xB8C8C2,0xB8C8CA,0xB8C8D2,0xB8C8DA,0xB8C8E2,0xB8C8F4,0xB8C906,0xB8C90E,0xB8C919,0xB8C924,0xB8C92F,0xB8C93A,
  0xB8C945,0xB8C950,0xB8C95B,0xB8C966,0xB8C97B,0xB8C983,0xB8C98E,0xB8C999,0xB8C9A4,0xB8C9AF,0xB8C9BA,0xB8C9C5,
  0xB8C9D0,0xB8C9E5,0xB8C9ED,0xB8C9FF,0xB8CA07,0xB8CA2A,0xB8CA32,0xB8CA3F,0xB8CA4C,0xB8CA54,0xB8CA5C,0xB8CA64,
  0xB8CA7D,0xB8CA85,0xB8CA8D,0xB8CA9F,0xB8CAB7,0xB8CAC9,0xB8CAD1,0xB8CAE6,0xB8CAEE,0xB8CAF6,0xB8CB01,0xB8CB13,
  0xB8CB1B,0xB8CB26,0xB8CB31,0xB8CB3C,0xB8CB47,0xB8CB52,0xB8CB5D,0xB8CB68,0xB8CB7D,0xB8CB85,0xB8CB90,0xB8CB9B,
  0xB8CBA6,0xB8CBB1,0xB8CBBC,0xB8CBC7,0xB8CBD2,0xB8CBDD,0xB8CBE8,0xB8CBFD,0xB8CC05,0xB8CC10,0xB8CC1B,0xB8CC26,
  0xB8CC3B,0xB8CC49,0xB8CC61,0xB8CC79,0xB8CC8B,0xB8CC96,0xB8CCB9,0xB8CCCB,0xB8CCDD,0xB8CCEF,0xB8CCF7,0xB8CD0B,
  0xB8CD13,0xB8CD1E,0xB8CD29,0xB8CD34,0xB8CD3F,0xB8CD4D,0xB8CD5B,0xB8CD69,0xB8CD77,0xB8CD85,0xB8CD93,0xB8CDA1,
  0xB8CDB9,0xB8CDC1,0xB8CDCC,0xB8CDD7,0xB8CDE2,0xB8CDED,0xB8CDFB,0xB8CE09,0xB8CE17,0xB8CE25,0xB8CE33,0xB8CE41,
  0xB8CE4F,0xB8CE67,0xB8CE6F,0xB8CE83,0xB8CE8E,0xB8CE99,0xB8CEA4,0xB8CEB2,0xB8CEC0,0xB8CECE,0xB8CEDC,0xB8CEEA,
  0xB8CEF8,0xB8CF06,0xB8CF14,0xB8CF2C,0xB8CF34,0xB8CF3C,0xB8CF4E,0xB8CF63,0xB8CF6B,0xB8CF73,0xB8CF88,0xB8CF9D,
  0xB8CFA5,0xB8CFAD,0xB8CFBF,0xB8CFC7,0xB8CFD9,0xB8CFEB,0xB8D00E,0xB8D02A,0xB8D032,0xB8D03D,0xB8D052,0xB8D05A,
  0xB8D065,0xB8D07A,0xB8D082,0xB8D08A,0xB8D094,0xB8D0A6,0xB8D0AE,0xB8D0C0,0xB8D0C8,0xB8D0DA,0xB8D0E2,0xB8D0F4,
  0xB8D0FC,0xB8D104,0xB8D116,0xB8D11E,0xB8D130,0xB8D138,0xB8D14A,0xB8D15C,0xB8D164,0xB8D176,0xB8D188,0xB8D19C,
  0xB8D1A4,0xB8D1B8,0xB8D1C0,0xB8D1D2,0xB8D1E4,0xB8D1F8,0xB8D20A,0xB8D212,0xB8D21D,0xB8D23C,0xB8D250,0xB8D258,
  0xB8D26A,0xB8D281,0xB8D295,0xB8D2A7,0xB8D2B9,0xB8D2CB,0xB8D2DD,0xB8D2EF,0xB8D303,0xB8D319,0xB8D327,0xB8D33F,
  0xB8D34D,0xB8D365,0xB8D37C,0xB8D38E,0xB8D396,0xB8D39E,0xB8D3A6,0xB8D3B8,0xB8D3CC,0xB8D3D7,0xB8D3ED,0xB8D3FB,
  0xB8D413,0xB8D421,0xB8D42F,0xB8D43D,0xB8D452,0xB8D464,0xB8D46C,0xB8D480,0xB8D494,0xB8D4A6,0xB8D4B8,0xB8D4C0,
  0xB8D4C8,0xB8D4D0,0xB8D4D8,0xB8D4E0,0xB8D4F2,0xB8D4FA,0xB8D50C,0xB8D523,0xB8D52B,0xB8D539,0xB8D547,0xB8D55F,
  0xB8D567,0xB8D575,0xB8D58D,0xB8D59F,0xB8D5AA,0xB8D5C2,0xB8D5DA,0xB8D5E2,0xB8D5F6,0xB8D5FE,0xB8D612,0xB8D61A,
  0xB8D625,0xB8D630,0xB8D63A,0xB8D64E,0xB8D656,0xB8D66A,0xB8D67F,0xB8D693,0xB8D69B,0xB8D6A3,0xB8D6AB,0xB8D6B3,
  0xB8D6BB,0xB8D6C3,0xB8D6CB,0xB8D6DD,0xB8D6E5,0xB8D6ED,0xB8D6F8,0xB8D703,0xB8D70E,0xB8D719,0xB8D724,0xB8D72F,
  0xB8D737,0xB8D742,0xB8D74D,0xB8D758,0xB8D763,0xB8D76E,0xB8D787,0xB8D78F,0xB8D79C,0xB8D7AE,0xB8D7B6,0xB8D7BE,
  0xB8D7C9,0xB8D7D4,0xB8D7DF,0xB8D7E7,0xB8D7EF,0xB8D801,0xB8D809,0xB8D81E,0xB8D833,0xB8D845,0xB8D84F,0xB8D859,
  0xB8D863,0xB8D877,0xB8D889,0xB8D891,0xB8D8A3,0xB8D8B5,0xB8D8BD,0xB8D8C5,0xB8D8D7,0xB8D8EE,0xB8D905,0xB8D910,
  0xB8D918,0xB8D92A,0xB8D942,0xB8D94A,0xB8D952,0xB8D964,0xB8D96C,0xB8D974,0xB8D986,0xB8D98E,0xB8D996,0xB8D9B9,
  0xB8D9C1,0xB8D9E4,0xB8D9EC,0xB8D9F4,0xB8D9FC,0xB8DA1F,0xB8DA27,0xB8DA39,0xB8DA41,0xB8DA49,0xB8DA51,0xB8DA59,
  0xB8DA61,0xB8DA69,0xB8DA71,0xB8DA79,0xB8DA81,0xB8DA8B,0xB8DA9D,0xB8DAAF,0xB8DAC1,0xB8DAC9,0xB8DAD1,0xB8DAF4,
  0xB8DB06,0xB8DB18,0xB8DB2A,0xB8DB3C,0xB8DB44,0xB8DB56,0xB8DB5E,0xB8DB66,0xB8DB6E,0xB8DB78,0xB8DB82,0xB8DB94,
  0xB8DBA6,0xB8DBAE,0xB8DBB6,0xB8DBBE,0xB8DBC6,0xB8DBD0,0xB8DBD8,0xB8DBE0,0xB8DBE8,0xB8DBFA,0xB8DC02,0xB8DC0D,
  0xB8DC18,0xB8DC23,0xB8DC2E,0xB8DC43,0xB8DC4B,0xB8DC53,0xB8DC5B,0xB8DC63,0xB8DC6B,0xB8DC76,0xB8DC8D,0xB8DC95,
  0xB8DCA0,0xB8DCAB,0xB8DCB6,0xB8DCC1,0xB8DCCC,0xB8DCD7,0xB8DCEF,0xB8DCF7,0xB8DD02,0xB8DD0A,0xB8DD12,0xB8DD1A,
  0xB8DD2C,0xB8DD3E,0xB8DD46,0xB8DD4E,0xB8DD56,0xB8DD5E,0xB8DD66,0xB8DD71,0xB8DD79,0xB8DD81,0xB8DD89,0xB8DD9B,
  0xB8DDA3,0xB8DDB5,0xB8DDBD,0xB8DDC7,0xB8DDE0,0xB8DDE8,0xB8DDF0,0xB8DDF8,0xB8DE00,0xB8DE12,0xB8DE1D,0xB8DE32,
  0xB8DE3A,0xB8DE42,0xB8DE4A,0xB8DE55,0xB8DE5D,0xB8DE65,0xB8DE6D,0xB8DE75,0xB8DE7D,0xB8DE85,0xB8DE97,0xB8DE9F,
  0xB8DEA7,0xB8DEAF,0xB8DEBA,0xB8DEC2,0xB8DECA,0xB8DED2,0xB8DEDA,0xB8DEE2,0xB8DEEA,0xB8DEF2,0xB8DEFA,0xB8DF0C,
  0xB8DF1E,0xB8DF30,0xB8DF49,0xB8DF5B,0xB8DF6D,0xB8DF75,0xB8DF87,0xB8DF99,0xB8DFA1,0xB8DFB3,0xB8DFBB,0xB8DFCD,
  0xB8DFD5,0xB8DFDD,0xB8DFE5,0xB8DFF7,0xB8E009,0xB8E01B,0xB8E023,0xB8E035,0xB8E047,0xB8E052,0xB8E064,0xB8E079,
  0xB8E08E,0xB8E0A0,0xB8E0A8,0xB8E0CB,0xB8E0D3,0xB8E0F6,0xB8E101,0xB8E113,0xB8E125,0xB8E12D,0xB8E135,0xB8E13D,
  0xB8E145,0xB8E168,0xB8E170,0xB8E178,0xB8E180,0xB8E188,0xB8E19A,0xB8E1AC,0xB8E1B4,0xB8E1BC,0xB8E1CE,0xB8E1E0,
  0xB8E1E8,0xB8E1FA,0xB8E20C,0xB8E21E,0xB8E226,0xB8E22E,0xB8E236,0xB8E248,0xB8E267,0xB8E26F,0xB8E27A,0xB8E285,
  0xB8E29B,0xB8E2A9,0xB8E2C1,0xB8E2C9,0xB8E2DD,0xB8E2F1,0xB8E307,0xB8E315,0xB8E32D,0xB8E335,0xB8E347,0xB8E351,
  0xB8E359,0xB8E361,0xB8E369,0xB8E371,0xB8E383,0xB8E395,0xB8E39D,0xB8E3A5,0xB8E3AD,0xB8E3B5,0xB8E3BD,0xB8E3D3,
  0xB8E3DE,0xB8E3E6,0xB8E3F1,0xB8E3F9,0xB8E40F,0xB8E417,0xB8E41F,0xB8E427,0xB8E432,0xB8E43D,0xB8E445,0xB8E44F,
  0xB8E459,0xB8E463,0xB8E477,0xB8E482,0xB8E497,0xB8E4AC,0xB8E4C1,0xB8E4C9,0xB8E4DE,0xB8E4F0,0xB8E502,0xB8E514,
  0xB8E526,0xB8E52E,0xB8E540,0xB8E552,0xB8E564,0xB8E56C,0xB8E580,0xB8E596,0xB8E5AB,0xB8E5CA,0xB8E5D2,0xB8E5DD,
  0xB8E5F3,0xB8E608,0xB8E610,0xB8E622,0xB8E62C,0xB8E634,0xB8E63C,0xB8E644,0xB8E656,0xB8E65E,0xB8E670,0xB8E682,
  0xB8E6A1,0xB8E6A9,0xB8E6B4,0xB8E6BF,0xB8E6D7,0xB8E6DF,0xB8E6F3,0xB8E707,0xB8E71F,0xB8E727,0xB8E739,0xB8E743,
  0xB8E74B,0xB8E753,0xB8E765,0xB8E777,0xB8E77F,0xB8E791,0xB8E799,0xB8E7AB,0xB8E7BD,0xB8E7C5,0xB8E7D0,0xB8E7DB,
  0xB8E7E6,0xB8E7F8,0xB8E800,0xB8E80B,0xB8E816,0xB8E82B,0xB8E833,0xB8E83B,0xB8E843,0xB8E857,0xB8E85F,0xB8E867,
  0xB8E86F,0xB8E877,0xB8E87F,0xB8E894,0xB8E89C,0xB8E8AE,0xB8E8C2,0xB8E8CA,0xB8E8DC,0xB8E8EE,0xB8E900,0xB8E908,
  0xB8E92B,0xB8E93D,0xB8E953,0xB8E96B,0xB8E983,0xB8E998,0xB8E9AD,0xB8E9B5,0xB8E9C0,0xB8E9D5,0xB8E9E7,0xB8E9F2,
  0xB8EA04,0xB8EA16,0xB8EA28,0xB8EA3A,0xB8EA42,0xB8EA4A,0xB8EA52,0xB8EA64,0xB8EA76,0xB8EA81,0xB8EA93,0xB8EAA5,
  0xB8EAB7,0xB8EAC2,0xB8EACD,0xB8EAD8,0xB8EAE3,0xB8EAF8,0xB8EB03,0xB8EB0E,0xB8EB19,0xB8EB24,0xB8EB2F,0xB8EB44,
  0xB8EB4C,0xB8EB54,0xB8EB68,0xB8EB70,0xB8EB78,0xB8EB8A,0xB8EB9C,0xB8EBAE,0xB8EBC0,0xB8EBD8,0xB8EBEA,0xB8EBF2,
  0xB8EBFA,0xB8EC13,0xB8EC25,0xB8EC37,0xB8EC42,0xB8EC4D,0xB8EC58,0xB8EC6D,0xB8EC78,0xB8EC83,0xB8EC98,0xB8ECA0,
  0xB8ECB4,0xB8ECC6,0xB8ECDB,0xB8ECE3,0xB8ECEE,0xB8ECF9,0xB8ED0E,0xB8ED16,0xB8ED2A,0xB8ED35,0xB8ED4A,0xB8ED52,
  0xB8ED64,0xB8ED6C,0xB8ED7E,0xB8ED92,0xB8EDA4,0xB8EDB6,0xB8EDC8,0xB8EDD0,0xB8EDE4,0xB8EDF8,0xB8EE03,0xB8EE0E,
  0xB8EE19,0xB8EE24,0xB8EE2F,0xB8EE3A,0xB8EE45,0xB8EE50,0xB8EE68,0xB8EE7A,0xB8EE8E,0xB8EEA0,0xB8EEA8,0xB8EEB3,
  0xB8EEBE,0xB8EEC9,0xB8EED4,0xB8EEDF,0xB8EEEA,0xB8EEF5,0xB8EF00,0xB8EF0B,0xB8EF16,0xB8EF24,0xB8EF38,0xB8EF40,
  0xB8EF4B,0xB8EF56,0xB8EF61,0xB8EF6C,0xB8EF77,0xB8EF82,0xB8EF8D,0xB8EF98,0xB8EFA3,0xB8EFAE,0xB8EFBC,0xB8EFD0,
  0xB8EFD8,0xB8EFE0,0xB8EFF2,0xB8F006,0xB8F01A,0xB8F02E,0xB8F043,0xB8F04B,0xB8F053,0xB8F05D,0xB8F06F,0xB8F077,
  0xB8F07F,0xB8F087,0xB8F099,0xB8F0B1,0xB8F0B9,0xB8F0CB,0xB8F0D8,0xB8F0E5,0xB8F0FC,0xB8F109,0xB8F116,0xB8F12D,
  0xB8F137,0xB8F13F,0xB8F147,0xB8F14F,0xB8F157,0xB8F15F,0xB8F167,0xB8F16F,0xB8F177,0xB8F181,0xB8F18B,0xB8F195,
  0xB8F19F,0xB8F1B8,0xB8F1D1,0xB8F1EA,0xB8F203,0xB8F226,0xB8F23D,0xB8F245,0xB8F24D,0xB8F255,0xB8F25D,0xB8F265,
  0xB8F277,0xB8F289,0xB8F2AC,0xB8F2C1,0xB8F2C9,0xB8F2D4,0xB8F2E2,0xB8F2F0,0xB8F2FE,0xB8F316,0xB8F31E,0xB8F329,
  0xB8F337,0xB8F345,0xB8F353,0xB8F361,0xB8F375,0xB8F387,0xB8F399,0xB8F3AD,0xB8F3BF,0xB8F3C7,0xB8F3CF,0xB8F3E1,
  0xB8F3E9,0xB8F3F4,0xB8F40C,0xB8F424,0xB8F439,0xB8F441,0xB8F44C,0xB8F464,0xB8F47C,0xB8F491,0xB8F499,0xB8F4AD,
  0xB8F4BF,0xB8F4D8,0xB8F4EA,0xB8F4F2,0xB8F4FA,0xB8F50C,0xB8F514,0xB8F51C,0xB8F52E,0xB8F540,0xB8F54E,0xB8F55C,
  0xB8F56A,0xB8F582,0xB8F594,0xB8F5A9,0xB8F5B1,0xB8F5C3,0xB8F5D5,0xB8F5DD,0xB8F5E5,0xB8F5ED,0xB8F5F5,0xB8F607,
  0xB8F61C,0xB8F631,0xB8F646,0xB8F65B,0xB8F66D,0xB8F675,0xB8F687,0xB8F68F,0xB8F6A1,0xB8F6A9,0xB8F6CC,0xB8F6DE,
  0xB8F6F0,0xB8F6F8,0xB8F703,0xB8F70B,0xB8F720,0xB8F732,0xB8F73A,0xB8F74C,0xB8F754,0xB8F777,0xB8F77F,0xB8F7A2,
  0xB8F7AA,0xB8F7B2,0xB8F7C4,0xB8F7CC,0xB8F7DE,0xB8F7F0,0xB8F804,0xB8F816,0xB8F820,0xB8F832,0xB8F83A,0xB8F842,
  0xB8F84A,0xB8F85C,0xB8F867,0xB8F872,0xB8F892,0xB8F89A,0xB8F8AC,0xB8F8B6,0xB8F8C8,0xB8F8D2,0xB8F8E4,0xB8F8F9,
  0xB8F90B,0xB8F915,0xB8F927,0xB8F939,0xB8F94B,0xB8F953,0xB8F95E,0xB8F973,0xB8F97B,0xB8F98D,0xB8F995,0xB8F9A0,
  0xB8F9AB,0xB8F9C0,0xB8F9CA,0xB8F9DE,0xB8F9E6,0xB8F9EE,0xB8F9F6,0xB8F9FE,0xB8FA06,0xB8FA18,0xB8FA20,0xB8FA34,
  0xB8FA46,0xB8FA4E,0xB8FA60,0xB8FA72,0xB8FA7A,0xB8FA8C,0xB8FA94,0xB8FAA6,0xB8FAAE,0xB8FAB6,0xB8FAC8,0xB8FAD0,
  0xB8FAF3,0xB8FAFB,0xB8FB14,0xB8FB26,0xB8FB2E,0xB8FB36,0xB8FB3E,0xB8FB46,0xB8FB58,0xB8FB6D,0xB8FB7F,0xB8FB94,
  0xB8FB9F,0xB8FBAA,0xB8FBB5,0xB8FBC9,0xB8FBDF,0xB8FBF1,0xB8FC03,0xB8FC15,0xB8FC2A,0xB8FC32,0xB8FC3A,0xB8FC42,
  0xB8FC4A,0xB8FC5C,0xB8FC6E,0xB8FC79,0xB8FC84,0xB8FC99,0xB8FCAB,0xB8FCB3,0xB8FCBE,0xB8FCC6,0xB8FCD1,0xB8FCD9,
  0xB8FCE4,0xB8FCEC,0xB8FCFE,0xB8FD06,0xB8FD18,0xB8FD2A,0xB8FD32,0xB8FD44,0xB8FD4C,0xB8FD61,0xB8FD73,0xB8FD7B,
  0xB8FD83,0xB8FD8B,0xB8FD9D,0xB8FDA5,0xB8FDAD,0xB8FDB5,0xB8FDC7,0xB8FDCF,0xB8FDD7,0xB8FDDF,0xB8FDE7,0xB8FDEF,
  0xB8FDF7,0xB8FDFF,0xB8FE07,0xB8FE19,0xB8FE21,0xB8FE29,0xB8FE3B,0xB8FE43,0xB8FE4B,0xB8FE5D,0xB8FE75,0xB8FE87,
  0xB8FE8F,0xB8FEA3,0xB8FEB7,0xB8FEC2,0xB8FECD,0xB8FED8,0xB8FEEE,0xB8FF06,0xB8FF14,0xB8FF22,0xB8FF44,0xB8FF4C,
  0xB8FF54,0xB8FF66,0xB8FF6E,0xB8FF79,0xB8FF84,0xB8FF8F,0xB8FF9A,0xB8FFA5,0xB8FFBB,0xB8FFD3,0xB8FFE1,0xB8FFEF,
  0xB90011,0xB90019,0xB90024,0xB9002F,0xB9003A,0xB90045,0xB90050,0xB90066,0xB9007E,0xB9008C,0xB9009A,0xB900BC,
  0xB900C7,0xB900D9,0xB900E4,0xB900EC,0xB900F6,0xB900FE,0xB90110,0xB90118,0xB90122,0xB9012D,0xB90135,0xB9013D,
  0xB90148,0xB90150,0xB90158,0xB9016A,0xB90175,0xB90187,0xB9018F,0xB90197,0xB9019F,0xB901A7,0xB901AF,0xB901B7,
  0xB901C9,0xB901D1,0xB901DC,0xB901E4,0xB901EC,0xB901F4,0xB901FC,0xB9020E,0xB90216,0xB90221,0xB90229,0xB9023B,
  0xB90243,0xB9024B,0xB90253,0xB9025B,0xB90266,0xB90278,0xB9028A,0xB9029C,0xB902A7,0xB902AF,0xB902B7,0xB902BF,
  0xB902C7,0xB902CF,0xB902D7,0xB902DF,0xB902E7,0xB902F9,0xB9030B,0xB90313,0xB90325,0xB90337,0xB9033F,0xB90354,
  0xB9035E,0xB90372,0xB90398,0xB903AA,0xB903BC,0xB903CE,0xB903E0,0xB903F2,0xB90404,0xB90416,0xB90428,0xB9043A,
  0xB9044C,0xB9045E,0xB90476,0xB90488,0xB9049A,0xB904A2,0xB904AA,0xB904BC,0xB904C4,0xB904E7,0xB904EF,0xB90512,
  0xB9051A,0xB9052C,0xB90534,0xB9053C,0xB90551,0xB90559,0xB9056B,0xB9057D,0xB9058F,0xB905A3,0xB905B7,0xB905BF,
  0xB905D1,0xB905D9,0xB905EB,0xB905F3,0xB90605,0xB90617,0xB9061F,0xB90627,0xB9063C,0xB90644,0xB90656,0xB9065E,
  0xB90670,0xB90682,0xB9068A,0xB90692,0xB906A4,0xB906AF,0xB906B7,0xB906BF,0xB906C7,0xB906D9,0xB906E1,0xB906E9,
  0xB906F1,0xB90703,0xB9070E,0xB90716,0xB9071E,0xB90726,0xB90738,0xB9074D,0xB90755,0xB90767,0xB9076F,0xB90781,
  0xB90793,0xB907AB,0xB907BD,0xB907CF,0xB907E1,0xB907F3,0xB90805,0xB90817,0xB9081F,0xB9082D,0xB9083B,0xB90853,
  0xB90865,0xB9086D,0xB90875,0xB9087D,0xB90885,0xB9088D,0xB90895,0xB908A7,0xB908BC,0xB908D5,0xB908F8,0xB90900,
  0xB90912,0xB9091A,0xB90922,0xB90934,0xB90946,0xB9095B,0xB9096D,0xB90990,0xB909A2,0xB909B4,0xB909C6,0xB909D8,
  0xB909EA,0xB909FF,0xB90A07,0xB90A0F,0xB90A17,0xB90A1F,0xB90A27,0xB90A39,0xB90A4B,0xB90A5D,0xB90A65,0xB90A77,
  0xB90A89,0xB90A91,0xB90AA3,0xB90AAB,0xB90ABD,0xB90ACF,0xB90AD7,0xB90ADF,0xB90AE7,0xB90AEF,0xB90B01,0xB90B09,
  0xB90B1B,0xB90B23,0xB90B2B,0xB90B3D,0xB90B45,0xB90B4D,0xB90B55,0xB90B67,0xB90B6F,0xB90B7A,0xB90B85,0xB90B90,
  0xB90B9B,0xB90BA6,0xB90BB1,0xB90BBC,0xB90BC7,0xB90BD2,0xB90BDD,0xB90BE8,0xB90BF3,0xB90BFE,0xB90C09,0xB90C14,
  0xB90C1F,0xB90C35,0xB90C43,0xB90C51,0xB90C5F,0xB90C6D,0xB90C7B,0xB90C89,0xB90C97,0xB90CA5,0xB90CB3,0xB90CC1,
  0xB90CCF,0xB90CDD,0xB90CEB,0xB90CF9,0xB90D07,0xB90D15,0xB90D23,0xB90D31,0xB90D3F,0xB90D4D,0xB90D5B,0xB90D69,
  0xB90D77,0xB90D85,0xB90D9D,0xB90DB5,0xB90DC7,0xB90DCF,0xB90DDA,0xB90DE5,0xB90DF0,0xB90DFB,0xB90E06,0xB90E11,
  0xB90E1C,0xB90E27,0xB90E32,0xB90E3D,0xB90E48,0xB90E53,0xB90E5E,0xB90E69,0xB90E74,0xB90E7F,0xB90E95,0xB90EA3,
  0xB90EB1,0xB90EBF,0xB90ECD,0xB90EDB,0xB90EE9,0xB90EF7,0xB90F05,0xB90F13,0xB90F21,0xB90F2F,0xB90F3D,0xB90F4B,
  0xB90F59,0xB90F67,0xB90F75,0xB90F83,0xB90F91,0xB90F9F,0xB90FAD,0xB90FBB,0xB90FC9,0xB90FD7,0xB90FE5,0xB90FFD,
  0xB9100B,0xB91023,0xB91035,0xB91047,0xB91059,0xB91070,0xB91082,0xB91096,0xB910A8,0xB910BC,0xB910CE,0xB910E0,
  0xB910E8,0xB910F2,0xB910FC,0xB91106,0xB91110,0xB9111A,0xB91124,0xB91138,0xB91140,0xB9114A,0xB91154,0xB9115E,
  0xB91168,0xB91172,0xB9117C,0xB91186,0xB91190,0xB911A4,0xB911AC,0xB911B6,0xB911CA,0xB911D2,0xB911E6,0xB911EE,
  0xB911F8,0xB91202,0xB9120C,0xB91216,0xB91220,0xB91234,0xB9123C,0xB91246,0xB91250,0xB9125A,0xB9126E,0xB91276,
  0xB91280,0xB9128A,0xB9129E,0xB912B5,0xB912CC,0xB912E3,0xB912F5,0xB912FD,0xB91307,0xB91311,0xB9131B,0xB91325,
  0xB9132F,0xB91339,0xB91343,0xB9134D,0xB91361,0xB91369,0xB91371,0xB91379,0xB9138E,0xB91396,0xB9139E,0xB913A6,
  0xB913BB,0xB913C3,0xB913CB,0xB913DD,0xB913E5,0xB913FA,0xB91404,0xB9140E,0xB91418,0xB91422,0xB9142C,0xB91436,
  0xB91440,0xB9145E,0xB91466,0xB9146E,0xB91476,0xB9147E,0xB91486,0xB9149B,0xB914A3,0xB914B7,0xB914BF,0xB914D3,
  0xB914DB,0xB914EF,0xB914F7,0xB914FF,0xB91507,0xB9150F,0xB9151A,0xB9152C,0xB91534,0xB91549,0xB91551,0xB9155C,
  0xB91566,0xB91570,0xB9157A,0xB91584,0xB9158E,0xB91598,0xB915A2,0xB915AC,0xB915B6,0xB915C0,0xB915CA,0xB915D4,
  0xB915DE,0xB915E8,0xB915F2,0xB915FC,0xB91606,0xB91610,0xB9161A,0xB91624,0xB9162E,0xB91638,0xB91642,0xB9164C,
  0xB91656,0xB91660,0xB9166A,0xB91674,0xB9167E,0xB91688,0xB91692,0xB9169C,0xB916A6,0xB916B0,0xB916BA,0xB916C4,
  0xB916CE,0xB916D8,0xB916E2,0xB916EC,0xB916F6,0xB91700,0xB9170A,0xB91714,0xB9171E,0xB91728,0xB91732,0xB9173C,
  0xB91746,0xB91750,0xB9175A,0xB91764,0xB9176E,0xB91778,0xB91782,0xB9178C,0xB91796,0xB917A0,0xB917AA,0xB917B4,
  0xB917BE,0xB917C8,0xB917D2,0xB917DC,0xB917E6,0xB917F0,0xB917FA,0xB91804,0xB9180E,0xB91818,0xB91822,0xB9182C,
  0xB91836,0xB91840,0xB91854,0xB91866,0xB9187B,0xB91883,0xB9188B,0xB9189F,0xB918B1,0xB918B9,0xB918CB,0xB918DD,
  0xB918F2,0xB918FC,0xB91906,0xB91910,0xB9191A,0xB91924,0xB91938,0xB9194C,0xB91960,0xB91974,0xB91989,0xB91991,
  0xB9199C,0xB919B1,0xB919B9,0xB919CD,0xB919E2,0xB919F4,0xB919FC,0xB91A11,0xB91A19,0xB91A24,0xB91A39,0xB91A41,
  0xB91A4C,0xB91A57,0xB91A6C,0xB91A77,0xB91A8C,0xB91A9E,0xB91AA6,0xB91ABB,0xB91ACD,0xB91ADF,0xB91AE7,0xB91AEF,
  0xB91B01,0xB91B13,0xB91B1B,0xB91B23,0xB91B2B,0xB91B33,0xB91B45,0xB91B4D,0xB91B5F,0xB91B67,0xB91B6F,0xB91B81,
  0xB91B89,0xB91B9B,0xB91BAD,0xB91BBF,0xB91BD1,0xB91BE3,0xB91BEB,0xB91C00,0xB91C08,0xB91C1D,0xB91C31,0xB91C45,
  0xB91C57,0xB91C5F,0xB91C67,0xB91C6F,0xB91C77,0xB91C89,0xB91C91,0xB91C99,0xB91CAB,0xB91CBD,0xB91CD2,0xB91CE4,
  0xB91CF9,0xB91D0B,0xB91D13,0xB91D25,0xB91D3D,0xB91D45,0xB91D68,0xB91D7A,0xB91D82,0xB91D8A,0xB91D9C,0xB91DAE,
  0xB91DB6,0xB91DC8,0xB91DD0,0xB91DE2,0xB91DEA,0xB91DF5,0xB91E0A,0xB91E1C,0xB91E2E,0xB91E36,0xB91E4B,0xB91E58,
  0xB91E6A,0xB91E77,0xB91E89,0xB91E9D,0xB91EA5,0xB91EB9,0xB91ECE,0xB91EE2,0xB91EF4,0xB91EFC,0xB91F07,0xB91F12,
  0xB91F1D,0xB91F28,0xB91F33,0xB91F3E,0xB91F49,0xB91F54,0xB91F5F,0xB91F6A,0xB91F75,0xB91F80,0xB91F8E,0xB91F9C,
  0xB91FAA,0xB91FB8,0xB91FC6,0xB91FD4,0xB91FE2,0xB91FF0,0xB91FFE,0xB92016,0xB9201E,0xB92029,0xB92034,0xB9203F,
  0xB9204A,0xB92055,0xB92060,0xB9206B,0xB92076,0xB92081,0xB9208C,0xB92097,0xB920A2,0xB920B0,0xB920BE,0xB920CC,
  0xB920DA,0xB920E8,0xB920F6,0xB92104,0xB92112,0xB9212A,0xB92132,0xB9213D,0xB92147,0xB9215B,0xB92163,0xB92178,
  0xB92180,0xB92195,0xB921A7,0xB921B9,0xB921D1,0xB921E3,0xB921EB,0xB92200,0xB92208,0xB92213,0xB92228,0xB92230,
  0xB9223B,0xB92250,0xB92258,0xB9226A,0xB9227E,0xB92286,0xB9229A,0xB922AC,0xB922C0,0xB922D2,0xB922E6,0xB922FA,
  0xB9230E,0xB92322,0xB92336,0xB92348,0xB9235C,0xB9236E,0xB92382,0xB92396,0xB923AA,0xB923BC,0xB923D0,0xB923E4,
  0xB923F8,0xB92400,0xB92415,0xB92429,0xB92431,0xB92439,0xB9244B,0xB92453,0xB92465,0xB92479,0xB92481,0xB9248C,
  0xB924A1,0xB924B5,0xB924C7,0xB924DB,0xB924EF,0xB92503,0xB92515,0xB9252A,0xB92532,0xB92547,0xB92559,0xB92561,
  0xB9256C,0xB92577,0xB92582,0xB92597,0xB9259F,0xB925B1,0xB925C9,0xB925DB,0xB925ED,0xB92602,0xB9260D,0xB92615,
  0xB9261D,0xB9262F,0xB9263A,0xB9264F,0xB92664,0xB92676,0xB92688,0xB92692,0xB926A6,0xB926B8,0xB926C0,0xB926D5,
  0xB926DD,0xB926FD,0xB9270F,0xB92726,0xB9272E,0xB92739,0xB9274E,0xB92760,0xB92772,0xB9277A,0xB9278C,0xB927A0,
  0xB927A8,0xB927B2,0xB927BC,0xB927C6,0xB927DA,0xB927E2,0xB927F6,0xB92808,0xB92810,0xB9281A,0xB92824,0xB9282E,
  0xB92838,0xB92842,0xB9284C,0xB92856,0xB92860,0xB9286A,0xB92874,0xB9287E,0xB92888,0xB92892,0xB9289C,0xB928A6,
  0xB928B0,0xB928BA,0xB928C4,0xB928CE,0xB928D8,0xB928E2,0xB928F6,0xB9290A,0xB92912,0xB9291C,0xB92926,0xB92930,
  0xB92944,0xB92959,0xB92961,0xB92978,0xB92980,0xB92988,0xB92990,0xB92998,0xB929A3,0xB929AE,0xB929B6,0xB929BE,
  0xB929C6,0xB929CE,0xB929D9,0xB929EB,0xB929FF,0xB92A11,0xB92A23,0xB92A2B,0xB92A40,0xB92A57,0xB92A5F,0xB92A6D,
  0xB92A85,0xB92A8D,0xB92A9F,0xB92AB1,0xB92AC3,0xB92AD5,0xB92AE0,0xB92AE8,0xB92AFA,0xB92B0C,0xB92B14,0xB92B1F,
  0xB92B34,0xB92B3C,0xB92B47,0xB92B5C,0xB92B71,0xB92B85,0xB92B99,0xB92BAD,0xB92BBF,0xB92BC9,0xB92BD3,0xB92BE5,
  0xB92BF7,0xB92C01,0xB92C0B,0xB92C1D,0xB92C27,0xB92C39,0xB92C50,0xB92C5A,0xB92C62,0xB92C6A,0xB92C72,0xB92C84,
  0xB92C96,0xB92CAD,0xB92CB5,0xB92CCA,0xB92CD2,0xB92CE7,0xB92CF9,0xB92D0E,0xB92D16,0xB92D2A,0xB92D3F,0xB92D56,
  0xB92D6D,0xB92D7A,0xB92D82,0xB92D94,0xB92D9F,0xB92DAA,0xB92DBF,0xB92DD1,0xB92DE3,0xB92DEB,0xB92DF3,0xB92DFE,
  0xB92E06,0xB92E0E,0xB92E16,0xB92E1E,0xB92E26,0xB92E2E,0xB92E43,0xB92E4E,0xB92E56,0xB92E5E,0xB92E66,0xB92E6E,
  0xB92E76,0xB92E7E,0xB92E86,0xB92E91,0xB92E99,0xB92EA4,0xB92EAC,0xB92EB7,0xB92EBF,0xB92ED4,0xB92EDC,0xB92EE7,
  0xB92EF5,0xB92F03,0xB92F11,0xB92F29,0xB92F31,0xB92F3C,0xB92F4A,0xB92F58,0xB92F70,0xB92F82,0xB92F8D,0xB92F95,
  0xB92FA0,0xB92FAB,0xB92FBD,0xB92FCF,0xB92FE1,0xB92FE9,0xB92FFE,0xB93010,0xB93018,0xB9302A,0xB93032,0xB9303F,
  0xB93047,0xB9304F,0xB93066,0xB9306E,0xB93085,0xB93090,0xB9309D,0xB930AA,0xB930B2,0xB930BF,0xB930C7,0xB930D4,
  0xB930E1,0xB930EC,0xB930F7,0xB93104,0xB9310C,0xB93117,0xB93122,0xB9312A,0xB9314D,0xB9315F,0xB93171,0xB93185,
  0xB93190,0xB9319B,0xB931A6,0xB931B1,0xB931C6,0xB931CE,0xB931F1,0xB931F9,0xB9321C,0xB93226,0xB9323A,0xB93242,
  0xB9324A,0xB9326D,0xB93275,0xB9329A,0xB932AC,0xB932B4,0xB932BF,0xB932CA,0xB932DF,0xB932E7,0xB932F2,0xB93307,
  0xB9331B,0xB9332D,0xB93335,0xB9334E,0xB93356,0xB93368,0xB93370,0xB93378,0xB93380,0xB93388,0xB93390,0xB93398,
  0xB933A0,0xB933A8,0xB933B0,0xB933B8,0xB933C0,0xB933C8,0xB933DD,0xB933E5,0xB933ED,0xB933F5,0xB933FD,0xB93405,
  0xB9340D,0xB93415,0xB93427,0xB9342F,0xB93441,0xB93449,0xB93451,0xB93459,0xB9346D,0xB93475,0xB9347D,0xB93485,
  0xB9348D,0xB93495,0xB9349D,0xB934A5,0xB934C8,0xB934D0,0xB934D8,0xB934E0,0xB934E8,0xB934F0,0xB934F8,0xB93500,
  0xB93512,0xB9351A,0xB93522,0xB9352A,0xB93532,0xB9353A,0xB93542,0xB9354A,0xB93552,0xB9355A,0xB9356C,0xB93574,
  0xB93589,0xB93597,0xB935AF,0xB935C1,0xB935CF,0xB935DD,0xB935EB,0xB93602,0xB9360F,0xB9361C,0xB93624,0xB93636,
  0xB93641,0xB9364E,0xB93656,0xB9365E,0xB93666,0xB93678,0xB9368D,0xB936A2,0xB936B7,0xB936BF,0xB936D1,0xB936D9,
  0xB936EB,0xB936F8,0xB9370F,0xB93721,0xB93733,0xB93747,0xB9374F,0xB93757,0xB93769,0xB9377B,0xB9378D,0xB937A5,
  0xB937B7,0xB937C9,0xB937D1,0xB937DC,0xB937F1,0xB937F9,0xB9380E,0xB93816,0xB93828,0xB93840,0xB93852,0xB93864,
  0xB9386C,0xB93874,0xB9387C,0xB93884,0xB9388C,0xB9389E,0xB938A6,0xB938B8,0xB938CA,0xB938DC,0xB938E7,0xB938F2,
  0xB938FD,0xB93912,0xB9391D,0xB93932,0xB93944,0xB9394C,0xB93961,0xB93969,0xB93974,0xB93989,0xB9399B,0xB939A3,
  0xB939B1,0xB939BF,0xB939CD,0xB939E5,0xB939F0,0xB939FB,0xB93A06,0xB93A11,0xB93A1C,0xB93A31,0xB93A3C,0xB93A58,
  0xB93A6A,0xB93A72,0xB93A8D,0xB93A9B,0xB93AA9,0xB93AC1,0xB93AC9,0xB93AD1,0xB93AE3,0xB93AEB,0xB93AF6,0xB93B0B,
  0xB93B23,0xB93B2B,0xB93B39,0xB93B47,0xB93B5F,0xB93B71,0xB93B7C,0xB93B87,0xB93B92,0xB93B9D,0xB93BA8,0xB93BB3,
  0xB93BC9,0xB93BE1,0xB93BEF,0xB93BFD,0xB93C0B,0xB93C19,0xB93C27,0xB93C35,0xB93C4D,0xB93C5F,0xB93C67,0xB93C79,
  0xB93C81,0xB93C8F,0xB93C9D,0xB93CAB,0xB93CC3,0xB93CCB,0xB93CD9,0xB93CE7,0xB93CF5,0xB93D03,0xB93D11,0xB93D1F,
  0xB93D2D,0xB93D3B,0xB93D49,0xB93D57,0xB93D65,0xB93D73,0xB93D81,0xB93D99,0xB93DA1,0xB93DB3,0xB93DBB,0xB93DCD,
  0xB93DD5,0xB93DDD,0xB93DE5,0xB93DED,0xB93DF5,0xB93DFD,0xB93E05,0xB93E17,0xB93E29,0xB93E3E,0xB93E46,0xB93E4E,
  0xB93E59,0xB93E6B,0xB93E73,0xB93E7E,0xB93E86,0xB93E98,0xB93EA0,0xB93EB4,0xB93EC9,0xB93EDB,0xB93EE3,0xB93EF5,
  0xB93F07,0xB93F0F,0xB93F21,0xB93F29,0xB93F3B,0xB93F43,0xB93F55,0xB93F5D,0xB93F65,0xB93F7A,0xB93F82,0xB93F8D,
  0xB93F98,0xB93FA3,0xB93FAE,0xB93FB9,0xB93FC4,0xB93FCF,0xB93FDA,0xB93FE5,0xB93FF0,0xB93FFB,0xB94006,0xB94011,
  0xB9401F,0xB9402D,0xB9403B,0xB94049,0xB94057,0xB94065,0xB9407D,0xB94088,0xB940A0,0xB940A8,0xB940B3,0xB940BE,
  0xB940C9,0xB940D4,0xB940DF,0xB940EA,0xB940F5,0xB94100,0xB9410B,0xB94116,0xB94121,0xB9412C,0xB94137,0xB94145,
  0xB94153,0xB94161,0xB9416F,0xB9417D,0xB9418B,0xB941A3,0xB941B7,0xB941C2,0xB941CA,0xB941D2,0xB941DA,0xB941E2,
  0xB941EA,0xB941F2,0xB941FA,0xB94202,0xB9420A,0xB94215,0xB9421D,0xB94225,0xB9422D,0xB94235,0xB94247,0xB9424F,
  0xB94257,0xB9425F,0xB94267,0xB9426F,0xB94277,0xB9427F,0xB94287,0xB94299,0xB942A1,0xB942B3,0xB942BB,0xB942C3,
  0xB942CB,0xB942D3,0xB942DB,0xB942E3,0xB942F7,0xB94309,0xB94314,0xB9431C,0xB94327,0xB94332,0xB9433D,0xB9434F,
  0xB94361,0xB94373,0xB94385,0xB9439D,0xB943AF,0xB943B7,0xB943C9,0xB943D1,0xB943D9,0xB943EB,0xB943FD,0xB94405,
  0xB9440D,0xB94415,0xB9441D,0xB94425,0xB9442D,0xB94435,0xB94447,0xB9444F,0xB9445A,0xB9446F,0xB94477,0xB9448C,
  0xB944A0,0xB944A8,0xB944BA,0xB944CC,0xB944D4,0xB944F7,0xB94509,0xB9451B,0xB94526,0xB94531,0xB9453C,0xB94547,
  0xB94552,0xB9455D,0xB94568,0xB94573,0xB9457E,0xB94596,0xB945AF,0xB945D2,0xB945DD,0xB945EB,0xB945F9,0xB94607,
  0xB9461F,0xB94631,0xB9463C,0xB94647,0xB94652,0xB9465D,0xB94668,0xB94673,0xB9467E,0xB94689,0xB94694,0xB9469F,
  0xB946AA,0xB946B8,0xB946D0,0xB946D8,0xB946FB,0xB9470D,0xB9471F,0xB9472A,0xB94735,0xB94740,0xB9474B,0xB94756,
  0xB94761,0xB9476C,0xB94777,0xB94782,0xB9478D,0xB94798,0xB947B0,0xB947C8,0xB947D3,0xB947DE,0xB947E9,0xB947F4,
  0xB947FF,0xB9480A,0xB94815,0xB94820,0xB9482B,0xB94836,0xB94841,0xB94859,0xB94867,0xB9487F,0xB94894,0xB9489F,
  0xB948B1,0xB948C6,0xB948DE,0xB948E6,0xB948F1,0xB948FC,0xB94907,0xB94912,0xB94920,0xB9492E,0xB9493C,0xB9494A,
  0xB94962,0xB94970,0xB9497E,0xB9498C,0xB9499A,0xB949A8,0xB949C0,0xB949D2,0xB949DA,0xB949E5,0xB949F0,0xB949FB,
  0xB94A06,0xB94A14,0xB94A22,0xB94A30,0xB94A3E,0xB94A56,0xB94A64,0xB94A72,0xB94A80,0xB94A8E,0xB94AA6,0xB94AB1,
  0xB94ABC,0xB94AC7,0xB94AD2,0xB94ADD,0xB94AEF,0xB94AF7,0xB94B0C,0xB94B16,0xB94B2A,0xB94B32,0xB94B3A,0xB94B4F,
  0xB94B64,0xB94B79,0xB94B84,0xB94B8C,0xB94BA1,0xB94BA9,0xB94BB4,0xB94BC9,0xB94BD4,0xB94BDC,0xB94BE4,0xB94BF9,
  0xB94C04,0xB94C0C,0xB94C17,0xB94C2C,0xB94C3E,0xB94C49,0xB94C54,0xB94C69,0xB94C71,0xB94C7C,0xB94C84,0xB94C8C,
  0xB94C94,0xB94C9F,0xB94CA7,0xB94CB2,0xB94CC4,0xB94CCC,0xB94CD7,0xB94CDF,0xB94CE7,0xB94CEF,0xB94CF7,0xB94CFF,
  0xB94D07,0xB94D12,0xB94D24,0xB94D2C,0xB94D3E,0xB94D50,0xB94D62,0xB94D6A,0xB94D7C,0xB94D84,0xB94D8F,0xB94D9A,
  0xB94DA5,0xB94DB0,0xB94DBB,0xB94DD0,0xB94DE2,0xB94DEA,0xB94DF5,0xB94E00,0xB94E0B,0xB94E20,0xB94E2B,0xB94E33,
  0xB94E48,0xB94E5C,0xB94E64,0xB94E6F,0xB94E77,0xB94E82,0xB94E8D,0xB94EA2,0xB94EAD,0xB94EB8,0xB94EC0,0xB94EC8,
  0xB94ED3,0xB94EDB,0xB94EE6,0xB94EEE,0xB94EF9,0xB94F04,0xB94F0C,0xB94F17,0xB94F22,0xB94F2A,0xB94F35,0xB94F4A,
  0xB94F5D,0xB94F6F,0xB94F77,0xB94F8C,0xB94FA3,0xB94FB5,0xB94FBD,0xB94FD2,0xB94FE9,0xB94FFE,0xB95012,0xB9501A,
  0xB95025,0xB9503A,0xB95042,0xB9504D,0xB95062,0xB95074,0xB95086,0xB9508E,0xB950A0,0xB950A8,0xB950BA,0xB950C2,
  0xB950D4,0xB950DF,0xB950E7,0xB950F9,0xB9510B,0xB95113,0xB95125,0xB9513A,0xB95142,0xB9514D,0xB9515F,0xB95167,
  0xB9516F,0xB95177,0xB9517F,0xB9518A,0xB95192,0xB9519D,0xB951AF,0xB951BA,0xB951C2,0xB951CD,0xB951D8,0xB951E0,
  0xB951E8,0xB951FA,0xB9520C,0xB95223,0xB9523A,0xB9524C,0xB95263,0xB95275,0xB95287,0xB9529C,0xB952B3,0xB952C5,
  0xB952CD,0xB952D5,0xB952E7,0xB952F2,0xB952FA,0xB9530C,0xB95324,0xB9532C,0xB9533E,0xB95355,0xB95367,0xB9536F,
  0xB95386,0xB95398,0xB953AF,0xB953C1,0xB953CE,0xB953E5,0xB953FC,0xB95404,0xB9540F,0xB9541A,0xB95425,0xB95430,
  0xB9543E,0xB9544C,0xB9545A,0xB95472,0xB95489,0xB954A0,0xB954A8,0xB954B3,0xB954BB,0xB954CD,0xB954DF,0xB954E7,
  0xB954F2,0xB954FD,0xB95505,0xB9550D,0xB9551F,0xB95533,0xB95548,0xB9555A,0xB95562,0xB9556A,0xB95572,0xB9557A,
  0xB9558C,0xB95599,0xB955A6,0xB955B8,0xB955CA,0xB955D2,0xB955DD,0xB955E8,0xB955F3,0xB955FE,0xB95609,0xB95614,
  0xB95629,0xB95631,0xB9563C,0xB95647,0xB95652,0xB9565D,0xB95668,0xB9567D,0xB95688,0xB95690,0xB956A2,0xB956B4,
  0xB956C6,0xB956D8,0xB956E0,0xB956F5,0xB956FD,0xB95708,0xB9571C,0xB9572E,0xB95740,0xB95752,0xB9575A,0xB95768,
  0xB95776,0xB95784,0xB95792,0xB957AA,0xB957B8,0xB957C6,0xB957D4,0xB957E2,0xB957F0,0xB95808,0xB9581F,0xB95831,
  0xB95839,0xB95847,0xB95855,0xB95863,0xB95871,0xB95889,0xB95897,0xB958A5,0xB958B3,0xB958C1,0xB958CF,0xB958E7,
  0xB958F9,0xB9590E,0xB95916,0xB9592C,0xB9593A,0xB95948,0xB95956,0xB95964,0xB95972,0xB95980,0xB9598E,0xB9599C,
  0xB959AA,0xB959C2,0xB959D4,0xB959E6,0xB959EE,0xB959F9,0xB95A01,0xB95A09,0xB95A1B,0xB95A2D,0xB95A35,0xB95A3F,
  0xB95A47,0xB95A59,0xB95A6B,0xB95A73,0xB95A7B,0xB95A83,0xB95A8B,0xB95A93,0xB95A9B,0xB95AA3,0xB95AAB,0xB95AB3,
  0xB95ABB,0xB95AC3,0xB95ACB,0xB95AD3,0xB95ADB,0xB95AE3,0xB95AEB,0xB95AF3,0xB95AFB,0xB95B03,0xB95B0B,0xB95B13,
  0xB95B1B,0xB95B23,0xB95B2B,0xB95B33,0xB95B3B,0xB95B43,0xB95B4B,0xB95B5D,0xB95B6F,0xB95B81,0xB95B89,0xB95B91,
  0xB95B99,0xB95BA4,0xB95BB6,0xB95BBE,0xB95BD0,0xB95BE7,0xB95BFC,0xB95C04,0xB95C19,0xB95C21,0xB95C36,0xB95C3E,
  0xB95C54,0xB95C62,0xB95C70,0xB95C7E,0xB95C8C,0xB95C9A,0xB95CA8,0xB95CB6,0xB95CC4,0xB95CD2,0xB95CE0,0xB95D02,
  0xB95D14,0xB95D1C,0xB95D24,0xB95D2C,0xB95D3E,0xB95D50,0xB95D58,0xB95D6A,0xB95D72,0xB95D7D,0xB95D88,0xB95D93,
  0xB95DAB,0xB95DB9,0xB95DD1,0xB95DD9,0xB95DE4,0xB95DEF,0xB95DFA,0xB95E12,0xB95E20,0xB95E38,0xB95E40,0xB95E54,
  0xB95E5F,0xB95E6A,0xB95E78,0xB95E86,0xB95E94,0xB95EAC,0xB95ECF,0xB95ED7,0xB95EEB,0xB95F03,0xB95F15,0xB95F1D,
  0xB95F28,0xB95F33,0xB95F3E,0xB95F4C,0xB95F5A,0xB95F68,0xB95F76,0xB95F80,0xB95F8A,0xB95F9C,0xB95FA4,0xB95FAE,
  0xB95FC0,0xB95FC8,0xB95FD0,0xB95FDA,0xB95FEE,0xB96002,0xB96016,0xB9601E,0xB96026,0xB96038,0xB96040,0xB96048,
  0xB96050,0xB96064,0xB9607B,0xB96093,0xB960A8,0xB960BF,0xB960D1,0xB960E8,0xB960FA,0xB96102,0xB96117,0xB96129,
  0xB96140,0xB96157,0xB9616E,0xB96185,0xB9619C,0xB961B3,0xB961CA,0xB961E1,0xB961F8,0xB9620F,0xB96226,0xB9623D,
  0xB96254,0xB9626B,0xB96282,0xB96299,0xB962B0,0xB962C7,0xB962DE,0xB962E8,0xB962FA,0xB9630C,0xB96314,0xB9631F,
  0xB96334,0xB96346,0xB96358,0xB9636A,0xB9637C,0xB96390,0xB9639B,0xB963AD,0xB963C6,0xB963E9,0xB963F1,0xB96406,
  0xB9640E,0xB96419,0xB96424,0xB96436,0xB9643E,0xB96449,0xB96454,0xB9645C,0xB96466,0xB96478,0xB96480,0xB96492,
  0xB9649A,0xB964AC,0xB964C1,0xB964D3,0xB964DB,0xB964ED,0xB964F5,0xB96500,0xB9650B,0xB96516,0xB96521,0xB9652C,
  0xB96537,0xB96542,0xB96557,0xB96569,0xB9657B,0xB96583,0xB9658E,0xB96599,0xB965A4,0xB965AF,0xB965BA,0xB965C5,
  0xB965D0,0xB965DB,0xB965F0,0xB965F8,0xB9660D,0xB96615,0xB9661F,0xB96629,0xB9663D,0xB96645,0xB96668,0xB9667A,
  0xB96682,0xB96694,0xB966A6,0xB966B8,0xB966CA,0xB966DC,0xB966FA,0xB96702,0xB9670A,0xB96712,0xB96724,0xB9672C,
  0xB9673E,0xB96746,0xB9674E,0xB96756,0xB96779,0xB9678B,0xB9679F,0xB967A7,0xB967B9,0xB967CB,0xB967D3,0xB967DE,
  0xB967E9,0xB967F4,0xB967FF,0xB96814,0xB9681F,0xB9682A,0xB9683F,0xB96849,0xB9685D,0xB96875,0xB9687D,0xB96885,
  0xB968A8,0xB968B0,0xB968C3,0xB968CB,0xB968EE,0xB968F6,0xB96908,0xB9691C,0xB96924,0xB96937,0xB9693F,0xB96962,
  0xB9696C,0xB9697E,0xB96986,0xB9698E,0xB96996,0xB9699E,0xB969C1,0xB969D3,0xB969DB,0xB969E6,0xB969F1,0xB969FC,
  0xB96A07,0xB96A1C,0xB96A2E,0xB96A36,0xB96A4B,0xB96A53,0xB96A67,0xB96A7C,0xB96A84,0xB96A96,0xB96A9E,0xB96AA6,
  0xB96AAE,0xB96AB6,0xB96ABE,0xB96AC6,0xB96ACE,0xB96AD6,0xB96AE8,0xB96AFA,0xB96B18,0xB96B20,0xB96B34,0xB96B52,
  0xB96B5A,0xB96B6E,0xB96B80,0xB96B88,0xB96B90,0xB96BA2,0xB96BB4,0xB96BBC,0xB96BC7,0xB96BD9,0xB96BE1,0xB96BEC,
  0xB96BFE,0xB96C06,0xB96C11,0xB96C26,0xB96C3A,0xB96C52,0xB96C64,0xB96C7B,0xB96C83,0xB96C95,0xB96CA7,0xB96CAF,
  0xB96CC3,0xB96CCE,0xB96CE3,0xB96CF5,0xB96D07,0xB96D0F,0xB96D17,0xB96D29,0xB96D31,0xB96D39,0xB96D41,0xB96D53,
  0xB96D65,0xB96D79,0xB96D90,0xB96DA7,0xB96DBE,0xB96DC6,0xB96DDB,0xB96DE3,0xB96DF8,0xB96E00,0xB96E0B,0xB96E13,
  0xB96E1B,0xB96E26,0xB96E2E,0xB96E40,0xB96E48,0xB96E50,0xB96E58,0xB96E63,0xB96E75,0xB96E7D,0xB96E88,0xB96E90,
  0xB96E98,0xB96EA0,0xB96EAB,0xB96EBD,0xB96EC5,0xB96ECD,0xB96ED8,0xB96EEA,0xB96EF2,0xB96EFA,0xB96F05,0xB96F10,
  0xB96F22,0xB96F2A,0xB96F32,0xB96F3A,0xB96F42,0xB96F54,0xB96F5C,0xB96F64,0xB96F76,0xB96F7E,0xB96F90,0xB96F98,
  0xB96FAD,0xB96FBF,0xB96FC7,0xB96FCF,0xB96FD7,0xB96FE9,0xB96FF1,0xB96FFC,0xB9700E,0xB97016,0xB97021,0xB97033,
  0xB9703B,0xB9704F,0xB97066,0xB9706E,0xB97079,0xB97081,0xB97089,0xB97094,0xB9709C,0xB970AE,0xB970B6,0xB970C1,
  0xB970C9,0xB970D1,0xB970DC,0xB970E4,0xB970EC,0xB970F7,0xB97109,0xB97111,0xB9711C,0xB97124,0xB9712C,0xB97137,
  0xB9713F,0xB9714A,0xB9715C,0xB97164,0xB9716F,0xB9717A,0xB97182,0xB9718A,0xB97192,0xB9719D,0xB971A8,0xB971BA,
  0xB971C2,0xB971CA,0xB971DC,0xB971E4,0xB971EC,0xB971F4,0xB97206,0xB9720E,0xB97220,0xB97237,0xB9724E,0xB97265,
  0xB9727C,0xB97284,0xB9728C,0xB9729E,0xB972A6,0xB972AE,0xB972B6,0xB972C3,0xB972D5,0xB972DD,0xB972EF,0xB972F7,
  0xB97309,0xB9731B,0xB97323,0xB9732B,0xB9733D,0xB97345,0xB9734D,0xB97355,0xB9735D,0xB9736F,0xB97377,0xB97389,
  0xB97391,0xB97399,0xB973AB,0xB973BD,0xB973CF,0xB973D7,0xB973EC,0xB973FE,0xB97406,0xB9740E,0xB97420,0xB97435,
  0xB97440,0xB9744B,0xB97460,0xB97472,0xB97484,0xB97496,0xB9749E,0xB974A6,0xB974BD,0xB974C5,0xB974D0,0xB974D8,
  0xB974EF,0xB974FA,0xB97502,0xB97519,0xB9752B,0xB97533,0xB9753B,0xB97543,0xB9754B,0xB97553,0xB9755B,0xB9756D,
  0xB9757F,0xB97587,0xB9758F,0xB97597,0xB9759F,0xB975B1,0xB975C6,0xB975CE,0xB975E0,0xB975E8,0xB975F0,0xB975FB,
  0xB9760D,0xB97615,0xB9761D,0xB97628,0xB9763A,0xB97642,0xB9764A,0xB9765C,0xB97664,0xB9766C,0xB9767E,0xB97686,
  0xB9768E,0xB97696,0xB976A8,0xB976B0,0xB976B8,0xB976C0,0xB976D2,0xB976DA,0xB976E2,0xB976EA,0xB976FC,0xB97706,
  0xB9770E,0xB97716,0xB9771E,0xB97730,0xB9773B,0xB97743,0xB97755,0xB9775D,0xB97765,0xB97777,0xB9777F,0xB97791,
  0xB977A3,0xB977AB,0xB977BD,0xB977D4,0xB977EB,0xB97802,0xB97814,0xB9782B,0xB9783D,0xB97848,0xB97850,0xB97858,
  0xB97860,0xB97868,0xB97870,0xB97882,0xB9788A,0xB9789C,0xB978B3,0xB978C5,0xB978D0,0xB978D8,0xB978E0,0xB978EB,
  0xB978F3,0xB978FB,0xB9790D,0xB9791F,0xB97927,0xB97939,0xB97941,0xB97953,0xB9795B,0xB97970,0xB97982,0xB9798A,
  0xB97992,0xB979A4,0xB979B6,0xB979C8,0xB979D0,0xB979D8,0xB979EA,0xB979F2,0xB979FA,0xB97A0C,0xB97A1E,0xB97A30,
  0xB97A42,0xB97A4A,0xB97A52,0xB97A5A,0xB97A62,0xB97A6A,0xB97A72,0xB97A84,0xB97A8C,0xB97A94,0xB97A9F,0xB97AA7,
  0xB97ABE,0xB97AC6,0xB97AD8,0xB97AE0,0xB97AF2,0xB97B09,0xB97B21,0xB97B35,0xB97B49,0xB97B5B,0xB97B63,0xB97B75,
  0xB97B7D,0xB97B92,0xB97BA7,0xB97BB9,0xB97BC1,0xB97BE4,0xB97BF6,0xB97C0E,0xB97C20,0xB97C32,0xB97C3A,0xB97C4C,
  0xB97C5E,0xB97C66,0xB97C89,0xB97C91,0xB97CA3,0xB97CAB,0xB97CB6,0xB97CCB,0xB97CD3,0xB97CE5,0xB97CF9,0xB97D03,
  0xB97D1C,0xB97D2E,0xB97D40,0xB97D48,0xB97D5D,0xB97D6F,0xB97D87,0xB97D8F,0xB97D9A,0xB97DA5,0xB97DB0,0xB97DC5,
  0xB97DCD,0xB97DE2,0xB97DF7,0xB97E01,0xB97E1A,0xB97E22,0xB97E34,0xB97E46,0xB97E4E,0xB97E63,0xB97E7C,0xB97E9F,
  0xB97EB1,0xB97EC3,0xB97ED5,0xB97EE7,0xB97EEF,0xB97EF7,0xB97EFF,0xB97F07,0xB97F0F,0xB97F17,0xB97F1F,0xB97F27,
  0xB97F2F,0xB97F37,0xB97F3F,0xB97F47,0xB97F4F,0xB97F57,0xB97F5F,0xB97F67,0xB97F6F,0xB97F92,0xB97F9A,0xB97FA2,
  0xB97FAA,0xB97FB2,0xB97FBA,0xB97FC2,0xB97FCA,0xB97FD2,0xB97FDA,0xB97FE2,0xB97FEA,0xB97FF2,0xB98015,0xB9802D,
  0xB98035,0xB9803F,0xB98051,0xB98059,0xB9806E,0xB98082,0xB9808A,0xB98095,0xB980A0,0xB980AB,0xB980B6,0xB980C1,
  0xB980CC,0xB980D7,0xB980E2,0xB980ED,0xB980F8,0xB98103,0xB9810E,0xB98119,0xB98124,0xB9812F,0xB9813A,0xB98145,
  0xB98153,0xB98161,0xB9816F,0xB9817D,0xB9818B,0xB98199,0xB981A7,0xB981B5,0xB981C3,0xB981D1,0xB981DF,0xB981F7,
  0xB98209,0xB98211,0xB98225,0xB98230,0xB9823E,0xB9824C,0xB9825A,0xB98268,0xB98276,0xB9828E,0xB982A0,0xB982B2,
  0xB982BA,0xB982C5,0xB982D0,0xB982DB,0xB982E6,0xB982F1,0xB982FC,0xB98307,0xB98312,0xB9831D,0xB98328,0xB98333,
  0xB9833E,0xB98349,0xB98354,0xB9835F,0xB9836A,0xB98375,0xB98383,0xB98391,0xB9839F,0xB983AD,0xB983BB,0xB983C9,
  0xB983D7,0xB983E5,0xB983F3,0xB98401,0xB9840F,0xB98427,0xB9842F,0xB9843A,0xB98445,0xB98453,0xB98461,0xB9846F,
  0xB9847D,0xB9848B,0xB984A3,0xB984B5,0xB984C9,0xB984DB,0xB984ED,0xB984FF,0xB98514,0xB9851F,0xB98534,0xB98546,
  0xB9855E,0xB98570,0xB98585,0xB98597,0xB985A2,0xB985AD,0xB985BF,0xB985D1,0xB985D9,0xB985E3,0xB985EB,0xB98600,
  0xB98608,0xB98612,0xB9861A,0xB9862F,0xB98641,0xB98649,0xB9865D,0xB98671,0xB9867C,0xB9868E,0xB986A0,0xB986A8,
  0xB986BA,0xB986CC,0xB986D4,0xB986DF,0xB986EA,0xB986FF,0xB98717,0xB98729,0xB98731,0xB9873C,0xB98751,0xB9875C,
  0xB9876E,0xB98787,0xB987AA,0xB987BC,0xB987CE,0xB987E3,0xB987ED,0xB987F5,0xB987FF,0xB98809,0xB98813,0xB9881D,
  0xB98827,0xB98831,0xB9883B,0xB98845,0xB9884F,0xB98863,0xB9886B,0xB9887F,0xB98894,0xB9889C,0xB988A7,0xB988BC,
  0xB988CE,0xB988D6,0xB988E1,0xB988EC,0xB988F7,0xB98902,0xB98917,0xB98929,0xB9893B,0xB98946,0xB98951,0xB98966,
  0xB9897A,0xB98982,0xB9898D,0xB98998,0xB989A3,0xB989AE,0xB989B9,0xB989C4,0xB989D9,0xB989E1,0xB989F6,0xB989FE,
  0xB98A10,0xB98A25,0xB98A37,0xB98A3F,0xB98A4A,0xB98A5F,0xB98A71,0xB98A79,0xB98A8B,0xB98A96,0xB98AAB,0xB98ABD,
  0xB98AC5,0xB98AD7,0xB98AE9,0xB98AF1,0xB98B06,0xB98B1B,0xB98B23,0xB98B38,0xB98B4A,0xB98B5C,0xB98B64,0xB98B79,
  0xB98B8B,0xB98B95,0xB98B9D,0xB98BAF,0xB98BC1,0xB98BD3,0xB98BE5,0xB98BFA,0xB98C0C,0xB98C1E,0xB98C30,0xB98C42,
  0xB98C4A,0xB98C55,0xB98C60,0xB98C6B,0xB98C7F,0xB98C87,0xB98C92,0xB98C9D,0xB98CB2,0xB98CBA,0xB98CCE,0xB98CDB,
  0xB98CED,0xB98CFA,0xB98D0C,0xB98D19,0xB98D2B,0xB98D38,0xB98D4A,0xB98D5F,0xB98D67,0xB98D72,0xB98D7D,0xB98D88,
  0xB98DA0,0xB98DA8,0xB98DB0,0xB98DB8,0xB98DC0,0xB98DC8,0xB98DD0,0xB98DE2,0xB98DF4,0xB98DFF,0xB98E0A,0xB98E15,
  0xB98E2A,0xB98E3F,0xB98E47,0xB98E59,0xB98E61,0xB98E69,0xB98E71,0xB98E79,0xB98E81,0xB98E89,0xB98E91,0xB98E99,
  0xB98EA1,0xB98EB3,0xB98EBB,0xB98EC3,0xB98ECB,0xB98ED3,0xB98EF6,0xB98EFE,0xB98F06,0xB98F0E,0xB98F16,0xB98F1E,
  0xB98F26,0xB98F49,0xB98F51,0xB98F5C,0xB98F67,0xB98F7F,0xB98F98,0xB98FA0,0xB98FA8,0xB98FB0,0xB98FB8,0xB98FC0,
  0xB98FC8,0xB98FDA,0xB98FE2,0xB98FEA,0xB98FFC,0xB9900E,0xB99016,0xB9901E,0xB99026,0xB9902E,0xB99040,0xB99048,
  0xB99061,0xB99069,0xB9907F,0xB99087,0xB9908F,0xB99097,0xB9909F,0xB990A7,0xB990AF,0xB990B7,0xB990C2,0xB990D4,
  0xB990E8,0xB990FA,0xB99108,0xB99110,0xB9911D,0xB9912A,0xB99137,0xB99144,0xB99151,0xB9915E,0xB9916B,0xB99173,
  0xB99180,0xB99192,0xB991A4,0xB991B6,0xB991CA,0xB991D2,0xB991DD,0xB991E8,0xB991F3,0xB99208,0xB9921A,0xB9922E,
  0xB99236,0xB99241,0xB9924C,0xB99261,0xB99273,0xB99285,0xB99297,0xB992A9,0xB992C0,0xB992D8,0xB992E0,0xB992F5,
  0xB99307,0xB9930F,0xB99321,0xB99329,0xB9933B,0xB9934D,0xB9935F,0xB99371,0xB99389,0xB99393,0xB9939D,0xB993AF,
  0xB993B7,0xB993C9,0xB993DB,0xB993E3,0xB99401,0xB99409,0xB99414,0xB9942C,0xB99434,0xB99446,0xB99458,0xB9946A,
  0xB9947C,0xB9948E,0xB994B1,0xB994C3,0xB994CB,0xB994D3,0xB994DB,0xB994E3,0xB994EB,0xB994F3,0xB994FB,0xB99503,
  0xB9950B,0xB99513,0xB9951B,0xB99523,0xB9952B,0xB99533,0xB9953B,0xB99543,0xB9954B,0xB99553,0xB9955B,0xB99563,
  0xB9956B,0xB99573,0xB9957B,0xB99583,0xB9958B,0xB99593,0xB9959B,0xB995A3,0xB995AB,0xB995B5,0xB995D8,0xB995E0,
  0xB995F5,0xB99607,0xB9960F,0xB99617,0xB99621,0xB99644,0xB9964E,0xB99671,0xB99683,0xB9968B,0xB9969D,0xB996B1,
  0xB996B9,0xB996C1,0xB996C9,0xB996DB,0xB996E3,0xB996EB,0xB996FD,0xB99705,0xB9970D,0xB99730,0xB99738,0xB9974A,
  0xB9975C,0xB99764,0xB99776,0xB9977E,0xB99786,0xB99798,0xB997A0,0xB997A8,0xB997B0,0xB997B8,0xB997C0,0xB997C8,
  0xB997DA,0xB997E2,0xB997EA,0xB997F2,0xB997FA,0xB99802,0xB9980A,0xB99812,0xB99824,0xB99836,0xB99848,0xB9985A,
  0xB99862,0xB9986A,0xB99872,0xB9987A,0xB9988C,0xB99894,0xB9989C,0xB998A4,0xB998AC,0xB998B4,0xB998BC,0xB998C4,
  0xB998CC,0xB998D4,0xB998DC,0xB998E4,0xB998EC,0xB998F4,0xB998FC,0xB99904,0xB9990C,0xB99914,0xB99926,0xB99938,
  0xB99940,0xB99948,0xB9995A,0xB99962,0xB9996A,0xB9997C,0xB99984,0xB9998C,0xB9999E,0xB999B0,0xB999C2,0xB999D4,
  0xB999DC,0xB999E7,0xB999F2,0xB999FD,0xB99A08,0xB99A13,0xB99A1E,0xB99A29,0xB99A34,0xB99A56,0xB99A68,0xB99A70,
  0xB99A82,0xB99A94,0xB99AA6,0xB99AB8,0xB99ACD,0xB99ADF,0xB99AEA,0xB99AF5,0xB99B0A,0xB99B15,0xB99B20,0xB99B2B,
  0xB99B36,0xB99B4B,0xB99B56,0xB99B61,0xB99B6C,0xB99B81,0xB99B99,0xB99BA1,0xB99BA9,0xB99BB6,0xB99BCD,0xB99BD5,
  0xB99BE2,0xB99BEF,0xB99BF7,0xB99BFF,0xB99C11,0xB99C23,0xB99C2B,0xB99C36,0xB99C4B,0xB99C53,0xB99C68,0xB99C70,
  0xB99C7D,0xB99C8A,0xB99C92,0xB99CA4,0xB99CB6,0xB99CC8,0xB99CDA,0xB99CEC,0xB99CF4,0xB99D09,0xB99D1B,0xB99D23,
  0xB99D38,0xB99D40,0xB99D63,0xB99D6B,0xB99D8E,0xB99DA0,0xB99DB2,0xB99DC4,0xB99DD6,0xB99DE8,0xB99DF0,0xB99DFB,
  0xB99E10,0xB99E18,0xB99E2C,0xB99E37,0xB99E42,0xB99E4D,0xB99E58,0xB99E6D,0xB99E75,0xB99E87,0xB99E8F,0xB99E9A,
  0xB99EA5,0xB99EB0,0xB99EBB,0xB99EC6,0xB99ED1,0xB99EDB,0xB99EE3,0xB99EF5,0xB99EFF,0xB99F07,0xB99F19,0xB99F2B,
  0xB99F3D,0xB99F45,0xB99F4D,0xB99F5F,0xB99F69,0xB99F71,0xB99F83,0xB99F8D,0xB99F9F,0xB99FA9,0xB99FBB,0xB99FC5,
  0xB99FD7,0xB99FE1,0xB99FF3,0xB99FFB,0xB9A003,0xB9A00B,0xB9A015,0xB9A01D,0xB9A027,0xB9A02F,0xB9A039,0xB9A04B,
  0xB9A05D,0xB9A06F,0xB9A084,0xB9A08C,0xB9A09E,0xB9A0B2,0xB9A0BA,0xB9A0C5,0xB9A0D0,0xB9A0E5,0xB9A0ED,0xB9A0F8,
  0xB9A10D,0xB9A11F,0xB9A131,0xB9A149,0xB9A15E,0xB9A170,0xB9A189,0xB9A1AC,0xB9A1C5,0xB9A1E8,0xB9A20B,0xB9A213,
  0xB9A236,0xB9A23E,0xB9A261,0xB9A273,0xB9A27B,0xB9A286,0xB9A29B,0xB9A2A3,0xB9A2AB,0xB9A2B3,0xB9A2BB,0xB9A2CD,
  0xB9A2DF,0xB9A2E7,0xB9A2EF,0xB9A2F7,0xB9A2FF,0xB9A307,0xB9A30F,0xB9A317,0xB9A31F,0xB9A327,0xB9A32F,0xB9A337,
  0xB9A33F,0xB9A347,0xB9A34F,0xB9A361,0xB9A369,0xB9A37B,0xB9A38D,0xB9A395,0xB9A39D,0xB9A3A5,0xB9A3AD,0xB9A3B5,
  0xB9A3BD,0xB9A3C5,0xB9A3CD,0xB9A3D5,0xB9A3DD,0xB9A3E5,0xB9A3ED,0xB9A3F5,0xB9A3FD,0xB9A405,0xB9A40D,0xB9A415,
  0xB9A427,0xB9A42F,0xB9A437,0xB9A44C,0xB9A45E,0xB9A46B,0xB9A473,0xB9A480,0xB9A492,0xB9A49A,0xB9A4BD,0xB9A4C5,
  0xB9A4CD,0xB9A4D5,0xB9A4DD,0xB9A4E5,0xB9A4ED,0xB9A4F5,0xB9A4FD,0xB9A505,0xB9A50D,0xB9A515,0xB9A51D,0xB9A52F,
  0xB9A537,0xB9A53F,0xB9A547,0xB9A54F,0xB9A561,0xB9A573,0xB9A588,0xB9A59A,0xB9A5AC,0xB9A5B4,0xB9A5C6,0xB9A5CE,
  0xB9A5D6,0xB9A5DE,0xB9A5E6,0xB9A5EE,0xB9A5F6,0xB9A5FE,0xB9A606,0xB9A60E,0xB9A616,0xB9A628,0xB9A630,0xB9A638,
  0xB9A640,0xB9A652,0xB9A65A,0xB9A662,0xB9A66A,0xB9A672,0xB9A67A,0xB9A68C,0xB9A694,0xB9A69C,0xB9A6A4,0xB9A6AC,
  0xB9A6BE,0xB9A6C6,0xB9A6CE,0xB9A6D6,0xB9A6DE,0xB9A6E6,0xB9A6EE,0xB9A6F6,0xB9A6FE,0xB9A706,0xB9A70E,0xB9A716,
  0xB9A71E,0xB9A726,0xB9A72E,0xB9A740,0xB9A752,0xB9A764,0xB9A76C,0xB9A77A,0xB9A782,0xB9A794,0xB9A7A6,0xB9A7BE,
  0xB9A7C6,0xB9A7D4,0xB9A7DC,0xB9A7E4,0xB9A7EC,0xB9A7F4,0xB9A7FC,0xB9A804,0xB9A80C,0xB9A814,0xB9A81C,0xB9A824,
  0xB9A836,0xB9A83E,0xB9A846,0xB9A84E,0xB9A856,0xB9A85E,0xB9A866,0xB9A871,0xB9A87C,0xB9A887,0xB9A892,0xB9A89A,
  0xB9A8A2,0xB9A8AA,0xB9A8B2,0xB9A8BA,0xB9A8CC,0xB9A8D4,0xB9A8DC,0xB9A8E4,0xB9A8EC,0xB9A8F4,0xB9A8FC,0xB9A904,
  0xB9A916,0xB9A921,0xB9A936,0xB9A93E,0xB9A946,0xB9A94E,0xB9A956,0xB9A961,0xB9A96C,0xB9A97E,0xB9A990,0xB9A9A2,
  0xB9A9B4,0xB9A9BC,0xB9A9CE,0xB9A9E0,0xB9A9E8,0xB9A9FA,0xB9AA02,0xB9AA14,0xB9AA1F,0xB9AA2A,0xB9AA3F,0xB9AA47,
  0xB9AA5C,0xB9AA64,0xB9AA6C,0xB9AA85,0xB9AA8D,0xB9AAA6,0xB9AAB8,0xB9AACF,0xB9AAE1,0xB9AAE9,0xB9AAF1,0xB9AAF9,
  0xB9AB01,0xB9AB09,0xB9AB11,0xB9AB23,0xB9AB35,0xB9AB4D,0xB9AB55,0xB9AB6A,0xB9AB7C,0xB9AB84,0xB9AB96,0xB9ABA8,
  0xB9ABBA,0xB9ABCF,0xB9ABE1,0xB9ABE9,0xB9ABF4,0xB9ABFC,0xB9AC04,0xB9AC0C,0xB9AC14,0xB9AC26,0xB9AC2E,0xB9AC36,
  0xB9AC59,0xB9AC61,0xB9AC69,0xB9AC71,0xB9AC79,0xB9AC81,0xB9AC89,0xB9AC91,0xB9AC99,0xB9ACA1,0xB9ACA9,0xB9ACB1,
  0xB9ACB9,0xB9ACC1,0xB9ACC9,0xB9ACD4,0xB9ACDC,0xB9ACE4,0xB9ACEC,0xB9ACF7,0xB9ACFF,0xB9AD07,0xB9AD0F,0xB9AD17,
  0xB9AD1F,0xB9AD34,0xB9AD3C,0xB9AD47,0xB9AD4F,0xB9AD57,0xB9AD5F,0xB9AD67,0xB9AD6F,0xB9AD77,0xB9AD89,0xB9AD9E,
  0xB9ADB0,0xB9ADC2,0xB9ADCA,0xB9ADD5,0xB9ADDD,0xB9ADE8,0xB9ADF3,0xB9AE05,0xB9AE17,0xB9AE29,0xB9AE3B,0xB9AE52,
  0xB9AE5A,0xB9AE6F,0xB9AE77,0xB9AE95,0xB9AE9D,0xB9AEAF,0xB9AEB7,0xB9AED5,0xB9AEE9,0xB9AEFD,0xB9AF05,0xB9AF0D,
  0xB9AF30,0xB9AF38,0xB9AF5B,0xB9AF63,0xB9AF86,0xB9AF98,0xB9AFA0,0xB9AFA8,0xB9AFB0,0xB9AFC2,0xB9AFCA,0xB9AFD2,
  0xB9AFDA,0xB9AFEC,0xB9AFFE,0xB9B010,0xB9B018,0xB9B02A,0xB9B03C,0xB9B044,0xB9B04F,0xB9B05A,0xB9B062,0xB9B06A,
  0xB9B072,0xB9B084,0xB9B08C,0xB9B0A1,0xB9B0A9,0xB9B0B1,0xB9B0CA,0xB9B0D2,0xB9B0E4,0xB9B0EC,0xB9B0FE,0xB9B106,
  0xB9B10E,0xB9B120,0xB9B128,0xB9B13A,0xB9B142,0xB9B14A,0xB9B15C,0xB9B169,0xB9B171,0xB9B17E,0xB9B18B,0xB9B193,
  0xB9B19B,0xB9B1A8,0xB9B1BA,0xB9B1CC,0xB9B1D4,0xB9B1E2,0xB9B1F0,0xB9B202,0xB9B20A,0xB9B22D,0xB9B235,0xB9B23D,
  0xB9B245,0xB9B257,0xB9B25F,0xB9B26D,0xB9B27B,0xB9B283,0xB9B28B,0xB9B293,0xB9B29B,0xB9B2A3,0xB9B2AB,0xB9B2B3,
  0xB9B2C5,0xB9B2D9,0xB9B2EB,0xB9B2FD,0xB9B30F,0xB9B321,0xB9B339,0xB9B34B,0xB9B35D,0xB9B36F,0xB9B381,0xB9B393,
  0xB9B3AB,0xB9B3BD,0xB9B3CF,0xB9B3D7,0xB9B3E2,0xB9B3F7,0xB9B3FF,0xB9B411,0xB9B423,0xB9B42B,0xB9B436,0xB9B44B,
  0xB9B453,0xB9B468,0xB9B480,0xB9B488,0xB9B4A6,0xB9B4AE,0xB9B4C0,0xB9B4C8,0xB9B4DA,0xB9B4E2,0xB9B4F4,0xB9B509,
  0xB9B520,0xB9B532,0xB9B544,0xB9B556,0xB9B568,0xB9B580,0xB9B592,0xB9B5A4,0xB9B5AF,0xB9B5C4,0xB9B5CC,0xB9B5E1,
  0xB9B5E9,0xB9B5F3,0xB9B605,0xB9B610,0xB9B625,0xB9B630,0xB9B63B,0xB9B646,0xB9B65B,0xB9B670,0xB9B678,0xB9B69B,
  0xB9B6A3,0xB9B6AB,0xB9B6BD,0xB9B6C5,0xB9B6CD,0xB9B6DF,0xB9B6E7,0xB9B6EF,0xB9B6F7,0xB9B709,0xB9B71B,0xB9B733,
  0xB9B73B,0xB9B743,0xB9B74B,0xB9B753,0xB9B765,0xB9B76D,0xB9B77F,0xB9B787,0xB9B799,0xB9B7A4,0xB9B7AC,0xB9B7B4,
  0xB9B7BC,0xB9B7C4,0xB9B7CC,0xB9B7D4,0xB9B7DC,0xB9B7E7,0xB9B7EF,0xB9B7F7,0xB9B7FF,0xB9B807,0xB9B80F,0xB9B81A,
  0xB9B822,0xB9B82D,0xB9B835,0xB9B83D,0xB9B845,0xB9B84D,0xB9B855,0xB9B85D,0xB9B865,0xB9B86D,0xB9B878,0xB9B880,
  0xB9B88B,0xB9B893,0xB9B89B,0xB9B8A6,0xB9B8AE,0xB9B8B6,0xB9B8C1,0xB9B8CC,0xB9B8DE,0xB9B8E6,0xB9B8F8,0xB9B900,
  0xB9B908,0xB9B910,0xB9B922,0xB9B92A,0xB9B93C,0xB9B94E,0xB9B960,0xB9B978,0xB9B98A,0xB9B992,0xB9B99A,0xB9B9A2,
  0xB9B9B4,0xB9B9C6,0xB9B9CE,0xB9B9D9,0xB9B9EE,0xB9B9F6,0xB9BA0B,0xB9BA1D,0xB9BA35,0xB9BA47,0xB9BA4F,0xB9BA57,
  0xB9BA5F,0xB9BA71,0xB9BA83,0xB9BA8B,0xB9BAA0,0xB9BAB2,0xB9BACA,0xB9BADC,0xB9BAE4,0xB9BAEC,0xB9BAF4,0xB9BB06,
  0xB9BB0E,0xB9BB23,0xB9BB35,0xB9BB4D,0xB9BB5F,0xB9BB67,0xB9BB6F,0xB9BB77,0xB9BB8C,0xB9BB9E,0xB9BBA8,0xB9BBBC,
  0xB9BBCE,0xB9BBE0,0xB9BBE8,0xB9BBF3,0xB9BBFE,0xB9BC09,0xB9BC14,0xB9BC1F,0xB9BC37,0xB9BC4F,0xB9BC57,0xB9BC5F,
  0xB9BC71,0xB9BC83,0xB9BC95,0xB9BCA9,0xB9BCBB,0xB9BCCD,0xB9BCDF,0xB9BCE7,0xB9BCEF,0xB9BCF7,0xB9BCFF,0xB9BD07,
  0xB9BD0F,0xB9BD17,0xB9BD1F,0xB9BD27,0xB9BD2F,0xB9BD37,0xB9BD3F,0xB9BD47,0xB9BD4F,0xB9BD63,0xB9BD6B,0xB9BD73,
  0xB9BD7B,0xB9BD88,0xB9BD90,0xB9BD98,0xB9BDAA,0xB9BDB2,0xB9BDD0,0xB9BDDD,0xB9BDF4,0xB9BE06,0xB9BE0E,0xB9BE20,
  0xB9BE37,0xB9BE3F,0xB9BE47,0xB9BE59,0xB9BE64,0xB9BE6F,0xB9BE7A,0xB9BE82,0xB9BE8A,0xB9BE95,0xB9BE9D,0xB9BEA8,
  0xB9BEB0,0xB9BEBB,0xB9BEC3,0xB9BECE,0xB9BED6,0xB9BEDE,0xB9BEE9,0xB9BEFE,0xB9BF06,0xB9BF1B,0xB9BF25,0xB9BF2F,
  0xB9BF39,0xB9BF43,0xB9BF4D,0xB9BF61,0xB9BF76,0xB9BF8E,0xB9BF96,0xB9BFA1,0xB9BFAC,0xB9BFB7,0xB9BFCC,0xB9BFE5,
  0xB9C008,0xB9C01A,0xB9C024,0xB9C02C,0xB9C034,0xB9C03C,0xB9C044,0xB9C04C,0xB9C05E,0xB9C066,0xB9C07B,0xB9C083,
  0xB9C08E,0xB9C0A3,0xB9C0AB,0xB9C0B3,0xB9C0BB,0xB9C0C3,0xB9C0CE,0xB9C0D6,0xB9C0E8,0xB9C0FD,0xB9C105,0xB9C110,
  0xB9C11B,0xB9C126,0xB9C131,0xB9C13C,0xB9C14A,0xB9C158,0xB9C170,0xB9C182,0xB9C18A,0xB9C19F,0xB9C1B7,0xB9C1CC,
  0xB9C1D4,0xB9C1E9,0xB9C1FB,0xB9C203,0xB9C215,0xB9C227,0xB9C22F,0xB9C243,0xB9C24B,0xB9C256,0xB9C26B,0xB9C273,
  0xB9C288,0xB9C29A,0xB9C2A2,0xB9C2B7,0xB9C2C9,0xB9C2DB,0xB9C2E3,0xB9C303,0xB9C30B,0xB9C313,0xB9C31D,0xB9C32F,
  0xB9C337,0xB9C33F,0xB9C351,0xB9C363,0xB9C375,0xB9C37D,0xB9C38F,0xB9C3A1,0xB9C3B9,0xB9C3CE,0xB9C3D6,0xB9C3DE,
  0xB9C3F0,0xB9C3F8,0xB9C400,0xB9C408,0xB9C410,0xB9C418,0xB9C42A,0xB9C43C,0xB9C44E,0xB9C460,0xB9C468,0xB9C47A,
  0xB9C485,0xB9C48D,0xB9C495,0xB9C49D,0xB9C4A7,0xB9C4AF,0xB9C4C1,0xB9C4C9,0xB9C4DE,0xB9C4F3,0xB9C505,0xB9C517,
  0xB9C529,0xB9C53D,0xB9C545,0xB9C550,0xB9C55B,0xB9C570,0xB9C582,0xB9C58A,0xB9C5A8,0xB9C5BD,0xB9C5D5,0xB9C5E7,
  0xB9C5F9,0xB9C60B,0xB9C61D,0xB9C632,0xB9C644,0xB9C64C,0xB9C661,0xB9C669,0xB9C671,0xB9C67B,0xB9C69E,0xB9C6B0,
  0xB9C6C2,0xB9C6D4,0xB9C6ED,0xB9C702,0xB9C71A,0xB9C72C,0xB9C73E,0xB9C750,0xB9C762,0xB9C76A,0xB9C772,0xB9C784,
  0xB9C796,0xB9C7AB,0xB9C7BD,0xB9C7E0,0xB9C7E8,0xB9C7F2,0xB9C7FC,0xB9C806,0xB9C829,0xB9C831,0xB9C83B,0xB9C84F,
  0xB9C857,0xB9C86B,0xB9C87F,0xB9C893,0xB9C8A7,0xB9C8B2,0xB9C8C7,0xB9C8CF,0xB9C8DA,0xB9C8E5,0xB9C8F0,0xB9C8FB,
  0xB9C906,0xB9C91B,0xB9C92F,0xB9C937,0xB9C94C,0xB9C960,0xB9C972,0xB9C995,0xB9C99D,0xB9C9A7,0xB9C9CA,0xB9C9DC,
  0xB9C9EE,0xB9CA00,0xB9CA0B,0xB9CA16,0xB9CA21,0xB9CA2C,0xB9CA37,0xB9CA42,0xB9CA4D,0xB9CA58,0xB9CA63,0xB9CA78,
  0xB9CA82,0xB9CAA5,0xB9CAB0,0xB9CABB,0xB9CAC6,0xB9CAD1,0xB9CADC,0xB9CAE7,0xB9CAF2,0xB9CAFD,0xB9CB08,0xB9CB13,
  0xB9CB1B,0xB9CB23,0xB9CB2B,0xB9CB33,0xB9CB3B,0xB9CB43,0xB9CB4B,0xB9CB53,0xB9CB5B,0xB9CB63,0xB9CB6B,0xB9CB73,
  0xB9CB7B,0xB9CB83,0xB9CB8B,0xB9CB93,0xB9CB9B,0xB9CBA3,0xB9CBAB,0xB9CBB3,0xB9CBC5,0xB9CBD9,0xB9CBEB,0xB9CBFD,
  0xB9CC05,0xB9CC17,0xB9CC29,0xB9CC3E,0xB9CC46,0xB9CC5B,0xB9CC63,0xB9CC75,0xB9CC7D,0xB9CC8F,0xB9CCA1,0xB9CCA9,
  0xB9CCC0,0xB9CCD2,0xB9CCE4,0xB9CCF6,0xB9CCFE,0xB9CD09,0xB9CD14,0xB9CD1F,0xB9CD2A,0xB9CD35,0xB9CD4D,0xB9CD55,
  0xB9CD5D,0xB9CD67,0xB9CD6F,0xB9CD77,0xB9CD81,0xB9CD89,0xB9CD91,0xB9CD99,0xB9CDAB,0xB9CDB3,0xB9CDC5,0xB9CDCD,
  0xB9CDDF,0xB9CDF1,0xB9CE03,0xB9CE0B,0xB9CE13,0xB9CE25,0xB9CE2D,0xB9CE35,0xB9CE3D,0xB9CE4F,0xB9CE57,0xB9CE5F,
  0xB9CE67,0xB9CE6F,0xB9CE77,0xB9CE89,0xB9CE9B,0xB9CEA3,0xB9CEAB,0xB9CEBD,0xB9CEC5,0xB9CECD,0xB9CEDF,0xB9CEE7,
  0xB9CEEF,0xB9CEF7,0xB9CF09,0xB9CF11,0xB9CF19,0xB9CF21,0xB9CF33,0xB9CF3B,0xB9CF4D,0xB9CF55,0xB9CF5D,0xB9CF65,
  0xB9CF6D,0xB9CF7F,0xB9CF91,0xB9CFA3,0xB9CFAB,0xB9CFB3,0xB9CFBB,0xB9CFC8,0xB9CFD0,0xB9CFDD,0xB9CFEF,0xB9D001,
  0xB9D009,0xB9D011,0xB9D023,0xB9D02B,0xB9D033,0xB9D045,0xB9D04D,0xB9D055,0xB9D05D,0xB9D065,0xB9D06D,0xB9D075,
  0xB9D07D,0xB9D085,0xB9D08D,0xB9D095,0xB9D09D,0xB9D0A5,0xB9D0AD,0xB9D0B5,0xB9D0BD,0xB9D0C5,0xB9D0CD,0xB9D0D5,
  0xB9D0DD,0xB9D0E5,0xB9D0F7,0xB9D0FF,0xB9D107,0xB9D10F,0xB9D121,0xB9D129,0xB9D131,0xB9D139,0xB9D141,0xB9D149,
  0xB9D15B,0xB9D163,0xB9D175,0xB9D17D,0xB9D185,0xB9D18D,0xB9D19F,0xB9D1B1,0xB9D1B9,0xB9D1CB,0xB9D1D3,0xB9D1DE,
  0xB9D1E9,0xB9D1F7,0xB9D205,0xB9D213,0xB9D22B,0xB9D239,0xB9D247,0xB9D24F,0xB9D257,0xB9D269,0xB9D271,0xB9D27C,
  0xB9D287,0xB9D295,0xB9D2A3,0xB9D2B1,0xB9D2C9,0xB9D2E1,0xB9D2F3,0xB9D2FB,0xB9D30D,0xB9D315,0xB9D327,0xB9D32F,
  0xB9D337,0xB9D33F,0xB9D347,0xB9D34F,0xB9D357,0xB9D35F,0xB9D367,0xB9D36F,0xB9D377,0xB9D389,0xB9D391,0xB9D399,
  0xB9D3A1,0xB9D3A9,0xB9D3B1,0xB9D3B9,0xB9D3C1,0xB9D3C9,0xB9D3D1,0xB9D3D9,0xB9D3E1,0xB9D3E9,0xB9D3F4,0xB9D3FE,
  0xB9D417,0xB9D41F,0xB9D431,0xB9D443,0xB9D455,0xB9D45D,0xB9D473,0xB9D481,0xB9D48F,0xB9D49D,0xB9D4AB,0xB9D4B9,
  0xB9D4CB,0xB9D4DD,0xB9D4E5,0xB9D4F7,0xB9D4FF,0xB9D507,0xB9D519,0xB9D52B,0xB9D533,0xB9D545,0xB9D557,0xB9D569,
  0xB9D571,0xB9D594,0xB9D5A6,0xB9D5B0,0xB9D5B8,0xB9D5C0,0xB9D5D2,0xB9D5E4,0xB9D5EC,0xB9D5F4,0xB9D5FC,0xB9D604,
  0xB9D60C,0xB9D614,0xB9D61C,0xB9D62E,0xB9D640,0xB9D652,0xB9D664,0xB9D66C,0xB9D67A,0xB9D688,0xB9D696,0xB9D6A4,
  0xB9D6B2,0xB9D6C0,0xB9D6C8,0xB9D6D0,0xB9D6D8,0xB9D6E0,0xB9D6E8,0xB9D6F0,0xB9D6F8,0xB9D700,0xB9D708,0xB9D710,
  0xB9D718,0xB9D72A,0xB9D732,0xB9D744,0xB9D74C,0xB9D75E,0xB9D766,0xB9D76E,0xB9D780,0xB9D788,0xB9D790,0xB9D7A2,
  0xB9D7AA,0xB9D7B2,0xB9D7CB,0xB9D7E4,0xB9D7EC,0xB9D7FE,0xB9D806,0xB9D818,0xB9D820,0xB9D828,0xB9D830,0xB9D842,
  0xB9D84A,0xB9D85F,0xB9D867,0xB9D87F,0xB9D891,0xB9D899,0xB9D8A1,0xB9D8B3,0xB9D8C5,0xB9D8CD,0xB9D8E8,0xB9D900,
  0xB9D908,0xB9D92D,0xB9D93F,0xB9D951,0xB9D959,0xB9D961,0xB9D97A,0xB9D98C,0xB9D9A4,0xB9D9B6,0xB9D9BE,0xB9D9D0,
  0xB9D9D8,0xB9D9E0,0xB9D9E8,0xB9D9FA,0xB9DA1C,0xB9DA24,0xB9DA2F,0xB9DA3A,0xB9DA45,0xB9DA59,0xB9DA61,0xB9DA84,
  0xB9DA8C,0xB9DA9E,0xB9DAA6,0xB9DAAE,0xB9DAB6,0xB9DABE,0xB9DAC6,0xB9DACE,0xB9DAE0,0xB9DAE8,0xB9DAFA,0xB9DB02,
  0xB9DB17,0xB9DB29,0xB9DB31,0xB9DB39,0xB9DB41,0xB9DB49,0xB9DB5B,0xB9DB63,0xB9DB7B,0xB9DB83,0xB9DBA6,0xB9DBAE,
  0xB9DBB8,0xB9DBC0,0xB9DBCB,0xB9DBD3,0xB9DBE5,0xB9DBED,0xB9DBFF,0xB9DC11,0xB9DC19,0xB9DC24,0xB9DC2F,0xB9DC44,
  0xB9DC56,0xB9DC63,0xB9DC6B,0xB9DC78,0xB9DC80,0xB9DC8D,0xB9DC95,0xB9DCA2,0xB9DCB4,0xB9DCC6,0xB9DCD8,0xB9DCEA,
  0xB9DCFC,0xB9DD04,0xB9DD0C,0xB9DD1E,0xB9DD26,0xB9DD2E,0xB9DD36,0xB9DD48,0xB9DD5A,0xB9DD6C,0xB9DD74,0xB9DD97,
  0xB9DD9F,0xB9DDA7,0xB9DDCA,0xB9DDD2,0xB9DDDA,0xB9DDE2,0xB9DDEA,0xB9DE0D,0xB9DE15,0xB9DE1D,0xB9DE25,0xB9DE48,
  0xB9DE5A,0xB9DE6C,0xB9DE74,0xB9DE7C,0xB9DE84,0xB9DE9D,0xB9DEA5,0xB9DEAD,0xB9DEBF,0xB9DEC7,0xB9DECF,0xB9DEE1,
  0xB9DEF3,0xB9DEFB,0xB9DF03,0xB9DF1C,0xB9DF24,0xB9DF36,0xB9DF3E,0xB9DF57,0xB9DF69,0xB9DF71,0xB9DF8A,0xB9DF9C,
  0xB9DFA4,0xB9DFB6,0xB9DFC8,0xB9DFDA,0xB9DFF1,0xB9E003,0xB9E00B,0xB9E020,0xB9E032,0xB9E03A,0xB9E045,0xB9E050,
  0xB9E05B,0xB9E066,0xB9E071,0xB9E07C,0xB9E087,0xB9E092,0xB9E0AA,0xB9E0C1,0xB9E0D3,0xB9E0EA,0xB9E0F2,0xB9E107,
  0xB9E11C,0xB9E133,0xB9E13E,0xB9E150,0xB9E167,0xB9E17C,0xB9E187,0xB9E192,0xB9E19A,0xB9E1A5,0xB9E1B2,0xB9E1BD,
  0xB9E1D4,0xB9E1DC,0xB9E1F1,0xB9E1F9,0xB9E20E,0xB9E225,0xB9E237,0xB9E23F,0xB9E247,0xB9E24F,0xB9E257,0xB9E25F,
  0xB9E271,0xB9E288,0xB9E29A,0xB9E2A2,0xB9E2AD,0xB9E2B8,0xB9E2C3,0xB9E2CE,0xB9E2D9,0xB9E2EE,0xB9E2F6,0xB9E301,
  0xB9E30C,0xB9E317,0xB9E322,0xB9E32D,0xB9E338,0xB9E34D,0xB9E355,0xB9E360,0xB9E36B,0xB9E376,0xB9E381,0xB9E38C,
  0xB9E3A1,0xB9E3A9,0xB9E3B4,0xB9E3BF,0xB9E3CA,0xB9E3D5,0xB9E3EA,0xB9E3F2,0xB9E407,0xB9E419,0xB9E430,0xB9E438,
  0xB9E44D,0xB9E45F,0xB9E467,0xB9E479,0xB9E48B,0xB9E4A2,0xB9E4B7,0xB9E4C9,0xB9E4D1,0xB9E4E6,0xB9E4F3,0xB9E4FB,
  0xB9E508,0xB9E510,0xB9E522,0xB9E52F,0xB9E53C,0xB9E551,0xB9E559,0xB9E56B,0xB9E576,0xB9E581,0xB9E593,0xB9E5AA,
  0xB9E5BC,0xB9E5CE,0xB9E5E0,0xB9E5E8,0xB9E5F0,0xB9E5F8,0xB9E600,0xB9E608,0xB9E61A,0xB9E622,0xB9E62A,0xB9E63D,
  0xB9E650,0xB9E65B,0xB9E670,0xB9E678,0xB9E68A,0xB9E6A2,0xB9E6AA,0xB9E6C2,0xB9E6D9,0xB9E6EB,0xB9E6FE,0xB9E710,
  0xB9E718,0xB9E720,0xB9E732,0xB9E73A,0xB9E74F,0xB9E757,0xB9E762,0xB9E777,0xB9E789,0xB9E7A0,0xB9E7B7,0xB9E7CE,
  0xB9E7E0,0xB9E7E8,0xB9E7FD,0xB9E80F,0xB9E821,0xB9E838,0xB9E84F,0xB9E861,0xB9E878,0xB9E88A,0xB9E892,0xB9E8A7,
  0xB9E8BE,0xB9E8D5,0xB9E8E7,0xB9E8FD,0xB9E91D,0xB9E92F,0xB9E946,0xB9E94E,0xB9E963,0xB9E97A,0xB9E982,0xB9E997,
  0xB9E9A9,0xB9E9B1,0xB9E9BC,0xB9E9C4,0xB9E9CF,0xB9E9DA,0xB9E9E2,0xB9E9F4,0xB9EA0B,0xB9EA1D,0xB9EA34,0xB9EA46,
  0xB9EA59,0xB9EA6B,0xB9EA7D,0xB9EA94,0xB9EA9C,0xB9EAA4,0xB9EAAC,0xB9EABE,0xB9EAC6,0xB9EACE,0xB9EAD6,0xB9EAE8,
  0xB9EAF0,0xB9EAFB,0xB9EB10,0xB9EB22,0xB9EB39,0xB9EB41,0xB9EB56,0xB9EB68,0xB9EB7A,0xB9EB82,0xB9EB8D,0xB9EB98,
  0xB9EBAD,0xB9EBBF,0xB9EBD6,0xB9EBE8,0xB9EBF0,0xB9EC05,0xB9EC1C,0xB9EC2E,0xB9EC36,0xB9EC4C,0xB9EC64,0xB9EC86,
  0xB9EC98,0xB9ECA0,0xB9ECB2,0xB9ECC4,0xB9ECDB,0xB9ECED,0xB9ED04,0xB9ED0C,0xB9ED2A,0xB9ED3C,0xB9ED53,0xB9ED5B,
  0xB9ED66,0xB9ED7B,0xB9ED8D,0xB9EDA4,0xB9EDBB,0xB9EDCD,0xB9EDE4,0xB9EDF6,0xB9EE16,0xB9EE2E,0xB9EE44,0xB9EE4E,
  0xB9EE56,0xB9EE5E,0xB9EE66,0xB9EE6E,0xB9EE80,0xB9EE92,0xB9EEA4,0xB9EEAC,0xB9EEBA,0xB9EEC8,0xB9EED6,0xB9EEE4,
  0xB9EEFC,0xB9EF04,0xB9EF12,0xB9EF20,0xB9EF2E,0xB9EF46,0xB9EF4E,0xB9EF60,0xB9EF77,0xB9EF8E,0xB9EFA0,0xB9EFAA,
  0xB9EFB2,0xB9EFBA,0xB9EFC2,0xB9EFD4,0xB9EFEB,0xB9F002,0xB9F017,0xB9F02C,0xB9F034,0xB9F049,0xB9F05B,0xB9F06D,
  0xB9F085,0xB9F097,0xB9F0A9,0xB9F0BB,0xB9F0C3,0xB9F0D5,0xB9F0DD,0xB9F0E8,0xB9F0F3,0xB9F0FE,0xB9F109,0xB9F114,
  0xB9F12C,0xB9F143,0xB9F155,0xB9F15D,0xB9F168,0xB9F173,0xB9F17E,0xB9F189,0xB9F194,0xB9F19F,0xB9F1B7,0xB9F1BF,
  0xB9F1CA,0xB9F1D5,0xB9F1E0,0xB9F1EB,0xB9F200,0xB9F208,0xB9F213,0xB9F21B,0xB9F230,0xB9F238,0xB9F240,0xB9F248,
  0xB9F25A,0xB9F262,0xB9F26A,0xB9F27C,0xB9F284,0xB9F296,0xB9F29E,0xB9F2A6,0xB9F2AE,0xB9F2C0,0xB9F2C8,0xB9F2DA,
  0xB9F2F1,0xB9F303,0xB9F31A,0xB9F32C,0xB9F33E,0xB9F356,0xB9F368,0xB9F37A,0xB9F38C,0xB9F39E,0xB9F3B5,0xB9F3C7,
  0xB9F3D9,0xB9F3E1,0xB9F3EF,0xB9F3FD,0xB9F40B,0xB9F423,0xB9F42B,0xB9F439,0xB9F447,0xB9F45F,0xB9F467,0xB9F47F,
  0xB9F487,0xB9F499,0xB9F4AB,0xB9F4BF,0xB9F4D6,0xB9F4E0,0xB9F4F4,0xB9F508,0xB9F513,0xB9F52A,0xB9F532,0xB9F547,
  0xB9F559,0xB9F561,0xB9F569,0xB9F57B,0xB9F58D,0xB9F59F,0xB9F5B1,0xB9F5C3,0xB9F5D5,0xB9F5DF,0xB9F5F1,0xB9F5F9,
  0xB9F607,0xB9F615,0xB9F623,0xB9F631,0xB9F63F,0xB9F64D,0xB9F65B,0xB9F669,0xB9F677,0xB9F685,0xB9F699,0xB9F6B0,
  0xB9F6B8,0xB9F6C6,0xB9F6D4,0xB9F6E2,0xB9F6F0,0xB9F6FE,0xB9F70C,0xB9F71A,0xB9F728,0xB9F736,0xB9F74E,0xB9F760,
  0xB9F775,0xB9F78A,0xB9F79C,0xB9F7B3,0xB9F7C5,0xB9F7D7,0xB9F7E9,0xB9F7F1,0xB9F7F9,0xB9F810,0xB9F818,0xB9F820,
  0xB9F832,0xB9F84A,0xB9F85C,0xB9F864,0xB9F876,0xB9F888,0xB9F890,0xB9F89E,0xB9F8AC,0xB9F8BA,0xB9F8C8,0xB9F8D6,
  0xB9F8E4,0xB9F8F2,0xB9F900,0xB9F90E,0xB9F91C,0xB9F92A,0xB9F938,0xB9F950,0xB9F958,0xB9F966,0xB9F974,0xB9F982,
  0xB9F990,0xB9F99E,0xB9F9B6,0xB9F9BE,0xB9F9C6,0xB9F9CE,0xB9F9E0,0xB9F9F7,0xB9FA09,0xB9FA20,0xB9FA32,0xB9FA44,
  0xB9FA4C,0xB9FA54,0xB9FA66,0xB9FA78,0xB9FA8A,0xB9FAA1,0xB9FAB3,0xB9FABB,0xB9FAC3,0xB9FAD5,0xB9FAE7,0xB9FAFC,
  0xB9FB0E,0xB9FB16,0xB9FB2E,0xB9FB40,0xB9FB57,0xB9FB69,0xB9FB80,0xB9FB88,0xB9FB96,0xB9FBB8,0xB9FBCA,0xB9FBD2,
  0xB9FBE0,0xB9FBEE,0xB9FC06,0xB9FC1D,0xB9FC25,0xB9FC33,0xB9FC4B,0xB9FC58,0xB9FC60,0xB9FC72,0xB9FC7A,0xB9FC88,
  0xB9FCA0,0xB9FCA8,0xB9FCC0,0xB9FCD2,0xB9FCE9,0xB9FCF1,0xB9FCFF,0xB9FD0D,0xB9FD25,0xB9FD32,0xB9FD44,0xB9FD56,
  0xB9FD68,0xB9FD70,0xB9FD88,0xB9FD9F,0xB9FDB1,0xB9FDC8,0xB9FDDA,0xB9FDEC,0xB9FDFE,0xB9FE15,0xB9FE29,0xB9FE3E,
  0xB9FE46,0xB9FE4E,0xB9FE56,0xB9FE6B,0xB9FE82,0xB9FE94,0xB9FEA6,0xB9FEAE,0xB9FEC3,0xB9FECB,0xB9FED3,0xB9FEDB,
  0xB9FEED,0xB9FF04,0xB9FF16,0xB9FF28,0xB9FF30,0xB9FF38,0xB9FF40,0xB9FF48,0xB9FF50,0xB9FF62,0xB9FF79,0xB9FF8B,
  0xB9FFA2,0xB9FFAA,0xB9FFBC,0xB9FFC4,0xB9FFD9,0xB9FFEB,0xB9FFF3,0xBA000B,0xBA001D,0xBA0025,0xBA0033,0xBA004B,
  0xBA0053,0xBA006B,0xBA0078,0xBA0082,0xBA0094,0xBA00AC,0xBA00BE,0xBA00D0,0xBA00E2,0xBA00F9,0xBA010B,0xBA011D,
  0xBA0128,0xBA0130,0xBA0138,0xBA0140,0xBA0152,0xBA0169,0xBA017B,0xBA018D,0xBA019F,0xBA01B6,0xBA01C8,0xBA01DA,
  0xBA01F1,0xBA0208,0xBA021A,0xBA0231,0xBA0248,0xBA025A,0xBA0262,0xBA0274,0xBA0286,0xBA029D,0xBA02AF,0xBA02C6,
  0xBA02D8,0xBA02E0,0xBA02E8,0xBA02FD,0xBA0314,0xBA0326,0xBA033D,0xBA0356,0xBA036F,0xBA0388,0xBA03A1,0xBA03A9,
  0xBA03B1,0xBA03B9,0xBA03C4,0xBA03D6,0xBA03ED,0xBA03F5,0xBA040A,0xBA041C,0xBA0424,0xBA0439,0xBA0450,0xBA0462,
  0xBA046A,0xBA0472,0xBA047A,0xBA0482,0xBA0494,0xBA049C,0xBA04A7,0xBA04B2,0xBA04C7,0xBA04CF,0xBA04DA,0xBA04EF,
  0xBA0506,0xBA0518,0xBA052F,0xBA0546,0xBA0558,0xBA056F,0xBA0581,0xBA0598,0xBA05AF,0xBA05C1,0xBA05D8,0xBA05E0,
  0xBA05EB,0xBA0600,0xBA0608,0xBA061D,0xBA062F,0xBA0646,0xBA065D,0xBA0672,0xBA0689,0xBA06A0,0xBA06B7,0xBA06CE,
  0xBA06E0,0xBA06F7,0xBA070E,0xBA0725,0xBA0737,0xBA074E,0xBA0760,0xBA0777,0xBA078E,0xBA0796,0xBA07AC,0xBA07CE,
  0xBA07D6,0xBA07E1,0xBA07F9,0xBA081B,0xBA0832,0xBA083A,0xBA0845,0xBA085D,0xBA0875,0xBA0897,0xBA08A9,0xBA08C0,
  0xBA08D2,0xBA08E4,0xBA08FB,0xBA0912,0xBA0924,0xBA092C,0xBA0936,0xBA0940,0xBA0954,0xBA095C,0xBA0970,0xBA0982,
  0xBA098A,0xBA0994,0xBA099E,0xBA09A8,0xBA09B2,0xBA09C6,0xBA09DA,0xBA09EF,0xBA09F7,0xBA0A19,0xBA0A30,0xBA0A38,
  0xBA0A40,0xBA0A48,0xBA0A50,0xBA0A58,0xBA0A60,0xBA0A68,0xBA0A70,0xBA0A78,0xBA0A80,0xBA0A92,0xBA0A9A,0xBA0AA5,
  0xBA0AAD,0xBA0AB5,0xBA0AC7,0xBA0ADE,0xBA0AE6,0xBA0B06,0xBA0B18,0xBA0B2F,0xBA0B46,0xBA0B58,0xBA0B60,0xBA0B77,
  0xBA0B89,0xBA0B91,0xBA0BA6,0xBA0BAE,0xBA0BC3,0xBA0BDA,0xBA0BE2,0xBA0BF7,0xBA0BFF,0xBA0C14,0xBA0C1C,0xBA0C31,
  0xBA0C48,0xBA0C5A,0xBA0C71,0xBA0C83,0xBA0C98,0xBA0CB0,0xBA0CBD,0xBA0CCF,0xBA0CDC,0xBA0CE7,0xBA0CF9,0xBA0D0B,
  0xBA0D1D,0xBA0D25,0xBA0D3A,0xBA0D51,0xBA0D59,0xBA0D64,0xBA0D79,0xBA0D8B,0xBA0DA2,0xBA0DB5,0xBA0DCA,0xBA0DDC,
  0xBA0DE4,0xBA0DF9,0xBA0E0B,0xBA0E22,0xBA0E2A,0xBA0E3F,0xBA0E51,0xBA0E68,0xBA0E7D,0xBA0E85,0xBA0E8D,0xBA0E98,
  0xBA0EA0,0xBA0EA8,0xBA0EBD,0xBA0ED4,0xBA0EEB,0xBA0EF6,0xBA0F08,0xBA0F1F,0xBA0F31,0xBA0F43,0xBA0F4B,0xBA0F53,
  0xBA0F5B,0xBA0F63,0xBA0F75,0xBA0F7D,0xBA0F88,0xBA0F9D,0xBA0FB4,0xBA0FC6,0xBA0FDD,0xBA0FEF,0xBA0FF7,0xBA0FFF,
  0xBA1007,0xBA100F,0xBA1021,0xBA1038,0xBA1040,0xBA1058,0xBA106A,0xBA1072,0xBA107A,0xBA1082,0xBA1094,0xBA109C,
  0xBA10B1,0xBA10C8,0xBA10DA,0xBA10E2,0xBA10EA,0xBA10F2,0xBA10FA,0xBA1102,0xBA110A,0xBA111C,0xBA1133,0xBA1145,
  0xBA114D,0xBA1162,0xBA1179,0xBA1181,0xBA1196,0xBA11A8,0xBA11BA,0xBA11C2,0xBA11CA,0xBA11DC,0xBA11F3,0xBA1205,
  0xBA120D,0xBA1215,0xBA1227,0xBA123E,0xBA1246,0xBA125E,0xBA1270,0xBA1282,0xBA1299,0xBA12AB,0xBA12C2,0xBA12CA,
  0xBA12DC,0xBA12EE,0xBA1305,0xBA130D,0xBA1325,0xBA132D,0xBA1338,0xBA1343,0xBA134E,0xBA1359,0xBA1364,0xBA1379,
  0xBA1381,0xBA138C,0xBA1397,0xBA13A2,0xBA13AD,0xBA13C2,0xBA13CA,0xBA13E1,0xBA13EC,0xBA1401,0xBA1409,0xBA141B,
  0xBA1432,0xBA143A,0xBA144C,0xBA145E,0xBA1475,0xBA147D,0xBA1485,0xBA148D,0xBA1495,0xBA149D,0xBA14AF,0xBA14C1,
  0xBA14C9,0xBA14DB,0xBA14F2,0xBA1504,0xBA1516,0xBA1528,0xBA153F,0xBA1556,0xBA156D,0xBA1575,0xBA158A,0xBA15A1,
  0xBA15B3,0xBA15BB,0xBA15C3,0xBA15CB,0xBA15D3,0xBA15DB,0xBA15F0,0xBA1607,0xBA1619,0xBA1630,0xBA1642,0xBA164A,
  0xBA1652,0xBA165A,0xBA1665,0xBA1670,0xBA1678,0xBA1680,0xBA1688,0xBA169A,0xBA16AC,0xBA16B4,0xBA16BF,0xBA16D4,
  0xBA16DC,0xBA16F1,0xBA1703,0xBA171A,0xBA1722,0xBA1737,0xBA1749,0xBA1751,0xBA1759,0xBA176B,0xBA177D,0xBA1794,
  0xBA17A6,0xBA17AE,0xBA17C3,0xBA17DA,0xBA17EC,0xBA1801,0xBA1809,0xBA1814,0xBA181F,0xBA1834,0xBA1848,0xBA1850,
  0xBA185B,0xBA186D,0xBA1884,0xBA1891,0xBA18A8,0xBA18B0,0xBA18BB,0xBA18C6,0xBA18D1,0xBA18DC,0xBA18E7,0xBA18F2,
  0xBA18FD,0xBA1908,0xBA1913,0xBA191E,0xBA1929,0xBA1934,0xBA1949,0xBA1951,0xBA1971,0xBA197C,0xBA1987,0xBA1992,
  0xBA19A7,0xBA19BE,0xBA19DC,0xBA19F3,0xBA1A08,0xBA1A13,0xBA1A28,0xBA1A30,0xBA1A3B,0xBA1A46,0xBA1A51,0xBA1A5C,
  0xBA1A67,0xBA1A7C,0xBA1A84,0xBA1A8F,0xBA1A9A,0xBA1AA5,0xBA1AB0,0xBA1ABB,0xBA1AC6,0xBA1AD1,0xBA1AD9,0xBA1AE1,
  0xBA1AF3,0xBA1AFE,0xBA1B09,0xBA1B14,0xBA1B1F,0xBA1B27,0xBA1B2F,0xBA1B41,0xBA1B49,0xBA1B60,0xBA1B77,0xBA1B7F,
  0xBA1B94,0xBA1BA6,0xBA1BBB,0xBA1BD2,0xBA1BE4,0xBA1BEC,0xBA1BF4,0xBA1C06,0xBA1C1D,0xBA1C2F,0xBA1C41,0xBA1C58,
  0xBA1C74,0xBA1C8B,0xBA1C9D,0xBA1CAF,0xBA1CBA,0xBA1CCC,0xBA1CE3,0xBA1CFA,0xBA1D0C,0xBA1D14,0xBA1D26,0xBA1D38,
  0xBA1D40,0xBA1D4B,0xBA1D56,0xBA1D6B,0xBA1D73,0xBA1D7B,0xBA1D83,0xBA1D8B,0xBA1D93,0xBA1D9B,0xBA1DAD,0xBA1DB5,
  0xBA1DC0,0xBA1DD5,0xBA1DEC,0xBA1DF4,0xBA1E09,0xBA1E1B,0xBA1E2D,0xBA1E35,0xBA1E3D,0xBA1E4F,0xBA1E66,0xBA1E78,
  0xBA1E80,0xBA1E88,0xBA1E90,0xBA1E98,0xBA1EAA,0xBA1EBC,0xBA1EC4,0xBA1ED9,0xBA1EF1,0xBA1EF9,0xBA1F0B,0xBA1F1F,
  0xBA1F36,0xBA1F48,0xBA1F5A,0xBA1F71,0xBA1F79,0xBA1F87,0xBA1F9F,0xBA1FB1,0xBA1FB9,0xBA1FC4,0xBA1FCF,0xBA1FDA,
  0xBA1FEF,0xBA1FFC,0xBA2007,0xBA200F,0xBA2017,0xBA201F,0xBA202A,0xBA2035,0xBA203D,0xBA2045,0xBA204D,0xBA205A,
  0xBA2065,0xBA2070,0xBA2078,0xBA2080,0xBA2092,0xBA209A,0xBA20A2,0xBA20AA,0xBA20BC,0xBA20CE,0xBA20E5,0xBA20FC,
  0xBA2104,0xBA2116,0xBA2128,0xBA213F,0xBA2156,0xBA2168,0xBA217F,0xBA2196,0xBA21A8,0xBA21BF,0xBA21C7,0xBA21DC,
  0xBA21F3,0xBA2205,0xBA220D,0xBA2215,0xBA2220,0xBA2228,0xBA2230,0xBA223D,0xBA2245,0xBA224D,0xBA2255,0xBA225D,
  0xBA2272,0xBA227A,0xBA228F,0xBA22A6,0xBA22B1,0xBA22B9,0xBA22C1,0xBA22C9,0xBA22D1,0xBA22E3,0xBA22FA,0xBA2311,
  0xBA2319,0xBA232B,0xBA233D,0xBA2354,0xBA235C,0xBA237C,0xBA2393,0xBA23AA,0xBA23BC,0xBA23D3,0xBA23EA,0xBA23FC,
  0xBA2413,0xBA242A,0xBA243C,0xBA2453,0xBA2465,0xBA247C,0xBA248E,0xBA24A0,0xBA24B2,0xBA24C9,0xBA24DD,0xBA24EA,
  0xBA2501,0xBA2509,0xBA2513,0xBA251D,0xBA2527,0xBA2531,0xBA253B,0xBA254F,0xBA2557,0xBA256B,0xBA2582,0xBA2594,
  0xBA259C,0xBA25B4,0xBA25C6,0xBA25DD,0xBA25F4,0xBA25FC,0xBA2611,0xBA2623,0xBA2635,0xBA264C,0xBA265E,0xBA2675,
  0xBA267D,0xBA2692,0xBA269A,0xBA26A2,0xBA26AA,0xBA26BC,0xBA26D3,0xBA26E7,0xBA26FE,0xBA2712,0xBA271A,0xBA2722,
  0xBA272A,0xBA2732,0xBA2744,0xBA2751,0xBA2768,0xBA277F,0xBA2794,0xBA279C,0xBA27A6,0xBA27BA,0xBA27CF,0xBA27D9,
  0xBA27E3,0xBA27F7,0xBA27FF,0xBA2821,0xBA2838,0xBA284F,0xBA2861,0xBA2869,0xBA287B,0xBA2886,0xBA288E,0xBA2899,
  0xBA28A1,0xBA28A9,0xBA28B1,0xBA28C3,0xBA28DA,0xBA28EC,0xBA28F4,0xBA2917,0xBA291F,0xBA2934,0xBA294B,0xBA295D,
  0xBA2974,0xBA2986,0xBA298E,0xBA29A0,0xBA29B2,0xBA29C9,0xBA29DB,0xBA29E3,0xBA29EE,0xBA29F9,0xBA2A04,0xBA2A19,
  0xBA2A21,0xBA2A2C,0xBA2A37,0xBA2A4C,0xBA2A63,0xBA2A75,0xBA2A7D,0xBA2A95,0xBA2A9D,0xBA2AA5,0xBA2AAD,0xBA2AB5,
  0xBA2ABD,0xBA2ACF,0xBA2AD7,0xBA2AEF,0xBA2B01,0xBA2B18,0xBA2B2A,0xBA2B32,0xBA2B3A,0xBA2B42,0xBA2B54,0xBA2B66,
  0xBA2B7D,0xBA2B85,0xBA2B9D,0xBA2BB2,0xBA2BC9,0xBA2BE0,0xBA2BF7,0xBA2C0E,0xBA2C25,0xBA2C2D,0xBA2C45,0xBA2C5A,
  0xBA2C71,0xBA2C79,0xBA2C87,0xBA2C95,0xBA2CAD,0xBA2CC2,0xBA2CCA,0xBA2CD8,0xBA2CF0,0xBA2CFD,0xBA2D05,0xBA2D0D,
  0xBA2D15,0xBA2D27,0xBA2D3E,0xBA2D50,0xBA2D58,0xBA2D6D,0xBA2D75,0xBA2D87,0xBA2D99,0xBA2DB0,0xBA2DC2,0xBA2DD4,
  0xBA2DDC,0xBA2DF1,0xBA2DF9,0xBA2E04,0xBA2E12,0xBA2E2A,0xBA2E41,0xBA2E49,0xBA2E61,0xBA2E69,0xBA2E71,0xBA2E86,
  0xBA2E98,0xBA2EAF,0xBA2EB9,0xBA2ECB,0xBA2EDD,0xBA2EE5,0xBA2EF0,0xBA2EFB,0xBA2F06,0xBA2F11,0xBA2F26,0xBA2F2E,
  0xBA2F39,0xBA2F44,0xBA2F4F,0xBA2F5A,0xBA2F6F,0xBA2F77,0xBA2F8F,0xBA2FA6,0xBA2FB1,0xBA2FB9,0xBA2FC1,0xBA2FD3,
  0xBA2FDB,0xBA2FE5,0xBA2FF7,0xBA2FFF,0xBA300D,0xBA301B,0xBA302D,0xBA3044,0xBA3056,0xBA305E,0xBA3066,0xBA3078,
  0xBA3080,0xBA3088,0xBA309A,0xBA30A2,0xBA30B7,0xBA30CE,0xBA30E0,0xBA30F4,0xBA30FC,0xBA3114,0xBA311C,0xBA3124,
  0xBA312C,0xBA313E,0xBA3150,0xBA3167,0xBA3179,0xBA3190,0xBA31A7,0xBA31AF,0xBA31BD,0xBA31D5,0xBA31DD,0xBA31F5,
  0xBA3215,0xBA322C,0xBA323E,0xBA3255,0xBA326C,0xBA3283,0xBA329A,0xBA32B1,0xBA32B9,0xBA32C7,0xBA32DF,0xBA32F6,
  0xBA330D,0xBA3324,0xBA3336,0xBA334D,0xBA3364,0xBA337B,0xBA3392,0xBA33A4,0xBA33AC,0xBA33BA,0xBA33C8,0xBA33D6,
  0xBA33EE,0xBA3405,0xBA341C,0xBA3433,0xBA344A,0xBA3461,0xBA3478,0xBA3480,0xBA348E,0xBA349C,0xBA34AA,0xBA34C2,
  0xBA34CA,0xBA34D8,0xBA34E6,0xBA34FE,0xBA3515,0xBA351D,0xBA352B,0xBA3543,0xBA354B,0xBA3563,0xBA357A,0xBA3591,
  0xBA35A8,0xBA35BF,0xBA35D6,0xBA35DE,0xBA35F0,0xBA3607,0xBA360F,0xBA3624,0xBA363B,0xBA364D,0xBA3655,0xBA3663,
  0xBA3671,0xBA367F,0xBA368D,0xBA36A5,0xBA36AD,0xBA36BB,0xBA36C9,0xBA36D7,0xBA36EF,0xBA3706,0xBA370E,0xBA3719,
  0xBA3724,0xBA3736,0xBA373E,0xBA3746,0xBA3751,0xBA375C,0xBA376E,0xBA3776,0xBA378E,0xBA37A0,0xBA37B7,0xBA37CE,
  0xBA37D6,0xBA37EB,0xBA37FD,0xBA380F,0xBA3824,0xBA383B,0xBA3843,0xBA385B,0xBA386D,0xBA3884,0xBA389B,0xBA38B2,
  0xBA38C9,0xBA38E0,0xBA38F7,0xBA390E,0xBA3925,0xBA393C,0xBA3944,0xBA3959,0xBA396B,0xBA3982,0xBA3999,0xBA39B0,
  0xBA39C7,0xBA39D9,0xBA39E1,0xBA39F3,0xBA3A0A,0xBA3A21,0xBA3A38,0xBA3A4A,0xBA3A6A,0xBA3A81,0xBA3A93,0xBA3AAB,
  0xBA3ABD,0xBA3AD4,0xBA3AE6,0xBA3AEE,0xBA3B04,0xBA3B1C,0xBA3B34,0xBA3B4C,0xBA3B64,0xBA3B7C,0xBA3B84,0xBA3B9A,
  0xBA3BB2,0xBA3BCA,0xBA3BE2,0xBA3C04,0xBA3C0C,0xBA3C1E,0xBA3C26,0xBA3C3B,0xBA3C52,0xBA3C64,0xBA3C6C,0xBA3C81,
  0xBA3C93,0xBA3C9B,0xBA3CB0,0xBA3CC7,0xBA3CD9,0xBA3CF0,0xBA3D02,0xBA3D0A,0xBA3D1F,0xBA3D36,0xBA3D48,0xBA3D50,
  0xBA3D58,0xBA3D60,0xBA3D72,0xBA3D89,0xBA3D9B,0xBA3DB2,0xBA3DBF,0xBA3DD4,0xBA3DEB,0xBA3DFD,0xBA3E14,0xBA3E26,
  0xBA3E3D,0xBA3E52,0xBA3E69,0xBA3E7E,0xBA3E93,0xBA3EAA,0xBA3EC1,0xBA3ED6,0xBA3EED,0xBA3EF5,0xBA3EFD,0xBA3F05,
  0xBA3F0D,0xBA3F1F,0xBA3F36,0xBA3F48,0xBA3F50,0xBA3F58,0xBA3F60,0xBA3F72,0xBA3F89,0xBA3F9B,0xBA3FB2,0xBA3FC4,
  0xBA3FD1,0xBA3FDE,0xBA3FEB,0xBA3FF8,0xBA4005,0xBA4012,0xBA4029,0xBA403F,0xBA4051,0xBA4063,0xBA406B,0xBA4076,
  0xBA407E,0xBA4086,0xBA4098,0xBA40A0,0xBA40B2,0xBA40BA,0xBA40C2,0xBA40D4,0xBA40E6,0xBA40EE,0xBA40F9,0xBA4104,
  0xBA410F,0xBA4124,0xBA412C,0xBA413A,0xBA4152,0xBA4169,0xBA4171,0xBA4189,0xBA4191,0xBA4199,0xBA41A1,0xBA41B3,
  0xBA41C5,0xBA41DA,0xBA41E2,0xBA41ED,0xBA41F5,0xBA4200,0xBA4208,0xBA4215,0xBA422A,0xBA4241,0xBA4258,0xBA426F,
  0xBA4286,0xBA429F,0xBA42B8,0xBA42DB,0xBA42ED,0xBA4304,0xBA431B,0xBA4323,0xBA4338,0xBA434A,0xBA4361,0xBA4378,
  0xBA438F,0xBA43A1,0xBA43B8,0xBA43CF,0xBA43E6,0xBA43FD,0xBA4414,0xBA441C,0xBA4434,0xBA4446,0xBA444E,0xBA4456,
  0xBA445E,0xBA4466,0xBA4478,0xBA448F,0xBA44A1,0xBA44B3,0xBA44CA,0xBA44E1,0xBA44F3,0xBA44FB,0xBA4503,0xBA450B,
  0xBA4513,0xBA451B,0xBA4523,0xBA4535,0xBA454C,0xBA4554,0xBA456C,0xBA457E,0xBA4595,0xBA459D,0xBA45C0,0xBA45C8,
  0xBA45D3,0xBA45E1,0xBA45F9,0xBA4601,0xBA4609,0xBA4611,0xBA4619,0xBA4621,0xBA4633,0xBA463B,0xBA4646,0xBA465E,
  0xBA4670,0xBA4687,0xBA469F,0xBA46B1,0xBA46C3,0xBA46CB,0xBA46E0,0xBA46F2,0xBA4709,0xBA4711,0xBA471F,0xBA4737,
  0xBA473F,0xBA4757,0xBA476E,0xBA4785,0xBA4797,0xBA47AE,0xBA47C0,0xBA47D7,0xBA47EE,0xBA4805,0xBA4810,0xBA4818,
  0xBA4823,0xBA482E,0xBA4840,0xBA4857,0xBA486E,0xBA4880,0xBA4897,0xBA48A9,0xBA48B6,0xBA48BE,0xBA48D0,0xBA48E7,
  0xBA48EF,0xBA4906,0xBA491D,0xBA4934,0xBA494B,0xBA4960,0xBA4972,0xBA4989,0xBA49A1,0xBA49B3,0xBA49C5,0xBA49D0,
  0xBA49D8,0xBA49E0,0xBA49F2,0xBA49FA,0xBA4A05,0xBA4A0D,0xBA4A15,0xBA4A1D,0xBA4A25,0xBA4A37,0xBA4A4E,0xBA4A65,
  0xBA4A77,0xBA4A7F,0xBA4A94,0xBA4AA6,0xBA4AB8,0xBA4ACF,0xBA4AD7,0xBA4AE9,0xBA4B00,0xBA4B12,0xBA4B29,0xBA4B3B,
  0xBA4B52,0xBA4B69,0xBA4B71,0xBA4B79,0xBA4B81,0xBA4B89,0xBA4B9B,0xBA4BB2,0xBA4BC4,0xBA4BDB,0xBA4BE3,0xBA4BF8,
  0xBA4C0F,0xBA4C26,0xBA4C3D,0xBA4C45,0xBA4C57,0xBA4C5F,0xBA4C71,0xBA4C83,0xBA4C9A,0xBA4CB1,0xBA4CC3,0xBA4CD5,
  0xBA4CE7,0xBA4CFE,0xBA4D10,0xBA4D1B,0xBA4D30,0xBA4D42,0xBA4D54,0xBA4D5C,0xBA4D64,0xBA4D6C,0xBA4D81,0xBA4D96,
  0xBA4DAE,0xBA4DC0,0xBA4DD2,0xBA4DE7,0xBA4DF9,0xBA4E0B,0xBA4E19,0xBA4E27,0xBA4E3F,0xBA4E4D,0xBA4E5B,0xBA4E73,
  0xBA4E8B,0xBA4E9D,0xBA4EAF,0xBA4EC4,0xBA4ED6,0xBA4EED,0xBA4F04,0xBA4F0C,0xBA4F21,0xBA4F29,0xBA4F3E,0xBA4F50,
  0xBA4F62,0xBA4F6D,0xBA4F75,0xBA4F87,0xBA4F99,0xBA4FB0,0xBA4FC2,0xBA4FD9,0xBA4FE1,0xBA4FF9,0xBA500B,0xBA5016,
  0xBA501E,0xBA5026,0xBA502E,0xBA5040,0xBA5057,0xBA5062,0xBA506A,0xBA5075,0xBA507D,0xBA508F,0xBA50A6,0xBA50B8,
  0xBA50CA,0xBA50D2,0xBA50EA,0xBA5101,0xBA5118,0xBA5123,0xBA512B,0xBA5133,0xBA513B,0xBA5146,0xBA514E,0xBA5156,
  0xBA515E,0xBA5170,0xBA5187,0xBA5199,0xBA51A4,0xBA51AC,0xBA51B4,0xBA51BC,0xBA51C4,0xBA51D6,0xBA51ED,0xBA5204,
  0xBA521B,0xBA5232,0xBA5249,0xBA5254,0xBA525F,0xBA5267,0xBA526F,0xBA5281,0xBA5289,0xBA52A9,0xBA52BB,0xBA52D0,
  0xBA52E2,0xBA52EC,0xBA5300,0xBA530A,0xBA531E,0xBA5330,0xBA5338,0xBA535B,0xBA5365,0xBA5377,0xBA538B,0xBA539D,
  0xBA53B2,0xBA53BC,0xBA53C6,0xBA53DA,0xBA53EE,0xBA5402,0xBA5416,0xBA542E,0xBA5436,0xBA543E,0xBA5450,0xBA5458,
  0xBA5460,0xBA5468,0xBA547A,0xBA5482,0xBA5496,0xBA549E,0xBA54B0,0xBA54BA,0xBA54C4,0xBA54D8,0xBA54E0,0xBA54F4,
  0xBA54FC,0xBA5506,0xBA550E,0xBA5520,0xBA5532,0xBA5540,0xBA554E,0xBA555C,0xBA557E,0xBA5588,0xBA5592,0xBA559C,
  0xBA55B0,0xBA55BE,0xBA55CC,0xBA55E4,0xBA55F6,0xBA55FE,0xBA5610,0xBA5624,0xBA562C,0xBA5634,0xBA5648,0xBA565A,
  0xBA5662,0xBA566C,0xBA5674,0xBA5686,0xBA5690,0xBA569A,0xBA56AF,0xBA56C3,0xBA56D7,0xBA56E9,0xBA56FB,0xBA5703,
  0xBA570B,0xBA571D,0xBA5731,0xBA5743,0xBA574B,0xBA5753,0xBA575B,0xBA577E,0xBA5786,0xBA578E,0xBA57B1,0xBA57C3,
  0xBA57D5,0xBA57DD,0xBA57F2,0xBA57FA,0xBA580C,0xBA581E,0xBA5826,0xBA582E,0xBA5843,0xBA5855,0xBA585D,0xBA5865,
  0xBA586D,0xBA5890,0xBA58A4,0xBA58B6,0xBA58C8,0xBA58D0,0xBA58E5,0xBA58F7,0xBA58FF,0xBA5909,0xBA5913,0xBA591D,
  0xBA5927,0xBA5931,0xBA5945,0xBA594D,0xBA5961,0xBA5973,0xBA597B,0xBA5983,0xBA5998,0xBA59AA,0xBA59BC,0xBA59D5,
  0xBA59EE,0xBA5A00,0xBA5A19,0xBA5A2B,0xBA5A40,0xBA5A58,0xBA5A60,0xBA5A68,0xBA5A70,0xBA5A78,0xBA5A80,0xBA5A92,
  0xBA5AA4,0xBA5AAC,0xBA5AB4,0xBA5ABC,0xBA5AC7,0xBA5AD9,0xBA5AE1,0xBA5AE9,0xBA5AF1,0xBA5AF9,0xBA5B0B,0xBA5B20,
  0xBA5B2B,0xBA5B36,0xBA5B41,0xBA5B49,0xBA5B54,0xBA5B5C,0xBA5B64,0xBA5B6F,0xBA5B7A,0xBA5B85,0xBA5B90,0xBA5B9B,
  0xBA5BA6,0xBA5BAE,0xBA5BB9,0xBA5BC1,0xBA5BCC,0xBA5BD7,0xBA5BE2,0xBA5BED,0xBA5BF8,0xBA5C03,0xBA5C0E,0xBA5C19,
  0xBA5C24,0xBA5C2F,0xBA5C3A,0xBA5C42,0xBA5C4D,0xBA5C58,0xBA5C63,0xBA5C6E,0xBA5C79,0xBA5C81,0xBA5C89,0xBA5C91,
  0xBA5C99,0xBA5CA1,0xBA5CAC,0xBA5CB7,0xBA5CC2,0xBA5CCD,0xBA5CD8,0xBA5CE3,0xBA5CEE,0xBA5CF9,0xBA5D04,0xBA5D0F,
  0xBA5D17,0xBA5D22,0xBA5D2D,0xBA5D42,0xBA5D54,0xBA5D66,0xBA5D6E,0xBA5D83,0xBA5D95,0xBA5D9D,0xBA5DA7,0xBA5DB1,
  0xBA5DB9,0xBA5DC4,0xBA5DD6,0xBA5DDE,0xBA5DF0,0xBA5E02,0xBA5E14,0xBA5E29,0xBA5E3B,0xBA5E4D,0xBA5E5F,0xBA5E67,
  0xBA5E7C,0xBA5E93,0xBA5EA5,0xBA5EB7,0xBA5EC2,0xBA5ED7,0xBA5EEE,0xBA5EF6,0xBA5F0B,0xBA5F16,0xBA5F2B,0xBA5F36,
  0xBA5F4B,0xBA5F5F,0xBA5F74,0xBA5F7F,0xBA5F8A,0xBA5F9F,0xBA5FAA,0xBA5FB5,0xBA5FC0,0xBA5FCA,0xBA5FD4,0xBA5FDE,
  0xBA5FF2,0xBA6004,0xBA6018,0xBA602A,0xBA6032,0xBA6046,0xBA605A,0xBA6065,0xBA607A,0xBA6082,0xBA608A,0xBA6092,
  0xBA609A,0xBA60AE,0xBA60B6,0xBA60C1,0xBA60CC,0xBA60D7,0xBA60E2,0xBA60F6,0xBA6108,0xBA611A,0xBA612C,0xBA6137,
  0xBA6142,0xBA614D,0xBA6162,0xBA616D,0xBA6178,0xBA618D,0xBA619F,0xBA61A7,0xBA61B2,0xBA61C7,0xBA61D9,0xBA61EB,
  0xBA61FD,0xBA620F,0xBA6221,0xBA6229,0xBA623E,0xBA6250,0xBA6262,0xBA6274,0xBA628C,0xBA629E,0xBA62B0,0xBA62BD,
  0xBA62CF,0xBA62DC,0xBA62EE,0xBA62F6,0xBA6319,0xBA6321,0xBA632E,0xBA633B,0xBA6343,0xBA634B,0xBA6353,0xBA636C,
  0xBA6374,0xBA637C,0xBA6384,0xBA638C,0xBA6394,0xBA639C,0xBA63AE,0xBA63B6,0xBA63CB,0xBA63DD,0xBA63E5,0xBA6408,
  0xBA6410,0xBA641B,0xBA6426,0xBA6431,0xBA643C,0xBA6447,0xBA6452,0xBA645D,0xBA6468,0xBA6473,0xBA647E,0xBA6489,
  0xBA649E,0xBA64A6,0xBA64B1,0xBA64BC,0xBA64C7,0xBA64D2,0xBA64DD,0xBA64E8,0xBA64F3,0xBA6508,0xBA651A,0xBA652C,
  0xBA653E,0xBA6550,0xBA6562,0xBA6574,0xBA6586,0xBA6598,0xBA65A3,0xBA65B8,0xBA65CA,0xBA65DC,0xBA65E4,0xBA65F8,
  0xBA660A,0xBA661C,0xBA6624,0xBA6632,0xBA6644,0xBA664C,0xBA6654,0xBA665C,0xBA6664,0xBA6676,0xBA667E,0xBA668C,
  0xBA6694,0xBA669C,0xBA66A4,0xBA66AC,0xBA66B4,0xBA66BC,0xBA66CE,0xBA66E3,0xBA66F8,0xBA6703,0xBA6718,0xBA672A,
  0xBA6742,0xBA6754,0xBA6766,0xBA676E,0xBA6783,0xBA6797,0xBA67A9,0xBA67B1,0xBA67B9,0xBA67C3,0xBA67D7,0xBA67DF,
  0xBA67F1,0xBA67F9,0xBA6801,0xBA6809,0xBA681B,0xBA6823,0xBA6838,0xBA6840,0xBA6855,0xBA685D,0xBA686F,0xBA6881,
  0xBA6895,0xBA689D,0xBA68B2,0xBA68C4,0xBA68D6,0xBA68DE,0xBA68E9,0xBA68F4,0xBA68FF,0xBA690A,0xBA6915,0xBA692A,
  0xBA694D,0xBA6955,0xBA6960,0xBA696B,0xBA6976,0xBA6981,0xBA698C,0xBA6997,0xBA699F,0xBA69A7,0xBA69AF,0xBA69B7,
  0xBA69BF,0xBA69C7,0xBA69CF,0xBA69E1,0xBA69E9,0xBA69FB,0xBA6A03,0xBA6A0B,0xBA6A16,0xBA6A28,0xBA6A4B,0xBA6A53,
  0xBA6A5B,0xBA6A63,0xBA6A6B,0xBA6A73,0xBA6A7B,0xBA6A83,0xBA6A8B,0xBA6A93,0xBA6A9B,0xBA6AA3,0xBA6AAB,0xBA6AB3,
  0xBA6ABB,0xBA6AC5,0xBA6AE8,0xBA6AFA,0xBA6B05,0xBA6B10,0xBA6B25,0xBA6B2D,0xBA6B3F,0xBA6B53,0xBA6B5B,0xBA6B6D,
  0xBA6B75,0xBA6B7D,0xBA6B8F,0xBA6B97,0xBA6BA9,0xBA6BBB,0xBA6BC3,0xBA6BCB,0xBA6BD3,0xBA6BDB,0xBA6BED,0xBA6BF5,
  0xBA6BFD,0xBA6C05,0xBA6C0D,0xBA6C1F,0xBA6C27,0xBA6C2F,0xBA6C37,0xBA6C3F,0xBA6C47,0xBA6C59,0xBA6C6B,0xBA6C7D,
  0xBA6C85,0xBA6C90,0xBA6CA5,0xBA6CB9,0xBA6CC1,0xBA6CC9,0xBA6CDB,0xBA6CE3,0xBA6CF8,0xBA6D00,0xBA6D0A,0xBA6D1E,
  0xBA6D30,0xBA6D42,0xBA6D4A,0xBA6D5E,0xBA6D73,0xBA6D87,0xBA6D8F,0xBA6D9A,0xBA6DA5,0xBA6DB0,0xBA6DB8,0xBA6DCA,
  0xBA6DDC,0xBA6DF0,0xBA6DF8,0xBA6E03,0xBA6E18,0xBA6E2C,0xBA6E34,0xBA6E48,0xBA6E53,0xBA6E5E,0xBA6E73,0xBA6E85,
  0xBA6E99,0xBA6EA4,0xBA6EAF,0xBA6EBD,0xBA6ECB,0xBA6ED9,0xBA6EE7,0xBA6EF1,0xBA6EFF,0xBA6F17,0xBA6F22,0xBA6F2D,
  0xBA6F3B,0xBA6F49,0xBA6F57,0xBA6F65,0xBA6F73,0xBA6F81,0xBA6F99,0xBA6FA1,0xBA6FC4,0xBA6FCC,0xBA6FDE,0xBA6FE6,
  0xBA6FF8,0xBA7003,0xBA7018,0xBA702A,0xBA703C,0xBA704E,0xBA7060,0xBA706B,0xBA7076,0xBA708B,0xBA709D,0xBA70AF,
  0xBA70C1,0xBA70D3,0xBA70E5,0xBA70ED,0xBA70F8,0xBA7103,0xBA710E,0xBA7119,0xBA7124,0xBA712F,0xBA713A,0xBA7145,
  0xBA7150,0xBA715B,0xBA7166,0xBA7171,0xBA717C,0xBA718A,0xBA7198,0xBA71A6,0xBA71BE,0xBA71C6,0xBA71DA,0xBA71EE,
  0xBA7202,0xBA7216,0xBA722A,0xBA723E,0xBA7252,0xBA7266,0xBA7271,0xBA727C,0xBA7287,0xBA7292,0xBA729D,0xBA72AB,
  0xBA72B9,0xBA72C7,0xBA72DF,0xBA72E7,0xBA72F9,0xBA730B,0xBA7313,0xBA7325,0xBA732D,0xBA733F,0xBA7351,0xBA7363,
  0xBA736B,0xBA7373,0xBA737B,0xBA738D,0xBA7398,0xBA73A3,0xBA73AB,0xBA73B3,0xBA73BB,0xBA73CD,0xBA73DF,0xBA73E7,
  0xBA73F9,0xBA7401,0xBA7413,0xBA7420,0xBA7428,0xBA7430,0xBA7445,0xBA744D,0xBA7455,0xBA745D,0xBA7465,0xBA746D,
  0xBA7475,0xBA7487,0xBA749E,0xBA74A6,0xBA74AE,0xBA74B6,0xBA74BE,0xBA74C6,0xBA74CE,0xBA74E0,0xBA74E8,0xBA74FA,
  0xBA7502,0xBA750A,0xBA7512,0xBA751A,0xBA752C,0xBA753E,0xBA7546,0xBA755B,0xBA7563,0xBA756B,0xBA7573,0xBA7585,
  0xBA758D,0xBA7595,0xBA75A0,0xBA75AD,0xBA75BF,0xBA75C7,0xBA75D9,0xBA75E1,0xBA75E9,0xBA75FB,0xBA760D,0xBA761F,
  0xBA7638,0xBA7640,0xBA7648,0xBA7650,0xBA7658,0xBA766A,0xBA7672,0xBA7687,0xBA768F,0xBA769A,0xBA76AF,0xBA76B7,
  0xBA76C9,0xBA76D1,0xBA76DC,0xBA76F1,0xBA76F9,0xBA7704,0xBA770F,0xBA7724,0xBA772C,0xBA7741,0xBA7749,0xBA7754,
  0xBA7769,0xBA7780,0xBA7797,0xBA779F,0xBA77A7,0xBA77AF,0xBA77B7,0xBA77C9,0xBA77D1,0xBA77E3,0xBA77F5,0xBA77FD,
  0xBA7820,0xBA7832,0xBA7844,0xBA7856,0xBA785E,0xBA7870,0xBA7878,0xBA7880,0xBA7892,0xBA78A4,0xBA78AC,0xBA78BE,
  0xBA78D0,0xBA78D8,0xBA78E2,0xBA78F4,0xBA7906,0xBA7918,0xBA7930,0xBA7942,0xBA7954,0xBA7966,0xBA7978,0xBA7982,
  0xBA7994,0xBA79AA,0xBA79BD,0xBA79C5,0xBA79CD,0xBA79D5,0xBA79E7,0xBA79F9,0xBA7A01,0xBA7A13,0xBA7A25,0xBA7A2D,
  0xBA7A35,0xBA7A47,0xBA7A4F,0xBA7A61,0xBA7A73,0xBA7A7B,0xBA7A91,0xBA7AA7,0xBA7AB2,0xBA7ABD,0xBA7AC8,0xBA7AD3,
  0xBA7AE8,0xBA7AF0,0xBA7B06,0xBA7B1C,0xBA7B27,0xBA7B32,0xBA7B3D,0xBA7B48,0xBA7B5D,0xBA7B6F,0xBA7B81,0xBA7B8C,
  0xBA7B9E,0xBA7BB0,0xBA7BC2,0xBA7BD6,0xBA7BE8,0xBA7BF3,0xBA7C05,0xBA7C0D,0xBA7C21,0xBA7C2C,0xBA7C3E,0xBA7C50,
  0xBA7C5B,0xBA7C66,0xBA7C71,0xBA7C7F,0xBA7C8D,0xBA7C9B,0xBA7CB3,0xBA7CBE,0xBA7CC9,0xBA7CD4,0xBA7CE2,0xBA7CF0,
  0xBA7CFE,0xBA7D16,0xBA7D1E,0xBA7D30,0xBA7D42,0xBA7D4A,0xBA7D5F,0xBA7D67,0xBA7D72,0xBA7D87,0xBA7D8F,0xBA7DA4,
  0xBA7DB6,0xBA7DC8,0xBA7DD3,0xBA7DDE,0xBA7DE9,0xBA7DF4,0xBA7DFF,0xBA7E0A,0xBA7E15,0xBA7E20,0xBA7E2B,0xBA7E40,
  0xBA7E4B,0xBA7E56,0xBA7E61,0xBA7E6C,0xBA7E77,0xBA7E8C,0xBA7EA1,0xBA7EB3,0xBA7EC5,0xBA7ED0,0xBA7EDB,0xBA7EE6,
  0xBA7EF1,0xBA7EFC,0xBA7F07,0xBA7F12,0xBA7F27,0xBA7F32,0xBA7F3D,0xBA7F48,0xBA7F53,0xBA7F5E,0xBA7F69,0xBA7F74,
  0xBA7F7F,0xBA7F8A,0xBA7F98,0xBA7FB0,0xBA7FC4,0xBA7FD8,0xBA7FEA,0xBA7FFE,0xBA8006,0xBA801A,0xBA802E,0xBA8039,
  0xBA804E,0xBA8056,0xBA8060,0xBA806A,0xBA8072,0xBA807A,0xBA808C,0xBA8094,0xBA809F,0xBA80AA,0xBA80B5,0xBA80CA,
  0xBA80DC,0xBA80EE,0xBA8100,0xBA8108,0xBA8116,0xBA8124,0xBA8132,0xBA8140,0xBA8158,0xBA8160,0xBA817B,0xBA8189,
  0xBA8197,0xBA81A5,0xBA81BD,0xBA81C5,0xBA81CD,0xBA81D5,0xBA81E7,0xBA81EF,0xBA8201,0xBA8209,0xBA8211,0xBA8219,
  0xBA8221,0xBA8229,0xBA8231,0xBA8239,0xBA8241,0xBA8249,0xBA8262,0xBA826A,0xBA8283,0xBA829C,0xBA82A4,0xBA82AC,
  0xBA82B4,0xBA82BC,0xBA82DF,0xBA82E7,0xBA82F9,0xBA8301,0xBA8309,0xBA8311,0xBA831C,0xBA8327,0xBA8339,0xBA834B,
  0xBA835D,0xBA836F,0xBA8381,0xBA8389,0xBA83AC,0xBA83C4,0xBA83CC,0xBA83DE,0xBA83E9,0xBA83F4,0xBA83FF,0xBA840A,
  0xBA841F,0xBA842A,0xBA8435,0xBA8440,0xBA844B,0xBA8460,0xBA8475,0xBA847D,0xBA848F,0xBA84A1,0xBA84A9,0xBA84B1,
  0xBA84C6,0xBA84D8,0xBA84E3,0xBA84EE,0xBA8503,0xBA8515,0xBA8520,0xBA852B,0xBA8540,0xBA854B,0xBA8560,0xBA8568,
  0xBA8570,0xBA8578,0xBA8580,0xBA8588,0xBA8590,0xBA8598,0xBA85A0,0xBA85A8,0xBA85B0,0xBA85BB,0xBA85C6,0xBA85CE,
  0xBA85D9,0xBA85E4,0xBA85F9,0xBA8604,0xBA860C,0xBA8614,0xBA861C,0xBA8624,0xBA862C,0xBA8637,0xBA8642,0xBA864D,
  0xBA8655,0xBA865D,0xBA8665,0xBA8670,0xBA867B,0xBA8686,0xBA869B,0xBA86A6,0xBA86B1,0xBA86C5,0xBA86D0,0xBA86E5,
  0xBA86EF,0xBA8703,0xBA8715,0xBA871F,0xBA8733,0xBA873D,0xBA8747,0xBA8751,0xBA875B,0xBA8765,0xBA876F,0xBA8779,
  0xBA8783,0xBA878D,0xBA87A1,0xBA87B5,0xBA87BF,0xBA87C9,0xBA87D3,0xBA87DD,0xBA87E7,0xBA87F1,0xBA87FB,0xBA8805,
  0xBA880F,0xBA8819,0xBA882D,0xBA883F,0xBA8847,0xBA8859,0xBA8861,0xBA8869,0xBA8871,0xBA8879,0xBA8881,0xBA8889,
  0xBA8891,0xBA88A3,0xBA88AE,0xBA88B9,0xBA88C4,0xBA88CF,0xBA88DA,0xBA88E5,0xBA88F0,0xBA8905,0xBA8919,0xBA8921,
  0xBA8929,0xBA893B,0xBA8943,0xBA8955,0xBA895D,0xBA8972,0xBA8986,0xBA899A,0xBA89A8,0xBA89B6,0xBA89CE,0xBA89DC,
  0xBA89F4,0xBA8A01,0xBA8A13,0xBA8A25,0xBA8A2D,0xBA8A3B,0xBA8A53,0xBA8A5E,0xBA8A70,0xBA8A78,0xBA8A90,0xBA8AA2,
  0xBA8AB4,0xBA8AC6,0xBA8AD8,0xBA8AE0,0xBA8AF8,0xBA8B0A,0xBA8B1C,0xBA8B29,0xBA8B40,0xBA8B52,0xBA8B64,0xBA8B7B,
  0xBA8B83,0xBA8B91,0xBA8BA9,0xBA8BB1,0xBA8BC9,0xBA8BD1,0xBA8BE3,0xBA8BF5,0xBA8C0C,0xBA8C23,0xBA8C3A,0xBA8C42,
  0xBA8C4F,0xBA8C61,0xBA8C78,0xBA8C8A,0xBA8C9C,0xBA8CAE,0xBA8CB6,0xBA8CCE,0xBA8CD6,0xBA8CDE,0xBA8CF0,0xBA8D02,
  0xBA8D14,0xBA8D26,0xBA8D30,0xBA8D3A,0xBA8D4C,0xBA8D54,0xBA8D5F,0xBA8D6A,0xBA8D75,0xBA8D80,0xBA8D8B,0xBA8D96,
  0xBA8DA1,0xBA8DB6,0xBA8DC8,0xBA8DDA,0xBA8DE2,0xBA8DF4,0xBA8DFC,0xBA8E04,0xBA8E16,0xBA8E21,0xBA8E29,0xBA8E31,
  0xBA8E3C,0xBA8E4E,0xBA8E60,0xBA8E6A,0xBA8E72,0xBA8E84,0xBA8E8C,0xBA8E94,0xBA8E9C,0xBA8EAE,0xBA8EB6,0xBA8EBE,
  0xBA8EC6,0xBA8ECE,0xBA8ED6,0xBA8EE8,0xBA8EFA,0xBA8F02,0xBA8F0F,0xBA8F1C,0xBA8F24,0xBA8F2C,0xBA8F34,0xBA8F3C,
  0xBA8F44,0xBA8F4C,0xBA8F54,0xBA8F5C,0xBA8F64,0xBA8F6C,0xBA8F74,0xBA8F7C,0xBA8F8E,0xBA8F9B,0xBA8FA8,0xBA8FBF,
  0xBA8FD6,0xBA8FE8,0xBA8FF0,0xBA8FF8,0xBA9000,0xBA9012,0xBA9024,0xBA9036,0xBA9048,0xBA9053,0xBA905E,0xBA9073,
  0xBA9085,0xBA909D,0xBA90AF,0xBA90B7,0xBA90DA,0xBA90E2,0xBA90F4,0xBA90FC,0xBA9104,0xBA910C,0xBA9114,0xBA9126,
  0xBA912E,0xBA9136,0xBA9140,0xBA9163,0xBA916B,0xBA9176,0xBA917E,0xBA9186,0xBA9198,0xBA91A0,0xBA91AB,0xBA91B3,
  0xBA91BB,0xBA91CD,0xBA91D5,0xBA91DD,0xBA91E7,0xBA9200,0xBA920A,0xBA922D,0xBA9235,0xBA9240,0xBA9256,0xBA925E,
  0xBA9266,0xBA926E,0xBA9280,0xBA9288,0xBA92A6,0xBA92B1,0xBA92BC,0xBA92C7,0xBA92DD,0xBA92E5,0xBA92ED,0xBA92F5,
  0xBA92FD,0xBA9305,0xBA9317,0xBA9321,0xBA9344,0xBA9356,0xBA935E,0xBA9369,0xBA9374,0xBA937C,0xBA9384,0xBA9396,
  0xBA939E,0xBA93B3,0xBA93BB,0xBA93D3,0xBA93DD,0xBA93F6,0xBA9400,0xBA9423,0xBA9435,0xBA9447,0xBA945B,0xBA9463,
  0xBA9475,0xBA947D,0xBA9485,0xBA9497,0xBA949F,0xBA94A7,0xBA94AF,0xBA94B7,0xBA94BF,0xBA94C7,0xBA94D9,0xBA94E3,
  0xBA94F7,0xBA9509,0xBA951D,0xBA952F,0xBA9547,0xBA954F,0xBA9557,0xBA9569,0xBA9571,0xBA9583,0xBA958B,0xBA959D,
  0xBA95AF,0xBA95B7,0xBA95C5,0xBA95D3,0xBA95DB,0xBA95E3,0xBA95EB,0xBA95F3,0xBA95FB,0xBA9603,0xBA960B,0xBA9613,
  0xBA961B,0xBA9623,0xBA962B,0xBA963D,0xBA9645,0xBA965D,0xBA966F,0xBA9677,0xBA9697,0xBA96A9,0xBA96B1,0xBA96C3,
  0xBA96CB,0xBA96D3,0xBA96DB,0xBA96E3,0xBA96EB,0xBA96F3,0xBA96FB,0xBA970D,0xBA9715,0xBA971D,0xBA9725,0xBA972D,
  0xBA973F,0xBA9747,0xBA9759,0xBA9761,0xBA9769,0xBA9771,0xBA9779,0xBA978B,0xBA9793,0xBA97A5,0xBA97B7,0xBA97BF,
  0xBA97D1,0xBA97D9,0xBA97EB,0xBA97F3,0xBA97FB,0xBA980D,0xBA9815,0xBA981D,0xBA9825,0xBA982D,0xBA9835,0xBA983D,
  0xBA984F,0xBA9857,0xBA9865,0xBA9877,0xBA987F,0xBA98A2,0xBA98AA,0xBA98B2,0xBA98BA,0xBA98C2,0xBA98CA,0xBA98D2,
  0xBA98F5,0xBA98FD,0xBA9905,0xBA990D,0xBA9915,0xBA991D,0xBA9925,0xBA9937,0xBA993F,0xBA9951,0xBA9959,0xBA9967,
  0xBA9971,0xBA997B,0xBA9985,0xBA998F,0xBA9999,0xBA99A1,0xBA99A9,0xBA99B1,0xBA99B9,0xBA99C1,0xBA99C9,0xBA99D1,
  0xBA99D9,0xBA99E1,0xBA99E9,0xBA99F1,0xBA9A03,0xBA9A0B,0xBA9A19,0xBA9A31,0xBA9A46,0xBA9A4E,0xBA9A60,0xBA9A6A,
  0xBA9A7F,0xBA9A91,0xBA9A99,0xBA9AA1,0xBA9AA9,0xBA9AB1,0xBA9AC3,0xBA9ACB,0xBA9ADD,0xBA9AF4,0xBA9B0B,0xBA9B13,
  0xBA9B2A,0xBA9B32,0xBA9B49,0xBA9B51,0xBA9B59,0xBA9B61,0xBA9B73,0xBA9B85,0xBA9B8D,0xBA9B95,0xBA9B9D,0xBA9BA5,
  0xBA9BAD,0xBA9BB5,0xBA9BBD,0xBA9BC5,0xBA9BD7,0xBA9BDF,0xBA9BE7,0xBA9BEF,0xBA9BF7,0xBA9C09,0xBA9C11,0xBA9C1F,
  0xBA9C2D,0xBA9C35,0xBA9C3D,0xBA9C45,0xBA9C4D,0xBA9C55,0xBA9C5D,0xBA9C65,0xBA9C6D,0xBA9C75,0xBA9C7D,0xBA9C85,
  0xBA9C8D,0xBA9C95,0xBA9C9D,0xBA9CA5,0xBA9CAD,0xBA9CB5,0xBA9CBD,0xBA9CC5,0xBA9CCD,0xBA9CD5,0xBA9CDD,0xBA9CE5,
  0xBA9CED,0xBA9CF5,0xBA9CFD,0xBA9D05,0xBA9D0D,0xBA9D15,0xBA9D1D,0xBA9D25,0xBA9D2D,0xBA9D35,0xBA9D47,0xBA9D5B,
  0xBA9D6D,0xBA9D75,0xBA9D87,0xBA9D8F,0xBA9D97,0xBA9DA9,0xBA9DBB,0xBA9DC3,0xBA9DD1,0xBA9DDF,0xBA9DED,0xBA9E05,
  0xBA9E17,0xBA9E1F,0xBA9E27,0xBA9E2F,0xBA9E41,0xBA9E49,0xBA9E51,0xBA9E59,0xBA9E61,0xBA9E73,0xBA9E7B,0xBA9E89,
  0xBA9E97,0xBA9EA5,0xBA9EB3,0xBA9EBB,0xBA9EC3,0xBA9ECB,0xBA9ED3,0xBA9EDB,0xBA9EE3,0xBA9EEB,0xBA9EF3,0xBA9F05,
  0xBA9F0D,0xBA9F15,0xBA9F1D,0xBA9F25,0xBA9F2D,0xBA9F3F,0xBA9F54,0xBA9F5F,0xBA9F67,0xBA9F7C,0xBA9F91,0xBA9FA3,
  0xBA9FAB,0xBA9FBD,0xBA9FCF,0xBA9FD7,0xBA9FE5,0xBA9FF3,0xBAA001,0xBAA00F,0xBAA021,0xBAA033,0xBAA03B,0xBAA043,
  0xBAA04B,0xBAA053,0xBAA065,0xBAA06D,0xBAA075,0xBAA087,0xBAA08F,0xBAA097,0xBAA0A9,0xBAA0BB,0xBAA0C3,0xBAA0D8,
  0xBAA0E0,0xBAA0E8,0xBAA0F0,0xBAA0F8,0xBAA100,0xBAA108,0xBAA121,0xBAA13A,0xBAA142,0xBAA14A,0xBAA163,0xBAA17C,
  0xBAA184,0xBAA18C,0xBAA1A5,0xBAA1BE,0xBAA1C6,0xBAA1CE,0xBAA1E7,0xBAA202,0xBAA20A,0xBAA212,0xBAA224,0xBAA22C,
  0xBAA234,0xBAA23C,0xBAA244,0xBAA24C,0xBAA254,0xBAA25C,0xBAA264,0xBAA26C,0xBAA274,0xBAA27C,0xBAA284,0xBAA28C,
  0xBAA294,0xBAA29C,0xBAA2A4,0xBAA2AC,0xBAA2B4,0xBAA2BC,0xBAA2C4,0xBAA2CC,0xBAA2D4,0xBAA2DC,0xBAA2EE,0xBAA2F6,
  0xBAA2FE,0xBAA306,0xBAA30E,0xBAA316,0xBAA328,0xBAA330,0xBAA33E,0xBAA34C,0xBAA35A,0xBAA368,0xBAA370,0xBAA378,
  0xBAA380,0xBAA388,0xBAA390,0xBAA398,0xBAA3A0,0xBAA3A8,0xBAA3B0,0xBAA3B8,0xBAA3C0,0xBAA3C8,0xBAA3D0,0xBAA3D8,
  0xBAA3E0,0xBAA3E8,0xBAA3F0,0xBAA402,0xBAA40A,0xBAA412,0xBAA424,0xBAA436,0xBAA43E,0xBAA446,0xBAA44E,0xBAA456,
  0xBAA45E,0xBAA470,0xBAA478,0xBAA480,0xBAA488,0xBAA49A,0xBAA4A2,0xBAA4AA,0xBAA4B2,0xBAA4BA,0xBAA4C2,0xBAA4CA,
  0xBAA4D2,0xBAA4DA,0xBAA4E2,0xBAA4EA,0xBAA4F2,0xBAA504,0xBAA516,0xBAA528,0xBAA530,0xBAA538,0xBAA54A,0xBAA552,
  0xBAA55A,0xBAA56C,0xBAA574,0xBAA582,0xBAA590,0xBAA59E,0xBAA5B0,0xBAA5B8,0xBAA5C0,0xBAA5C8,0xBAA5EB,0xBAA5FD,
  0xBAA605,0xBAA628,0xBAA630,0xBAA63E,0xBAA64C,0xBAA65A,0xBAA662,0xBAA66A,0xBAA672,0xBAA67A,0xBAA682,0xBAA68A,
  0xBAA692,0xBAA69A,0xBAA6A2,0xBAA6B4,0xBAA6BC,0xBAA6C4,0xBAA6CC,0xBAA6D4,0xBAA6DC,0xBAA6E4,0xBAA6F6,0xBAA6FE,
  0xBAA706,0xBAA70E,0xBAA716,0xBAA71E,0xBAA726,0xBAA72E,0xBAA736,0xBAA73E,0xBAA746,0xBAA74E,0xBAA756,0xBAA768,
  0xBAA77A,0xBAA78C,0xBAA794,0xBAA79C,0xBAA7A4,0xBAA7AC,0xBAA7BE,0xBAA7D3,0xBAA7DB,0xBAA7E3,0xBAA7EB,0xBAA7F3,
  0xBAA7FB,0xBAA803,0xBAA80B,0xBAA813,0xBAA81B,0xBAA823,0xBAA82B,0xBAA833,0xBAA83B,0xBAA843,0xBAA84B,0xBAA853,
  0xBAA85B,0xBAA863,0xBAA86B,0xBAA87D,0xBAA895,0xBAA89D,0xBAA8AF,0xBAA8BA,0xBAA8C5,0xBAA8D0,0xBAA8DB,0xBAA8E6,
  0xBAA8FB,0xBAA903,0xBAA90B,0xBAA913,0xBAA91B,0xBAA923,0xBAA92B,0xBAA93D,0xBAA94F,0xBAA957,0xBAA965,0xBAA973,
  0xBAA981,0xBAA98B,0xBAA993,0xBAA99B,0xBAA9A3,0xBAA9AB,0xBAA9BD,0xBAA9C5,0xBAA9D3,0xBAA9E1,0xBAA9F9,0xBAAA0B,
  0xBAAA1D,0xBAAA2F,0xBAAA37,0xBAAA3F,0xBAAA47,0xBAAA4F,0xBAAA57,0xBAAA70,0xBAAA89,0xBAAA91,0xBAAA99,0xBAAAA1,
  0xBAAAB3,0xBAAABB,0xBAAACD,0xBAAAE2,0xBAAAF4,0xBAAB06,0xBAAB0E,0xBAAB1C,0xBAAB24,0xBAAB2C,0xBAAB34,0xBAAB3C,
  0xBAAB44,0xBAAB4C,0xBAAB54,0xBAAB5C,0xBAAB64,0xBAAB76,0xBAAB7E,0xBAAB90,0xBAAB98,0xBAABAE,0xBAABBC,0xBAABCA,
  0xBAABD8,0xBAABE6,0xBAABF4,0xBAABFC,0xBAAC0E,0xBAAC20,0xBAAC28,0xBAAC30,0xBAAC42,0xBAAC54,0xBAAC5E,0xBAAC66,
  0xBAAC78,0xBAAC8A,0xBAAC92,0xBAACA4,0xBAACBD,0xBAACCF,0xBAACD7,0xBAACE9,0xBAACFB,0xBAAD03,0xBAAD15,0xBAAD1D,
  0xBAAD2B,0xBAAD39,0xBAAD47,0xBAAD55,0xBAAD63,0xBAAD71,0xBAAD79,0xBAAD81,0xBAAD89,0xBAAD91,0xBAAD99,0xBAADA1,
  0xBAADA9,0xBAADB1,0xBAADB9,0xBAADC1,0xBAADC9,0xBAADD1,0xBAADD9,0xBAADE1,0xBAADE9,0xBAADF1,0xBAADF9,0xBAAE0B,
  0xBAAE13,0xBAAE1B,0xBAAE2D,0xBAAE35,0xBAAE3D,0xBAAE4F,0xBAAE57,0xBAAE6F,0xBAAE77,0xBAAE85,0xBAAE8D,0xBAAE95,
  0xBAAE9D,0xBAAEA5,0xBAAEAD,0xBAAEB5,0xBAAEBD,0xBAAEC5,0xBAAECD,0xBAAED5,0xBAAEDD,0xBAAEE5,0xBAAEED,0xBAAEF5,
  0xBAAF07,0xBAAF19,0xBAAF31,0xBAAF39,0xBAAF4B,0xBAAF5D,0xBAAF6F,0xBAAF77,0xBAAF8C,0xBAAF9E,0xBAAFB0,0xBAAFB8,
  0xBAAFCA,0xBAAFDE,0xBAAFF2,0xBAB006,0xBAB01A,0xBAB038,0xBAB040,0xBAB055,0xBAB067,0xBAB07C,0xBAB084,0xBAB096,
  0xBAB0A8,0xBAB0BA,0xBAB0C7,0xBAB0D9,0xBAB0E6,0xBAB0EE,0xBAB100,0xBAB117,0xBAB11F,0xBAB131,0xBAB139,0xBAB159,
  0xBAB161,0xBAB176,0xBAB17E,0xBAB193,0xBAB19B,0xBAB1A6,0xBAB1B1,0xBAB1BC,0xBAB1D1,0xBAB1D9,0xBAB1E1,0xBAB1E9,
  0xBAB1F1,0xBAB1F9,0xBAB201,0xBAB209,0xBAB21B,0xBAB22F,0xBAB241,0xBAB249,0xBAB254,0xBAB25F,0xBAB26A,0xBAB275,
  0xBAB27D,0xBAB285,0xBAB28D,0xBAB295,0xBAB29D,0xBAB2A5,0xBAB2AD,0xBAB2BA,0xBAB2C2,0xBAB2D4,0xBAB2E6,0xBAB2F8,
  0xBAB300,0xBAB323,0xBAB32B,0xBAB336,0xBAB341,0xBAB349,0xBAB35B,0xBAB363,0xBAB36E,0xBAB379,0xBAB381,0xBAB393,
  0xBAB39E,0xBAB3B3,0xBAB3BE,0xBAB3C9,0xBAB3D1,0xBAB3D9,0xBAB3E1,0xBAB3E9,0xBAB3F1,0xBAB403,0xBAB417,0xBAB429,
  0xBAB434,0xBAB449,0xBAB451,0xBAB459,0xBAB463,0xBAB486,0xBAB49A,0xBAB4AC,0xBAB4B7,0xBAB4C2,0xBAB4D8,0xBAB4E0,
  0xBAB4E8,0xBAB4F0,0xBAB4F8,0xBAB500,0xBAB512,0xBAB526,0xBAB533,0xBAB540,0xBAB557,0xBAB564,0xBAB571,0xBAB583,
  0xBAB590,0xBAB598,0xBAB5A0,0xBAB5B7,0xBAB5BF,0xBAB5CA,0xBAB5DF,0xBAB5EA,0xBAB5F5,0xBAB600,0xBAB615,0xBAB62C,
  0xBAB636,0xBAB64A,0xBAB65C,0xBAB664,0xBAB66E,0xBAB691,0xBAB69E,0xBAB6AB,0xBAB6BD,0xBAB6C5,0xBAB6D7,0xBAB6E9,
  0xBAB6F4,0xBAB6FF,0xBAB70A,0xBAB715,0xBAB72B,0xBAB733,0xBAB73B,0xBAB743,0xBAB74B,0xBAB753,0xBAB75B,0xBAB76D,
  0xBAB781,0xBAB789,0xBAB7AC,0xBAB7B7,0xBAB7CC,0xBAB7D4,0xBAB7DC,0xBAB7EE,0xBAB7F6,0xBAB808,0xBAB810,0xBAB818,
  0xBAB82A,0xBAB835,0xBAB840,0xBAB84B,0xBAB853,0xBAB85B,0xBAB863,0xBAB86B,0xBAB87D,0xBAB891,0xBAB8A3,0xBAB8B8,
  0xBAB8CA,0xBAB8D2,0xBAB8DD,0xBAB8E8,0xBAB8FC,0xBAB904,0xBAB90F,0xBAB924,0xBAB936,0xBAB94A,0xBAB96D,0xBAB985,
  0xBAB99A,0xBAB9B1,0xBAB9C3,0xBAB9CB,0xBAB9D3,0xBAB9DB,0xBAB9FE,0xBABA09,0xBABA14,0xBABA29,0xBABA31,0xBABA46,
  0xBABA4E,0xBABA59,0xBABA6E,0xBABA86,0xBABA8E,0xBABAA0,0xBABAB2,0xBABABA,0xBABAC5,0xBABAD0,0xBABADB,0xBABAE6,
  0xBABAF1,0xBABB06,0xBABB0E,0xBABB22,0xBABB34,0xBABB46,0xBABB51,0xBABB5C,0xBABB67,0xBABB72,0xBABB7D,0xBABB88,
  0xBABB93,0xBABB9E,0xBABBA9,0xBABBB4,0xBABBBF,0xBABBCA,0xBABBD8,0xBABBE6,0xBABBFE,0xBABC12,0xBABC1C,0xBABC26,
  0xBABC30,0xBABC3A,0xBABC4C,0xBABC54,0xBABC62,0xBABC7A,0xBABC88,0xBABCA0,0xBABCB4,0xBABCBC,0xBABCCA,0xBABCE2,
  0xBABCF0,0xBABCFE,0xBABD16,0xBABD28,0xBABD40,0xBABD52,0xBABD64,0xBABD76,0xBABD7E,0xBABD90,0xBABD9B,0xBABDA6,
  0xBABDBC,0xBABDCA,0xBABDE2,0xBABDED,0xBABDF8,0xBABE0E,0xBABE1C,0xBABE34,0xBABE3C,0xBABE4E,0xBABE56,0xBABE61,
  0xBABE6C,0xBABE74,0xBABE7C,0xBABE84,0xBABE8C,0xBABE9E,0xBABEA6,0xBABEC9,0xBABED1,0xBABED9,0xBABEFC,0xBABF04,
  0xBABF27,0xBABF2F,0xBABF37,0xBABF49,0xBABF51,0xBABF74,0xBABF7C,0xBABF9F,0xBABFA7,0xBABFB9,0xBABFCB,0xBABFD3,
  0xBABFDB,0xBABFE3,0xBAC006,0xBAC00E,0xBAC016,0xBAC01E,0xBAC041,0xBAC049,0xBAC05B,0xBAC063,0xBAC075,0xBAC07D,
  0xBAC085,0xBAC09E,0xBAC0A6,0xBAC0B8,0xBAC0CA,0xBAC0DC,0xBAC0E4,0xBAC0F6,0xBAC108,0xBAC11A,0xBAC122,0xBAC134,
  0xBAC150,0xBAC158,0xBAC16D,0xBAC175,0xBAC189,0xBAC194,0xBAC19F,0xBAC1B4,0xBAC1C6,0xBAC1DB,0xBAC1ED,0xBAC201,
  0xBAC213,0xBAC228,0xBAC246,0xBAC25F,0xBAC267,0xBAC279,0xBAC284,0xBAC299,0xBAC2A4,0xBAC2AF,0xBAC2B7,0xBAC2C9,
  0xBAC2D1,0xBAC2E5,0xBAC2F7,0xBAC304,0xBAC311,0xBAC31E,0xBAC330,0xBAC338,0xBAC343,0xBAC34E,0xBAC358,0xBAC362,
  0xBAC36C,0xBAC376,0xBAC380,0xBAC38A,0xBAC394,0xBAC3A8,0xBAC3B0,0xBAC3BB,0xBAC3D0,0xBAC3E2,0xBAC3EF,0xBAC3F7,
  0xBAC404,0xBAC411,0xBAC428,0xBAC43F,0xBAC447,0xBAC44F,0xBAC457,0xBAC45F,0xBAC467,0xBAC46F,0xBAC481,0xBAC489,
  0xBAC496,0xBAC4AD,0xBAC4C4,0xBAC4D6,0xBAC4DE,0xBAC4F5,0xBAC4FD,0xBAC50F,0xBAC517,0xBAC51F,0xBAC527,0xBAC52F,
  0xBAC541,0xBAC553,0xBAC55B,0xBAC579,0xBAC58E,0xBAC5A0,0xBAC5B5,0xBAC5BD,0xBAC5D2,0xBAC5DA,0xBAC5EE,0xBAC600,
  0xBAC612,0xBAC627,0xBAC645,0xBAC657,0xBAC669,0xBAC673,0xBAC67B,0xBAC69E,0xBAC6A6,0xBAC6BB,0xBAC6CD,0xBAC6DF,
  0xBAC6F1,0xBAC6F9,0xBAC70E,0xBAC718,0xBAC720,0xBAC743,0xBAC74B,0xBAC760,0xBAC772,0xBAC77A,0xBAC784,0xBAC78E,
  0xBAC798,0xBAC7A2,0xBAC7AC,0xBAC7C0,0xBAC7D4,0xBAC7E8,0xBAC7F0,0xBAC7FA,0xBAC804,0xBAC80E,0xBAC818,0xBAC822,
  0xBAC82C,0xBAC836,0xBAC84A,0xBAC852,0xBAC85C,0xBAC866,0xBAC87A,0xBAC882,0xBAC88C,0xBAC8A0,0xBAC8A8,0xBAC8B0,
  0xBAC8B8,0xBAC8C3,0xBAC8CB,0xBAC8DD,0xBAC8F1,0xBAC8F9,0xBAC901,0xBAC913,0xBAC91B,0xBAC925,0xBAC92F,0xBAC939,
  0xBAC943,0xBAC94D,0xBAC961,0xBAC975,0xBAC987,0xBAC99B,0xBAC9AF,0xBAC9C3,0xBAC9D7,0xBAC9EC,0xBAC9FE,0xBACA12,
  0xBACA24,0xBACA36,0xBACA4A,0xBACA5C,0xBACA64,0xBACA79,0xBACA81,0xBACA89,0xBACA9B,0xBACAA3,0xBACAAB,0xBACAC0,
  0xBACACA,0xBACADE,0xBACAF0,0xBACB02,0xBACB0A,0xBACB1C,0xBACB30,0xBACB3B,0xBACB46,0xBACB5B,0xBACB63,0xBACB75,
  0xBACB87,0xBACB92,0xBACB9D,0xBACBA8,0xBACBB3,0xBACBBB,0xBACBC3,0xBACBCB,0xBACBD3,0xBACBDB,0xBACBE3,0xBACBEB,
  0xBACBF3,0xBACC05,0xBACC0D,0xBACC15,0xBACC1D,0xBACC25,0xBACC37,0xBACC3F,0xBACC47,0xBACC59,0xBACC6D,0xBACC7F,
  0xBACC87,0xBACC99,0xBACCAB,0xBACCB3,0xBACCBE,0xBACCC9,0xBACCDE,0xBACCE6,0xBACCF1,0xBACCFC,0xBACD07,0xBACD12,
  0xBACD1D,0xBACD32,0xBACD3A,0xBACD45,0xBACD5A,0xBACD62,0xBACD6A,0xBACD74,0xBACD7C,0xBACD84,0xBACD8C,0xBACD94,
  0xBACD9C,0xBACDA4,0xBACDAC,0xBACDB4,0xBACDBC,0xBACDC4,0xBACDCC,0xBACDD4,0xBACDDC,0xBACDE4,0xBACDEC,0xBACDF4,
  0xBACDFC,0xBACE04,0xBACE0C,0xBACE14,0xBACE1C,0xBACE24,0xBACE36,0xBACE3E,0xBACE50,0xBACE58,0xBACE60,0xBACE68,
  0xBACE70,0xBACE82,0xBACE8A,0xBACE95,0xBACEA0,0xBACEA8,0xBACEB0,0xBACEC2,0xBACECA,0xBACED2,0xBACEDD,0xBACEE8,
  0xBACEF3,0xBACEFE,0xBACF09,0xBACF14,0xBACF1F,0xBACF27,0xBACF2F,0xBACF37,0xBACF3F,0xBACF47,0xBACF4F,0xBACF57,
  0xBACF5F,0xBACF67,0xBACF6F,0xBACF77,0xBACF7F,0xBACF87,0xBACF8F,0xBACF97,0xBACFA9,0xBACFB1,0xBACFBC,0xBACFC7,
  0xBACFD2,0xBACFDD,0xBACFE8,0xBACFFD,0xBAD005,0xBAD019,0xBAD021,0xBAD033,0xBAD03B,0xBAD043,0xBAD055,0xBAD067,
  0xBAD06F,0xBAD081,0xBAD08B,0xBAD09F,0xBAD0A7,0xBAD0AF,0xBAD0B7,0xBAD0DA,0xBAD0E2,0xBAD0F4,0xBAD106,0xBAD11E,
  0xBAD126,0xBAD131,0xBAD13C,0xBAD147,0xBAD152,0xBAD15D,0xBAD168,0xBAD176,0xBAD18E,0xBAD1A0,0xBAD1A8,0xBAD1B3,
  0xBAD1BE,0xBAD1C9,0xBAD1D4,0xBAD1DF,0xBAD1F4,0xBAD1FC,0xBAD204,0xBAD20C,0xBAD21E,0xBAD232,0xBAD244,0xBAD24C,
  0xBAD25E,0xBAD266,0xBAD271,0xBAD27C,0xBAD287,0xBAD295,0xBAD2A3,0xBAD2B1,0xBAD2BF,0xBAD2D3,0xBAD2DD,0xBAD2F1,
  0xBAD303,0xBAD30B,0xBAD316,0xBAD321,0xBAD32C,0xBAD33A,0xBAD348,0xBAD360,0xBAD375,0xBAD37D,0xBAD388,0xBAD393,
  0xBAD39E,0xBAD3A9,0xBAD3B4,0xBAD3C9,0xBAD3D1,0xBAD3DC,0xBAD3E7,0xBAD3F2,0xBAD407,0xBAD41B,0xBAD42D,0xBAD438,
  0xBAD443,0xBAD44B,0xBAD45D,0xBAD465,0xBAD46D,0xBAD475,0xBAD480,0xBAD488,0xBAD493,0xBAD49E,0xBAD4A9,0xBAD4B1,
  0xBAD4BC,0xBAD4CE,0xBAD4D6,0xBAD4DE,0xBAD4F0,0xBAD4F8,0xBAD50D,0xBAD51F,0xBAD529,0xBAD53D,0xBAD545,0xBAD553,
  0xBAD561,0xBAD56F,0xBAD57D,0xBAD58B,0xBAD599,0xBAD5A7,0xBAD5B5,0xBAD5C3,0xBAD5D1,0xBAD5DF,0xBAD5ED,0xBAD5FB,
  0xBAD609,0xBAD621,0xBAD629,0xBAD63B,0xBAD646,0xBAD651,0xBAD65C,0xBAD667,0xBAD672,0xBAD67D,0xBAD693,0xBAD6AB,
  0xBAD6B9,0xBAD6C7,0xBAD6D5,0xBAD6E3,0xBAD6F1,0xBAD6FF,0xBAD70D,0xBAD725,0xBAD72D,0xBAD73B,0xBAD749,0xBAD757,
  0xBAD765,0xBAD77D,0xBAD78F,0xBAD7A1,0xBAD7A9,0xBAD7C2,0xBAD7D7,0xBAD7DF,0xBAD7F8,0xBAD80D,0xBAD81F,0xBAD831,
  0xBAD843,0xBAD84B,0xBAD863,0xBAD86E,0xBAD87C,0xBAD894,0xBAD89F,0xBAD8AD,0xBAD8BB,0xBAD8C9,0xBAD8E1,0xBAD8EC,
  0xBAD8FA,0xBAD908,0xBAD916,0xBAD924,0xBAD93C,0xBAD944,0xBAD95D,0xBAD972,0xBAD97A,0xBAD993,0xBAD9A8,0xBAD9BD,
  0xBAD9C5,0xBAD9D0,0xBAD9DB,0xBAD9F0,0xBAD9F8,0xBADA03,0xBADA0E,0xBADA23,0xBADA2B,0xBADA36,0xBADA41,0xBADA56,
  0xBADA5E,0xBADA69,0xBADA74,0xBADA89,0xBADA94,0xBADA9C,0xBADAA4,0xBADAAC,0xBADACF,0xBADAD7,0xBADADF,0xBADAF1,
  0xBADAF9,0xBADB0E,0xBADB16,0xBADB2B,0xBADB33,0xBADB48,0xBADB50,0xBADB58,0xBADB60,0xBADB68,0xBADB70,0xBADB85,
  0xBADB97,0xBADBA9,0xBADBBB,0xBADBD3,0xBADBDB,0xBADBE6,0xBADBF1,0xBADBFC,0xBADC07,0xBADC12,0xBADC1D,0xBADC2B,
  0xBADC39,0xBADC47,0xBADC5F,0xBADC6A,0xBADC75,0xBADC7D,0xBADC88,0xBADC90,0xBADC98,0xBADCAA,0xBADCB5,0xBADCBD,
  0xBADCC5,0xBADCCD,0xBADCD5,0xBADCDD,0xBADCE5,0xBADCED,0xBADCF5,0xBADCFD,0xBADD08,0xBADD10,0xBADD18,0xBADD20,
  0xBADD28,0xBADD30,0xBADD38,0xBADD40,0xBADD48,0xBADD50,0xBADD58,0xBADD60,0xBADD68,0xBADD7D,0xBADD92,0xBADD9A,
  0xBADDA5,0xBADDB0,0xBADDBB,0xBADDC6,0xBADDD1,0xBADDDC,0xBADDEA,0xBADE02,0xBADE16,0xBADE28,0xBADE33,0xBADE48,
  0xBADE50,0xBADE58,0xBADE6D,0xBADE75,0xBADE7D,0xBADE92,0xBADE9A,0xBADEA2,0xBADEB7,0xBADEBF,0xBADEC7,0xBADEDC,
  0xBADEE4,0xBADEF6,0xBADEFE,0xBADF10,0xBADF18,0xBADF3B,0xBADF4D,0xBADF55,0xBADF67,0xBADF80,0xBADF88,0xBADF9A,
  0xBADFAC,0xBADFB7,0xBADFC9,0xBADFDB,0xBADFE3,0xBADFF8,0xBAE00A,0xBAE012,0xBAE01D,0xBAE032,0xBAE044,0xBAE04F,
  0xBAE064,0xBAE06F,0xBAE07A,0xBAE08F,0xBAE0A1,0xBAE0B3,0xBAE0C7,0xBAE0CF,0xBAE0DA,0xBAE0EC,0xBAE0F7,0xBAE109,
  0xBAE11B,0xBAE12F,0xBAE141,0xBAE153,0xBAE15B,0xBAE170,0xBAE184,0xBAE18F,0xBAE1A1,0xBAE1B3,0xBAE1C7,0xBAE1D9,
  0xBAE1ED,0xBAE1F5,0xBAE1FD,0xBAE20F,0xBAE217,0xBAE22C,0xBAE234,0xBAE246,0xBAE251,0xBAE263,0xBAE26B,0xBAE27D,
  0xBAE285,0xBAE29A,0xBAE2A5,0xBAE2B7,0xBAE2C9,0xBAE2D1,0xBAE2DC,0xBAE2EE,0xBAE300,0xBAE30B,0xBAE31D,0xBAE32F,
  0xBAE337,0xBAE34C,0xBAE35E,0xBAE369,0xBAE37B,0xBAE386,0xBAE398,0xBAE3A3,0xBAE3B5,0xBAE3C0,0xBAE3D2,0xBAE3DD,
  0xBAE3EF,0xBAE3FA,0xBAE40C,0xBAE417,0xBAE429,0xBAE434,0xBAE446,0xBAE451,0xBAE463,0xBAE46E,0xBAE480,0xBAE492,
  0xBAE49F,0xBAE4B1,0xBAE4BC,0xBAE4CE,0xBAE4D9,0xBAE4EB,0xBAE4FD,0xBAE505,0xBAE51A,0xBAE52C,0xBAE537,0xBAE549,
  0xBAE55B,0xBAE563,0xBAE578,0xBAE580,0xBAE595,0xBAE5A0,0xBAE5B2,0xBAE5BD,0xBAE5CF,0xBAE5E1,0xBAE5F3,0xBAE605,
  0xBAE60D,0xBAE622,0xBAE62D,0xBAE63F,0xBAE651,0xBAE659,0xBAE664,0xBAE676,0xBAE688,0xBAE693,0xBAE6A5,0xBAE6AD,
  0xBAE6C2,0xBAE6CA,0xBAE6DF,0xBAE6E7,0xBAE6FC,0xBAE707,0xBAE719,0xBAE721,0xBAE736,0xBAE73E,0xBAE753,0xBAE75B,
  0xBAE770,0xBAE77B,0xBAE78D,0xBAE795,0xBAE79D,0xBAE7A5,0xBAE7AD,0xBAE7B5,0xBAE7C7,0xBAE7DB,0xBAE7E5,0xBAE7F9,
  0xBAE804,0xBAE80F,0xBAE81A,0xBAE825,0xBAE830,0xBAE83B,0xBAE846,0xBAE851,0xBAE85C,0xBAE867,0xBAE872,0xBAE87D,
  0xBAE88B,0xBAE899,0xBAE8B1,0xBAE8C6,0xBAE8D8,0xBAE8E3,0xBAE8EE,0xBAE8F9,0xBAE904,0xBAE90F,0xBAE91A,0xBAE925,
  0xBAE930,0xBAE93B,0xBAE946,0xBAE951,0xBAE95C,0xBAE96A,0xBAE978,0xBAE986,0xBAE99E,0xBAE9A6,0xBAE9BB,0xBAE9CD,
  0xBAE9D8,0xBAE9E3,0xBAE9EE,0xBAEA03,0xBAEA15,0xBAEA1D,0xBAEA25,0xBAEA2F,0xBAEA52,0xBAEA64,0xBAEA76,0xBAEA88,
  0xBAEA9A,0xBAEAA2,0xBAEAAA,0xBAEABF,0xBAEAC9,0xBAEADB,0xBAEAEF,0xBAEB12,0xBAEB29,0xBAEB3B,0xBAEB4D,0xBAEB55,
  0xBAEB6A,0xBAEB72,0xBAEB7D,0xBAEB85,0xBAEB9C,0xBAEBA4,0xBAEBB8,0xBAEBC0,0xBAEBD4,0xBAEBE6,0xBAEBF8,0xBAEC10,
  0xBAEC24,0xBAEC36,0xBAEC3E,0xBAEC49,0xBAEC54,0xBAEC5F,0xBAEC6A,0xBAEC75,0xBAEC80,0xBAEC95,0xBAEC9D,0xBAECAF,
  0xBAECB7,0xBAECC1,0xBAECD3,0xBAECE5,0xBAECF7,0xBAECFF,0xBAED13,0xBAED28,0xBAED30,0xBAED45,0xBAED4D,0xBAED62,
  0xBAED74,0xBAED7C,0xBAED8E,0xBAED96,0xBAEDA1,0xBAEDA9,0xBAEDB1,0xBAEDC5,0xBAEDCD,0xBAEDEB,0xBAEDF3,0xBAEE11,
  0xBAEE19,0xBAEE37,0xBAEE3F,0xBAEE54,0xBAEE5C,0xBAEE71,0xBAEE79,0xBAEE8E,0xBAEE98,0xBAEEBB,0xBAEEC6,0xBAEED1,
  0xBAEEE6,0xBAEEF8,0xBAEF00,0xBAEF12,0xBAEF2B,0xBAEF35,0xBAEF4E,0xBAEF71,0xBAEF7B,0xBAEF94,0xBAEFAD,0xBAEFD0,
  0xBAEFD8,0xBAEFE2,0xBAEFFB,0xBAF01E,0xBAF028,0xBAF04B,0xBAF055,0xBAF078,0xBAF08C,0xBAF094,0xBAF0A6,0xBAF0B1,
  0xBAF0BC,0xBAF0C7,0xBAF0DC,0xBAF0E4,0xBAF0EC,0xBAF0F4,0xBAF0FC,0xBAF11F,0xBAF127,0xBAF139,0xBAF141,0xBAF149,
  0xBAF151,0xBAF159,0xBAF16B,0xBAF17D,0xBAF188,0xBAF193,0xBAF19E,0xBAF1A9,0xBAF1B1,0xBAF1B9,0xBAF1CB,0xBAF1D3,
  0xBAF1E7,0xBAF1F9,0xBAF20B,0xBAF21D,0xBAF225,0xBAF22D,0xBAF23F,0xBAF247,0xBAF25F,0xBAF267,0xBAF26F,0xBAF277,
  0xBAF289,0xBAF291,0xBAF299,0xBAF2A1,0xBAF2B3,0xBAF2BB,0xBAF2C5,0xBAF2D7,0xBAF2DF,0xBAF2F8,0xBAF300,0xBAF308,
  0xBAF310,0xBAF318,0xBAF32A,0xBAF33C,0xBAF344,0xBAF34F,0xBAF35A,0xBAF365,0xBAF370,0xBAF37A,0xBAF382,0xBAF38A,
  0xBAF392,0xBAF3A4,0xBAF3BD,0xBAF3C5,0xBAF3CD,0xBAF3D5,0xBAF3DD,0xBAF3E5,0xBAF3ED,0xBAF3F5,0xBAF3FD,0xBAF405,
  0xBAF40D,0xBAF415,0xBAF41D,0xBAF42F,0xBAF441,0xBAF449,0xBAF451,0xBAF463,0xBAF46B,0xBAF47D,0xBAF485,0xBAF497,
  0xBAF49F,0xBAF4A7,0xBAF4B9,0xBAF4CB,0xBAF4DD,0xBAF4EA,0xBAF4F2,0xBAF4FF,0xBAF507,0xBAF50F,0xBAF51C,0xBAF52E,
  0xBAF547,0xBAF54F,0xBAF557,0xBAF55F,0xBAF571,0xBAF579,0xBAF584,0xBAF58F,0xBAF59A,0xBAF5AF,0xBAF5C1,0xBAF5C9,
  0xBAF5D4,0xBAF5E2,0xBAF5F4,0xBAF5FC,0xBAF604,0xBAF60C,0xBAF61E,0xBAF626,0xBAF62E,0xBAF651,0xBAF669,0xBAF671,
  0xBAF683,0xBAF695,0xBAF6A7,0xBAF6B9,0xBAF6C1,0xBAF6C9,0xBAF6D1,0xBAF6D9,0xBAF6E1,0xBAF6F3,0xBAF6FB,0xBAF703,
  0xBAF70B,0xBAF716,0xBAF71E,0xBAF726,0xBAF72E,0xBAF736,0xBAF73E,0xBAF746,0xBAF74E,0xBAF756,0xBAF75E,0xBAF766,
  0xBAF76E,0xBAF780,0xBAF792,0xBAF79A,0xBAF7A2,0xBAF7AA,0xBAF7B2,0xBAF7C4,0xBAF7CC,0xBAF7D4,0xBAF7DC,0xBAF7E4,
  0xBAF7EC,0xBAF7F4,0xBAF806,0xBAF80E,0xBAF816,0xBAF828,0xBAF830,0xBAF838,0xBAF840,0xBAF848,0xBAF850,0xBAF858,
  0xBAF860,0xBAF868,0xBAF870,0xBAF878,0xBAF880,0xBAF888,0xBAF890,0xBAF898,0xBAF8A0,0xBAF8B2,0xBAF8BA,0xBAF8C2,
  0xBAF8D4,0xBAF8DC,0xBAF8E4,0xBAF8F6,0xBAF8FE,0xBAF906,0xBAF90E,0xBAF916,0xBAF91E,0xBAF926,0xBAF92E,0xBAF936,
  0xBAF93E,0xBAF950,0xBAF958,0xBAF96A,0xBAF972,0xBAF97D,0xBAF985,0xBAF98D,0xBAF995,0xBAF99D,0xBAF9A5,0xBAF9AD,
  0xBAF9B5,0xBAF9BD,0xBAF9C5,0xBAF9CD,0xBAF9D5,0xBAF9DD,0xBAF9E5,0xBAF9ED,0xBAF9F5,0xBAFA00,0xBAFA08,0xBAFA10,
  0xBAFA18,0xBAFA23,0xBAFA2E,0xBAFA36,0xBAFA3E,0xBAFA46,0xBAFA51,0xBAFA5C,0xBAFA71,0xBAFA83,0xBAFA95,0xBAFA9D,
  0xBAFAA8,0xBAFAB6,0xBAFABE,0xBAFAC6,0xBAFACE,0xBAFAD6,0xBAFADE,0xBAFAE6,0xBAFAEE,0xBAFAF6,0xBAFB08,0xBAFB1A,
  0xBAFB2C,0xBAFB3E,0xBAFB46,0xBAFB4E,0xBAFB56,0xBAFB5E,0xBAFB70,0xBAFB82,0xBAFB8A,0xBAFB92,0xBAFB9D,0xBAFBA8,
  0xBAFBB0,0xBAFBC2,0xBAFBD4,0xBAFBDF,0xBAFBEA,0xBAFBF2,0xBAFBFA,0xBAFC0C,0xBAFC14,0xBAFC26,0xBAFC2E,0xBAFC43,
  0xBAFC4B,0xBAFC53,0xBAFC5B,0xBAFC63,0xBAFC6D,0xBAFC90,0xBAFCA5,0xBAFCB7,0xBAFCBF,0xBAFCDD,0xBAFCE5,0xBAFCF9,
  0xBAFD0D,0xBAFD21,0xBAFD35,0xBAFD49,0xBAFD54,0xBAFD5F,0xBAFD6A,0xBAFD75,0xBAFD80,0xBAFD95,0xBAFDA7,0xBAFDAF,
  0xBAFDC4,0xBAFDCC,0xBAFDD7,0xBAFDE2,0xBAFDED,0xBAFDF8,0xBAFE03,0xBAFE0E,0xBAFE19,0xBAFE24,0xBAFE2F,0xBAFE3A,
  0xBAFE4F,0xBAFE63,0xBAFE75,0xBAFE87,0xBAFE99,0xBAFEA3,0xBAFEB7,0xBAFECB,0xBAFEDD,0xBAFEE5,0xBAFF03,0xBAFF0B,
  0xBAFF29,0xBAFF31,0xBAFF4F,0xBAFF57,0xBAFF6B,0xBAFF7F,0xBAFF93,0xBAFFA7,0xBAFFB2,0xBAFFBD,0xBAFFC8,0xBAFFD3,
  0xBAFFE8,0xBAFFF0,0xBB0005,0xBB000D,0xBB0022,0xBB002A,0xBB003F,0xBB0047,0xBB0052,0xBB005D,0xBB0068,0xBB0073,
  0xBB007E,0xBB0089,0xBB0094,0xBB009F,0xBB00B4,0xBB00C8,0xBB00D0,0xBB00E4,0xBB00F6,0xBB0108,0xBB011A,0xBB0124,
  0xBB0136,0xBB0148,0xBB015C,0xBB0166,0xBB0178,0xBB0182,0xBB0196,0xBB01AA,0xBB01BC,0xBB01CE,0xBB01D6,0xBB01EA,
  0xBB01FE,0xBB0209,0xBB0214,0xBB021F,0xBB0234,0xBB023C,0xBB0247,0xBB0252,0xBB025D,0xBB0268,0xBB0273,0xBB0288,
  0xBB0290,0xBB02A4,0xBB02B6,0xBB02BE,0xBB02D2,0xBB02DD,0xBB02E8,0xBB02FD,0xBB030F,0xBB0321,0xBB0329,0xBB0333,
  0xBB0345,0xBB034D,0xBB035F,0xBB0373,0xBB037B,0xBB0386,0xBB0391,0xBB039C,0xBB03B1,0xBB03B9,0xBB03CD,0xBB03D5,
  0xBB03F8,0xBB0402,0xBB0425,0xBB042D,0xBB0435,0xBB043D,0xBB0445,0xBB0457,0xBB0469,0xBB047B,0xBB048D,0xBB0495,
  0xBB04A0,0xBB04A8,0xBB04B0,0xBB04B8,0xBB04CA,0xBB04D2,0xBB04DD,0xBB04E5,0xBB04ED,0xBB04F5,0xBB0507,0xBB051B,
  0xBB0523,0xBB052D,0xBB053F,0xBB0549,0xBB056C,0xBB057E,0xBB0586,0xBB059A,0xBB05AE,0xBB05B9,0xBB05C4,0xBB05CF,
  0xBB05DA,0xBB05E5,0xBB05FA,0xBB0602,0xBB060D,0xBB0618,0xBB0623,0xBB062E,0xBB0639,0xBB0644,0xBB064F,0xBB065A,
  0xBB0662,0xBB066A,0xBB0672,0xBB067A,0xBB0682,0xBB068A,0xBB0692,0xBB069A,0xBB06A2,0xBB06AA,0xBB06B2,0xBB06BA,
  0xBB06C2,0xBB06CA,0xBB06DC,0xBB06E4,0xBB06EF,0xBB0704,0xBB0716,0xBB071E,0xBB0729,0xBB0734,0xBB073F,0xBB0747,
  0xBB0759,0xBB076B,0xBB077D,0xBB0785,0xBB078D,0xBB0795,0xBB079D,0xBB07A7,0xBB07CA,0xBB07D2,0xBB07DA,0xBB07FD,
  0xBB0805,0xBB080D,0xBB0830,0xBB0838,0xBB0843,0xBB084E,0xBB0863,0xBB0875,0xBB0887,0xBB088F,0xBB08A1,0xBB08A9,
  0xBB08B1,0xBB08C3,0xBB08D5,0xBB08E7,0xBB08EF,0xBB08FA,0xBB0905,0xBB0910,0xBB0918,0xBB0920,0xBB0928,0xBB0930,
  0xBB0938,0xBB0940,0xBB0948,0xBB095A,0xBB0962,0xBB096A,0xBB0972,0xBB0984,0xBB098C,0xBB09AA,0xBB09BC,0xBB09C4,
  0xBB09D6,0xBB09DE,0xBB09E6,0xBB09F8,0xBB0A00,0xBB0A08,0xBB0A1A,0xBB0A22,0xBB0A37,0xBB0A49,0xBB0A51,0xBB0A59,
  0xBB0A6E,0xBB0A76,0xBB0A8A,0xBB0A9E,0xBB0AA9,0xBB0AB4,0xBB0ABF,0xBB0AD4,0xBB0ADC,0xBB0AE4,0xBB0AF6,0xBB0AFE,
  0xBB0B06,0xBB0B0E,0xBB0B27,0xBB0B31,0xBB0B4A,0xBB0B5C,0xBB0B6E,0xBB0B80,0xBB0B8A,0xBB0BAD,0xBB0BB5,0xBB0BC0,
  0xBB0BCB,0xBB0BD6,0xBB0BE1,0xBB0BEC,0xBB0BF7,0xBB0BFF,0xBB0C07,0xBB0C0F,0xBB0C17,0xBB0C1F,0xBB0C27,0xBB0C2F,
  0xBB0C41,0xBB0C4B,0xBB0C6E,0xBB0C80,0xBB0C88,0xBB0C93,0xBB0C9E,0xBB0CA9,0xBB0CBE,0xBB0CC6,0xBB0CD1,0xBB0CDC,
  0xBB0CE7,0xBB0CF2,0xBB0CFA,0xBB0D02,0xBB0D0A,0xBB0D12,0xBB0D1A,0xBB0D2C,0xBB0D34,0xBB0D49,0xBB0D51,0xBB0D63,
  0xBB0D6B,0xBB0D76,0xBB0D81,0xBB0D89,0xBB0D9B,0xBB0DAD,0xBB0DB8,0xBB0DCD,0xBB0DD8,0xBB0DE3,0xBB0DEE,0xBB0DF6,
  0xBB0E08,0xBB0E1C,0xBB0E24,0xBB0E2C,0xBB0E34,0xBB0E46,0xBB0E4E,0xBB0E56,0xBB0E5E,0xBB0E66,0xBB0E6E,0xBB0E80,
  0xBB0E88,0xBB0E93,0xBB0E9E,0xBB0EA9,0xBB0EB4,0xBB0ECC,0xBB0ED4,0xBB0EDF,0xBB0EEA,0xBB0EF5,0xBB0F0A,0xBB0F1C,
  0xBB0F24,0xBB0F2C,0xBB0F34,0xBB0F3C,0xBB0F44,0xBB0F4C,0xBB0F5E,0xBB0F66,0xBB0F71,0xBB0F7F,0xBB0F97,0xBB0FA9,
  0xBB0FC2,0xBB0FD4,0xBB0FE6,0xBB0FEE,0xBB0FF9,0xBB1007,0xBB1015,0xBB1023,0xBB1035,0xBB103D,0xBB1045,0xBB1057,
  0xBB105F,0xBB1071,0xBB1079,0xBB108B,0xBB1093,0xBB10A5,0xBB10AD,0xBB10B5,0xBB10BD,0xBB10C5,0xBB10D7,0xBB10DF,
  0xBB10F1,0xBB10F9,0xBB110E,0xBB1120,0xBB112A,0xBB1134,0xBB113C,0xBB1144,0xBB1156,0xBB115E,0xBB1166,0xBB1178,
  0xBB1180,0xBB11A3,0xBB11AB,0xBB11B3,0xBB11BB,0xBB11C3,0xBB11CB,0xBB11DD,0xBB11EF,0xBB1201,0xBB1209,0xBB121B,
  0xBB122D,0xBB123F,0xBB1247,0xBB126A,0xBB127C,0xBB1286,0xBB129A,0xBB12AC,0xBB12B4,0xBB12C6,0xBB12CE,0xBB12D6,
  0xBB12DE,0xBB12E6,0xBB12EE,0xBB1300,0xBB1312,0xBB131A,0xBB1325,0xBB132D,0xBB133F,0xBB1347,0xBB1352,0xBB1364,
  0xBB136C,0xBB1374,0xBB137C,0xBB1384,0xBB1399,0xBB13AB,0xBB13BD,0xBB13C5,0xBB13D7,0xBB13DF,0xBB13F1,0xBB13F9,
  0xBB140B,0xBB1413,0xBB141B,0xBB1423,0xBB142B,0xBB1433,0xBB143B,0xBB1443,0xBB144B,0xBB1453,0xBB145B,0xBB146D,
  0xBB1481,0xBB1489,0xBB149B,0xBB14AD,0xBB14BF,0xBB14C7,0xBB14D9,0xBB14F1,0xBB1503,0xBB1517,0xBB1529,0xBB153B,
  0xBB154D,0xBB1555,0xBB155D,0xBB156F,0xBB1583,0xBB1595,0xBB159D,0xBB15AF,0xBB15C1,0xBB15D3,0xBB15E5,0xBB1605,
  0xBB160D,0xBB1618,0xBB162D,0xBB1635,0xBB1640,0xBB164B,0xBB1660,0xBB1672,0xBB167C,0xBB1686,0xBB1690,0xBB169A,
  0xBB16A4,0xBB16AE,0xBB16B8,0xBB16C2,0xBB16CC,0xBB16D6,0xBB16E0,0xBB16EA,0xBB16F4,0xBB16FE,0xBB1708,0xBB1712,
  0xBB171C,0xBB1726,0xBB1730,0xBB173A,0xBB1744,0xBB174E,0xBB1758,0xBB1762,0xBB176C,0xBB1776,0xBB1780,0xBB178A,
  0xBB1794,0xBB179E,0xBB17A8,0xBB17B2,0xBB17BC,0xBB17C6,0xBB17D0,0xBB17DA,0xBB17E4,0xBB17EE,0xBB17F8,0xBB1802,
  0xBB180C,0xBB1816,0xBB1820,0xBB182A,0xBB1834,0xBB183E,0xBB1848,0xBB1852,0xBB185C,0xBB1866,0xBB1870,0xBB187A,
  0xBB188E,0xBB18A0,0xBB18B4,0xBB18C8,0xBB18D0,0xBB18D8,0xBB18FB,0xBB190F,0xBB1923,0xBB192D,0xBB1937,0xBB1941,
  0xBB1953,0xBB1967,0xBB197B,0xBB198F,0xBB19A3,0xBB19B7,0xBB19CB,0xBB19D5,0xBB19E9,0xBB19FB,0xBB1A0D,0xBB1A1F,
  0xBB1A29,0xBB1A3D,0xBB1A4F,0xBB1A59,0xBB1A6D,0xBB1A77,0xBB1A89,0xBB1A93,0xBB1AA5,0xBB1AB9,0xBB1ACD,0xBB1AD5,
  0xBB1AE9,0xBB1AF1,0xBB1B05,0xBB1B0D,0xBB1B21,0xBB1B29,0xBB1B3D,0xBB1B45,0xBB1B59,0xBB1B61,0xBB1B75,0xBB1B7D,
  0xBB1B85,0xBB1B99,0xBB1BA3,0xBB1BAD,0xBB1BB7,0xBB1BC1,0xBB1BCB,0xBB1BDF,0xBB1BF1,0xBB1C0A,0xBB1C12,0xBB1C1C,
  0xBB1C30,0xBB1C44,0xBB1C56,0xBB1C68,0xBB1C70,0xBB1C93,0xBB1CA5,0xBB1CAD,0xBB1CB5,0xBB1CBD,0xBB1CCF,0xBB1CD7,
  0xBB1CF0,0xBB1D09,0xBB1D1B,0xBB1D2D,0xBB1D3F,0xBB1D51,0xBB1D63,0xBB1D6B,0xBB1D80,0xBB1D8A,0xBB1DAD,0xBB1DBF,
  0xBB1DC7,0xBB1DD9,0xBB1DEB,0xBB1DFD,0xBB1E0A,0xBB1E17,0xBB1E21,0xBB1E2B,0xBB1E35,0xBB1E3F,0xBB1E49,0xBB1E53,
  0xBB1E67,0xBB1E79,0xBB1E8B,0xBB1E93,0xBB1EA7,0xBB1EB2,0xBB1EBD,0xBB1ED2,0xBB1EDC,0xBB1EF0,0xBB1F02,0xBB1F14,
  0xBB1F29,0xBB1F31,0xBB1F43,0xBB1F57,0xBB1F69,0xBB1F71,0xBB1F94,0xBB1F9C,0xBB1FB0,0xBB1FB8,0xBB1FC3,0xBB1FCE,
  0xBB1FD9,0xBB1FE4,0xBB1FF9,0xBB200B,0xBB2013,0xBB201E,0xBB2033,0xBB2045,0xBB204D,0xBB2061,0xBB206C,0xBB2081,
  0xBB2095,0xBB20A7,0xBB20AF,0xBB20BA,0xBB20CF,0xBB20DA,0xBB20E5,0xBB20ED,0xBB20FF,0xBB2111,0xBB2123,0xBB212B,
  0xBB213D,0xBB2145,0xBB215A,0xBB2162,0xBB216A,0xBB217C,0xBB218E,0xBB2196,0xBB21A1,0xBB21B6,0xBB21C8,0xBB21DA,
  0xBB21E2,0xBB21ED,0xBB2202,0xBB2214,0xBB221C,0xBB2226,0xBB2231,0xBB223C,0xBB2250,0xBB2258,0xBB227B,0xBB2283,
  0xBB228B,0xBB22AE,0xBB22B6,0xBB22BE,0xBB22D0,0xBB22D8,0xBB22E3,0xBB22EE,0xBB22F9,0xBB2304,0xBB230F,0xBB231A,
  0xBB232F,0xBB2341,0xBB2349,0xBB235B,0xBB2363,0xBB236B,0xBB2373,0xBB237B,0xBB2383,0xBB238E,0xBB2396,0xBB239E,
  0xBB23B3,0xBB23C5,0xBB23CD,0xBB23E2,0xBB23F4,0xBB2406,0xBB2418,0xBB242A,0xBB243F,0xBB244A,0xBB2455,0xBB2460,
  0xBB2475,0xBB2487,0xBB2499,0xBB24A4,0xBB24AF,0xBB24C3,0xBB24D7,0xBB24E2,0xBB24F7,0xBB250C,0xBB251E,0xBB2526,
  0xBB2531,0xBB2545,0xBB254D,0xBB2562,0xBB2574,0xBB257C,0xBB2584,0xBB25A7,0xBB25BC,0xBB25CE,0xBB25E0,0xBB25E8,
  0xBB25FA,0xBB2602,0xBB260A,0xBB2612,0xBB261A,0xBB2622,0xBB262A,0xBB2632,0xBB263A,0xBB2653,0xBB2665,0xBB266D,
  0xBB2675,0xBB267D,0xBB2685,0xBB268D,0xBB2695,0xBB269D,0xBB26A5,0xBB26B7,0xBB26BF,0xBB26C7,0xBB26D9,0xBB26EB,
  0xBB26FD,0xBB2705,0xBB270D,0xBB2715,0xBB271D,0xBB272F,0xBB2744,0xBB274C,0xBB2760,0xBB2774,0xBB277F,0xBB278D,
  0xBB279B,0xBB27B3,0xBB27BB,0xBB27C3,0xBB27CB,0xBB27D3,0xBB27DB,0xBB27E3,0xBB27EB,0xBB27F3,0xBB27FB,0xBB2803,
  0xBB280B,0xBB2813,0xBB281B,0xBB2823,0xBB282B,0xBB283D,0xBB284F,0xBB2857,0xBB285F,0xBB2871,0xBB2883,0xBB288B,
  0xBB2893,0xBB289B,0xBB28A3,0xBB28AB,0xBB28BD,0xBB28C5,0xBB28CD,0xBB28E2,0xBB28EA,0xBB28F2,0xBB2907,0xBB290F,
  0xBB2917,0xBB292C,0xBB2937,0xBB2949,0xBB2951,0xBB2959,0xBB296E,0xBB2976,0xBB297E,0xBB2986,0xBB299B,0xBB29A6,
  0xBB29BB,0xBB29C3,0xBB29CB,0xBB29E0,0xBB29F5,0xBB29FD,0xBB2A05,0xBB2A0D,0xBB2A15,0xBB2A1D,0xBB2A25,0xBB2A2D,
  0xBB2A35,0xBB2A3D,0xBB2A45,0xBB2A4D,0xBB2A58,0xBB2A60,0xBB2A68,0xBB2A7D,0xBB2A88,0xBB2A90,0xBB2A98,0xBB2AA0,
  0xBB2AA8,0xBB2AB0,0xBB2AB8,0xBB2AC0,0xBB2AC8,0xBB2AD0,0xBB2AE2,0xBB2AED,0xBB2AFF,0xBB2B0A,0xBB2B12,0xBB2B1A,
  0xBB2B25,0xBB2B30,0xBB2B38,0xBB2B43,0xBB2B4B,0xBB2B53,0xBB2B5E,0xBB2B69,0xBB2B74,0xBB2B7F,0xBB2B8A,0xBB2B95,
  0xBB2BA0,0xBB2BA8,0xBB2BB3,0xBB2BBD,0xBB2BC7,0xBB2BCF,0xBB2BD7,0xBB2BDF,0xBB2BE7,0xBB2BF2,0xBB2BFD,0xBB2C05,
  0xBB2C0D,0xBB2C18,0xBB2C23,0xBB2C2B,0xBB2C33,0xBB2C3B,0xBB2C46,0xBB2C51,0xBB2C59,0xBB2C61,0xBB2C6C,0xBB2C77,
  0xBB2C7F,0xBB2C87,0xBB2C8F,0xBB2C9A,0xBB2CA5,0xBB2CAD,0xBB2CB5,0xBB2CC0,0xBB2CC8,0xBB2CDE,0xBB2CE6,0xBB2CF1,
  0xBB2CF9,0xBB2D04,0xBB2D0C,0xBB2D14,0xBB2D1F,0xBB2D2A,0xBB2D32,0xBB2D3A,0xBB2D45,0xBB2D4D,0xBB2D55,0xBB2D5D,
  0xBB2D68,0xBB2D73,0xBB2D7E,0xBB2D86,0xBB2D8E,0xBB2D96,0xBB2DA1,0xBB2DA9,0xBB2DB1,0xBB2DC3,0xBB2DCB,0xBB2DD3,
  0xBB2DE8,0xBB2DF0,0xBB2DF8,0xBB2E00,0xBB2E12,0xBB2E1A,0xBB2E22,0xBB2E2A,0xBB2E43,0xBB2E5C,0xBB2E64,0xBB2E6C,
  0xBB2E7E,0xBB2E86,0xBB2E91,0xBB2E9C,0xBB2EA7,0xBB2EB5,0xBB2EC3,0xBB2ED1,0xBB2ED9,0xBB2EE1,0xBB2EE9,0xBB2EF1,
  0xBB2EF9,0xBB2F01,0xBB2F09,0xBB2F11,0xBB2F19,0xBB2F21,0xBB2F29,0xBB2F31,0xBB2F39,0xBB2F4B,0xBB2F56,0xBB2F5E,
  0xBB2F66,0xBB2F7A,0xBB2F8E,0xBB2FA2,0xBB2FAA,0xBB2FBC,0xBB2FCE,0xBB2FEC,0xBB3001,0xBB300C,0xBB3014,0xBB3026,
  0xBB3031,0xBB3039,0xBB3041,0xBB3053,0xBB305E,0xBB3066,0xBB306E,0xBB3080,0xBB308B,0xBB3093,0xBB30A5,0xBB30AD,
  0xBB30B5,0xBB30BD,0xBB30D2,0xBB30E4,0xBB30F6,0xBB30FE,0xBB3110,0xBB3122,0xBB312A,0xBB313C,0xBB3150,0xBB3158,
  0xBB316A,0xBB317E,0xBB3186,0xBB3198,0xBB31AC,0xBB31B4,0xBB31C6,0xBB31DA,0xBB31EC,0xBB31F4,0xBB3206,0xBB321A,
  0xBB322C,0xBB323E,0xBB3246,0xBB3258,0xBB326C,0xBB327E,0xBB3286,0xBB3298,0xBB32AC,0xBB32BE,0xBB32C6,0xBB32D8,
  0xBB32EC,0xBB32F4,0xBB3306,0xBB331A,0xBB332E,0xBB3336,0xBB3348,0xBB3352,0xBB3364,0xBB3378,0xBB338A,0xBB339E,
  0xBB33A6,0xBB33B8,0xBB33CC,0xBB33DE,0xBB33E6,0xBB33FA,0xBB3402,0xBB3414,0xBB341C,0xBB3434,0xBB3448,0xBB345C,
  0xBB3479,0xBB348D,0xBB3495,0xBB34A7,0xBB34B9,0xBB34CD,0xBB34D8,0xBB34F4,0xBB34FF,0xBB350A,0xBB3515,0xBB351D,
  0xBB3525,0xBB353A,0xBB3542,0xBB3554,0xBB355C,0xBB3564,0xBB3576,0xBB357E,0xBB3590,0xBB35A4,0xBB35B6,0xBB35C8,
  0xBB35D0,0xBB35E2,0xBB35F6,0xBB35FE,0xBB3610,0xBB3624,0xBB3636,0xBB3648,0xBB365C,0xBB3664,0xBB3676,0xBB368A,
  0xBB369C,0xBB36AE,0xBB36C0,0xBB36C8,0xBB36D0,0xBB36E4,0xBB36F6,0xBB3708,0xBB371C,0xBB3724,0xBB3736,0xBB374A,
  0xBB375C,0xBB3767,0xBB376F,0xBB3777,0xBB3789,0xBB3791,0xBB3799,0xBB37AD,0xBB37B5,0xBB37C7,0xBB37CF,0xBB37E1,
  0xBB37F5,0xBB3807,0xBB380F,0xBB3817,0xBB381F,0xBB3827,0xBB3839,0xBB3841,0xBB3853,0xBB3867,0xBB3879,0xBB3881,
  0xBB3889,0xBB38A0,0xBB38A8,0xBB38BA,0xBB38D1,0xBB38D9,0xBB38EB,0xBB38FF,0xBB3911,0xBB3923,0xBB3935,0xBB3947,
  0xBB395B,0xBB3963,0xBB396B,0xBB397D,0xBB3987,0xBB399B,0xBB39A3,0xBB39AD,0xBB39C1,0xBB39D3,0xBB39DD,0xBB39F1,
  0xBB39F9,0xBB3A01,0xBB3A09,0xBB3A11,0xBB3A19,0xBB3A21,0xBB3A33,0xBB3A3B,0xBB3A43,0xBB3A55,0xBB3A5F,0xBB3A73,
  0xBB3A7B,0xBB3A8D,0xBB3A9F,0xBB3AA7,0xBB3AB9,0xBB3AC1,0xBB3AD3,0xBB3AE5,0xBB3AED,0xBB3AFF,0xBB3B07,0xBB3B19,
  0xBB3B21,0xBB3B29,0xBB3B31,0xBB3B39,0xBB3B41,0xBB3B49,0xBB3B5B,0xBB3B66,0xBB3B6E,0xBB3B76,0xBB3B7E,0xBB3B86,
  0xBB3B8E,0xBB3B96,0xBB3B9E,0xBB3BA6,0xBB3BB1,0xBB3BB9,0xBB3BC1,0xBB3BC9,0xBB3BDB,0xBB3BE3,0xBB3BEB,0xBB3BF3,
  0xBB3C05,0xBB3C17,0xBB3C1F,0xBB3C31,0xBB3C39,0xBB3C4B,0xBB3C53,0xBB3C65,0xBB3C6D,0xBB3C7F,0xBB3C87,0xBB3C8F,
  0xBB3C97,0xBB3CA9,0xBB3CB1,0xBB3CB9,0xBB3CC1,0xBB3CC9,0xBB3CDB,0xBB3CE3,0xBB3CF5,0xBB3CFD,0xBB3D0B,0xBB3D23,
  0xBB3D2B,0xBB3D33,0xBB3D3B,0xBB3D43,0xBB3D4B,0xBB3D53,0xBB3D5B,0xBB3D63,0xBB3D6B,0xBB3D73,0xBB3D7B,0xBB3D83,
  0xBB3D8B,0xBB3D93,0xBB3D9B,0xBB3DA3,0xBB3DAB,0xBB3DB3,0xBB3DC5,0xBB3DCD,0xBB3DD5,0xBB3DE7,0xBB3DEF,0xBB3DFD,
  0xBB3E15,0xBB3E27,0xBB3E2F,0xBB3E37,0xBB3E49,0xBB3E51,0xBB3E59,0xBB3E61,0xBB3E69,0xBB3E71,0xBB3E83,0xBB3E8B,
  0xBB3E9D,0xBB3EA5,0xBB3EB7,0xBB3EBF,0xBB3EC7,0xBB3ECF,0xBB3EF2,0xBB3F0B,0xBB3F1D,0xBB3F25,0xBB3F37,0xBB3F3F,
  0xBB3F51,0xBB3F59,0xBB3F6B,0xBB3F73,0xBB3F7B,0xBB3F8D,0xBB3F95,0xBB3F9D,0xBB3FA5,0xBB3FAD,0xBB3FBF,0xBB3FC7,
  0xBB3FCF,0xBB3FE1,0xBB3FE9,0xBB3FFB,0xBB4013,0xBB401B,0xBB402D,0xBB403F,0xBB4047,0xBB404F,0xBB4057,0xBB405F,
  0xBB4067,0xBB406F,0xBB4077,0xBB407F,0xBB4087,0xBB408F,0xBB4097,0xBB409F,0xBB40A7,0xBB40AF,0xBB40C1,0xBB40D3,
  0xBB40DB,0xBB40E6,0xBB40F1,0xBB40FC,0xBB4107,0xBB410F,0xBB4121,0xBB4133,0xBB4145,0xBB414D,0xBB4158,0xBB4163,
  0xBB416E,0xBB4179,0xBB4181,0xBB4189,0xBB4191,0xBB4199,0xBB41A1,0xBB41A9,0xBB41B1,0xBB41B9,0xBB41C1,0xBB41C9,
  0xBB41D1,0xBB41D9,0xBB41E1,0xBB41E9,0xBB41FB,0xBB4203,0xBB420B,0xBB421D,0xBB4225,0xBB422D,0xBB4235,0xBB4247,
  0xBB4259,0xBB4261,0xBB4284,0xBB428C,0xBB4294,0xBB429C,0xBB42A4,0xBB42AC,0xBB42B4,0xBB42BC,0xBB42C4,0xBB42CC,
  0xBB42D4,0xBB42DC,0xBB42E4,0xBB42EC,0xBB42F4,0xBB42FC,0xBB4304,0xBB430C,0xBB4314,0xBB4326,0xBB432E,0xBB4339,
  0xBB434B,0xBB4353,0xBB435B,0xBB4363,0xBB436B,0xBB437D,0xBB4385,0xBB4397,0xBB439F,0xBB43AA,0xBB43B2,0xBB43BA,
  0xBB43C2,0xBB43CA,0xBB43D2,0xBB43DA,0xBB43E2,0xBB43F4,0xBB43FC,0xBB440E,0xBB4416,0xBB441E,0xBB4430,0xBB4438,
  0xBB4440,0xBB4448,0xBB445A,0xBB446C,0xBB4474,0xBB4486,0xBB448E,0xBB4496,0xBB44A8,0xBB44B0,0xBB44B8,0xBB44C0,
  0xBB44D2,0xBB44DA,0xBB44E2,0xBB44EA,0xBB44F2,0xBB44FA,0xBB4502,0xBB450A,0xBB4512,0xBB451A,0xBB452C,0xBB4537,
  0xBB454C,0xBB4561,0xBB4569,0xBB4571,0xBB458A,0xBB459C,0xBB45A4,0xBB45B9,0xBB45C1,0xBB45CC,0xBB45E1,0xBB45E9,
  0xBB45F1,0xBB45F9,0xBB460B,0xBB461D,0xBB462F,0xBB4637,0xBB4642,0xBB464D,0xBB4655,0xBB4660,0xBB466B,0xBB4676,
  0xBB4681,0xBB468C,0xBB4694,0xBB469C,0xBB46A7,0xBB46B2,0xBB46BD,0xBB46C8,0xBB46D3,0xBB46DE,0xBB46E6,0xBB46EE,
  0xBB46F6,0xBB46FE,0xBB4710,0xBB4718,0xBB4720,0xBB4728,0xBB4730,0xBB4742,0xBB474D,0xBB4762,0xBB476D,0xBB4778,
  0xBB4780,0xBB4788,0xBB4790,0xBB4798,0xBB47A0,0xBB47A8,0xBB47B0,0xBB47C2,0xBB47CD,0xBB47E2,0xBB47ED,0xBB47F8,
  0xBB4803,0xBB4818,0xBB4820,0xBB482B,0xBB483D,0xBB4845,0xBB4850,0xBB4858,0xBB4860,0xBB4872,0xBB487A,0xBB488C,
  0xBB489E,0xBB48A6,0xBB48B8,0xBB48C0,0xBB48C8,0xBB48D0,0xBB48D8,0xBB48EA,0xBB48F2,0xBB48FA,0xBB4902,0xBB490A,
  0xBB491C,0xBB4924,0xBB492F,0xBB4937,0xBB493F,0xBB4947,0xBB494F,0xBB4957,0xBB495F,0xBB4967,0xBB496F,0xBB4977,
  0xBB497F,0xBB4987,0xBB498F,0xBB4997,0xBB499F,0xBB49A7,0xBB49AF,0xBB49B7,0xBB49BF,0xBB49C7,0xBB49CF,0xBB49D7,
  0xBB49DF,0xBB49F4,0xBB49FF,0xBB4A07,0xBB4A0F,0xBB4A17,0xBB4A1F,0xBB4A27,0xBB4A39,0xBB4A4B,0xBB4A5D,0xBB4A65,
  0xBB4A70,0xBB4A7E,0xBB4A90,0xBB4AA2,0xBB4AB4,0xBB4AC1,0xBB4AD3,0xBB4AE8,0xBB4AF0,0xBB4AFB,0xBB4B09,0xBB4B11,
  0xBB4B19,0xBB4B21,0xBB4B29,0xBB4B31,0xBB4B39,0xBB4B41,0xBB4B53,0xBB4B5B,0xBB4B63,0xBB4B6B,0xBB4B76,0xBB4B7E,
  0xBB4B86,0xBB4B9A,0xBB4BA2,0xBB4BAA,0xBB4BB2,0xBB4BC4,0xBB4BCF,0xBB4BD7,0xBB4BDF,0xBB4BE7,0xBB4BEF,0xBB4BFA,
  0xBB4C02,0xBB4C0A,0xBB4C12,0xBB4C1A,0xBB4C22,0xBB4C2A,0xBB4C35,0xBB4C40,0xBB4C48,0xBB4C50,0xBB4C58,0xBB4C60,
  0xBB4C68,0xBB4C70,0xBB4C78,0xBB4C80,0xBB4C88,0xBB4C90,0xBB4CA2,0xBB4CAA,0xBB4CB2,0xBB4CC4,0xBB4CCF,0xBB4CD7,
  0xBB4CDF,0xBB4CEA,0xBB4CF2,0xBB4CFA,0xBB4D02,0xBB4D14,0xBB4D1C,0xBB4D27,0xBB4D32,0xBB4D3D,0xBB4D52,0xBB4D6A,
  0xBB4D72,0xBB4D84,0xBB4D8C,0xBB4D94,0xBB4D9C,0xBB4DA4,0xBB4DB6,0xBB4DBE,0xBB4DD0,0xBB4DD8,0xBB4DE0,0xBB4DE8,
  0xBB4DF0,0xBB4DF8,0xBB4E00,0xBB4E08,0xBB4E10,0xBB4E18,0xBB4E20,0xBB4E28,0xBB4E3A,0xBB4E42,0xBB4E4A,0xBB4E52,
  0xBB4E5A,0xBB4E62,0xBB4E74,0xBB4E7C,0xBB4E84,0xBB4E8C,0xBB4E94,0xBB4E9C,0xBB4EA4,0xBB4EAC,0xBB4EB4,0xBB4EC6,
  0xBB4ECE,0xBB4ED6,0xBB4EDE,0xBB4EE6,0xBB4EF8,0xBB4F0D,0xBB4F15,0xBB4F1D,0xBB4F25,0xBB4F2D,0xBB4F35,0xBB4F47,
  0xBB4F59,0xBB4F64,0xBB4F6F,0xBB4F77,0xBB4F89,0xBB4F94,0xBB4F9F,0xBB4FAA,0xBB4FB2,0xBB4FBD,0xBB4FC8,0xBB4FD0,
  0xBB4FDB,0xBB4FE6,0xBB4FF1,0xBB4FFC,0xBB5007,0xBB5012,0xBB501D,0xBB5028,0xBB503D,0xBB5045,0xBB5057,0xBB5061,
  0xBB5069,0xBB5074,0xBB507C,0xBB5087,0xBB508F,0xBB509A,0xBB50A2,0xBB50AD,0xBB50B5,0xBB50C0,0xBB50C8,0xBB50D3,
  0xBB50DB,0xBB50E3,0xBB50EB,0xBB50F3,0xBB50FB,0xBB5103,0xBB510B,0xBB5113,0xBB511E,0xBB5129,0xBB5134,0xBB513F,
  0xBB514A,0xBB5155,0xBB516A,0xBB517F,0xBB5189,0xBB5194,0xBB519F,0xBB51A7,0xBB51B2,0xBB51BA,0xBB51C5,0xBB51CD,
  0xBB51D8,0xBB51E0,0xBB51E8,0xBB51F3,0xBB51FB,0xBB5203,0xBB520E,0xBB5216,0xBB521E,0xBB5226,0xBB522E,0xBB5236,
  0xBB523E,0xBB5249,0xBB5254,0xBB5269,0xBB527B,0xBB5283,0xBB5295,0xBB529D,0xBB52A5,0xBB52B7,0xBB52BF,0xBB52C7,
  0xBB52CF,0xBB52D7,0xBB52E9,0xBB52F4,0xBB52FC,0xBB5304,0xBB5316,0xBB5321,0xBB532C,0xBB5337,0xBB5342,0xBB534D,
  0xBB5358,0xBB5363,0xBB536B,0xBB5376,0xBB5381,0xBB5389,0xBB5391,0xBB539C,0xBB53A4,0xBB53AC,0xBB53B7,0xBB53BF,
  0xBB53C7,0xBB53CF,0xBB53E4,0xBB53F6,0xBB53FE,0xBB5408,0xBB541C,0xBB542E,0xBB5440,0xBB5448,0xBB5450,0xBB5458,
  0xBB547B,0xBB5483,0xBB548E,0xBB5499,0xBB54A4,0xBB54AC,0xBB54B7,0xBB54BF,0xBB54C7,0xBB54D2,0xBB54DD,0xBB54E8,
  0xBB54F3,0xBB54FE,0xBB5506,0xBB550E,0xBB5519,0xBB5521,0xBB5529,0xBB5534,0xBB553C,0xBB5544,0xBB554C,0xBB5557,
  0xBB5562,0xBB556D,0xBB5578,0xBB5583,0xBB558E,0xBB5599,0xBB55A1,0xBB55A9,0xBB55B1,0xBB55B9,0xBB55C1,0xBB55C9,
  0xBB55D1,0xBB55D9,0xBB55E1,0xBB55E9,0xBB55F1,0xBB5603,0xBB560B,0xBB5616,0xBB5621,0xBB562C,0xBB5634,0xBB563F,
  0xBB5647,0xBB5652,0xBB565A,0xBB5662,0xBB566D,0xBB5678,0xBB5683,0xBB568B,0xBB5693,0xBB569E,0xBB56A6,0xBB56AE,
  0xBB56B9,0xBB56C4,0xBB56CC,0xBB56D4,0xBB56DC,0xBB56E7,0xBB56F2,0xBB56FD,0xBB5708,0xBB5713,0xBB571E,0xBB5729,
  0xBB5734,0xBB573C,0xBB5744,0xBB574C,0xBB5754,0xBB575C,0xBB5764,0xBB576C,0xBB5774,0xBB577C,0xBB5784,0xBB578C,
  0xBB579E,0xBB57A6,0xBB57AE,0xBB57C0,0xBB57D2,0xBB57DA,0xBB57EC,0xBB57F4,0xBB5808,0xBB581F,0xBB5827,0xBB583C,
  0xBB5847,0xBB585C,0xBB586E,0xBB5876,0xBB587E,0xBB5888,0xBB58AB,0xBB58BD,0xBB58CF,0xBB58DA,0xBB58E5,0xBB58FB,
  0xBB5903,0xBB590B,0xBB5913,0xBB5925,0xBB5939,0xBB594B,0xBB5953,0xBB5965,0xBB5977,0xBB598B,0xBB599D,0xBB59B1,
  0xBB59C3,0xBB59CB,0xBB59E0,0xBB59F2,0xBB5A04,0xBB5A0C,0xBB5A2A,0xBB5A3E,0xBB5A50,0xBB5A62,0xBB5A76,0xBB5A88,
  0xBB5A93,0xBB5AA5,0xBB5AAD,0xBB5AB5,0xBB5AC7,0xBB5AD9,0xBB5AE1,0xBB5AF6,0xBB5B08,0xBB5B10,0xBB5B22,0xBB5B36,
  0xBB5B40,0xBB5B4A,0xBB5B54,0xBB5B68,0xBB5B7F,0xBB5B8A,0xBB5B95,0xBB5BA0,0xBB5BAB,0xBB5BC0,0xBB5BC8,0xBB5BDA,
  0xBB5BEC,0xBB5BF4,0xBB5C17,0xBB5C22,0xBB5C2D,0xBB5C38,0xBB5C43,0xBB5C4E,0xBB5C56,0xBB5C5E,0xBB5C66,0xBB5C6E,
  0xBB5C76,0xBB5C7E,0xBB5C86,0xBB5C8E,0xBB5CA0,0xBB5CB4,0xBB5CCC,0xBB5CDE,0xBB5CE9,0xBB5CFB,0xBB5D0D,0xBB5D26,
  0xBB5D38,0xBB5D4D,0xBB5D58,0xBB5D63,0xBB5D78,0xBB5D8A,0xBB5D94,0xBB5DB7,0xBB5DC2,0xBB5DCD,0xBB5DD8,0xBB5DEC,
  0xBB5E05,0xBB5E0D,0xBB5E1F,0xBB5E27,0xBB5E3F,0xBB5E51,0xBB5E63,0xBB5E77,0xBB5E89,0xBB5EA7,0xBB5EAF,0xBB5EB7,
  0xBB5EDA,0xBB5EEC,0xBB5EF4,0xBB5EFC,0xBB5F1F,0xBB5F27,0xBB5F2F,0xBB5F37,0xBB5F5A,0xBB5F72,0xBB5F89,0xBB5F91,
  0xBB5F99,0xBB5FA1,0xBB5FA9,0xBB5FB1,0xBB5FC3,0xBB5FD5,0xBB5FDD,0xBB5FF6,0xBB6008,0xBB6010,0xBB6033,0xBB6045,
  0xBB604D,0xBB6058,0xBB6063,0xBB6078,0xBB608A,0xBB6092,0xBB60A4,0xBB60AC,0xBB60B4,0xBB60BC,0xBB60CE,0xBB60D6,
  0xBB60DE,0xBB60F0,0xBB60F8,0xBB6100,0xBB6108,0xBB6110,0xBB6118,0xBB6120,0xBB6128,0xBB6130,0xBB6142,0xBB614A,
  0xBB6155,0xBB6160,0xBB616B,0xBB6180,0xBB6188,0xBB619A,0xBB61A2,0xBB61AD,0xBB61B8,0xBB61C3,0xBB61CE,0xBB61E3,
  0xBB61F5,0xBB6200,0xBB6215,0xBB621F,0xBB6238,0xBB6251,0xBB625B,0xBB6274,0xBB628D,0xBB6297,0xBB62B0,0xBB62D3,
  0xBB62E5,0xBB62F7,0xBB6309,0xBB6311,0xBB6319,0xBB632E,0xBB6340,0xBB6352,0xBB636E,0xBB6379,0xBB6384,0xBB6398,
  0xBB63AD,0xBB63B7,0xBB63C1,0xBB63D5,0xBB63DD,0xBB63F2,0xBB6404,0xBB6416,0xBB6428,0xBB6430,0xBB6442,0xBB6457,
  0xBB646B,0xBB647D,0xBB6487,0xBB648F,0xBB64A1,0xBB64B3,0xBB64C5,0xBB64D7,0xBB64E9,0xBB6505,0xBB6517,0xBB652B,
  0xBB653D,0xBB6559,0xBB656B,0xBB657F,0xBB65A5,0xBB65B9,0xBB65C1,0xBB65D5,0xBB65EA,0xBB65F2,0xBB65FD,0xBB6608,
  0xBB6612,0xBB661A,0xBB6622,0xBB6634,0xBB663C,0xBB6647,0xBB665C,0xBB6664,0xBB6682,0xBB66A8,0xBB66B0,0xBB66CE,
  0xBB66D6,0xBB66EA,0xBB66FF,0xBB6707,0xBB671B,0xBB6730,0xBB6738,0xBB674D,0xBB6755,0xBB6760,0xBB676B,0xBB6773,
  0xBB677B,0xBB678F,0xBB6797,0xBB67A2,0xBB67B4,0xBB67BC,0xBB67C7,0xBB67CF,0xBB67E1,0xBB67E9,0xBB67F4,0xBB67FF,
  0xBB6807,0xBB680F,0xBB6817,0xBB682B,0xBB683F,0xBB6847,0xBB685B,0xBB686D,0xBB6875,0xBB688A,0xBB6892,0xBB68A7,
  0xBB68AF,0xBB68C4,0xBB68D8,0xBB68EC,0xBB68FE,0xBB6906,0xBB6918,0xBB6920,0xBB6928,0xBB6930,0xBB6938,0xBB6940,
  0xBB6963,0xBB696B,0xBB6973,0xBB6985,0xBB698D,0xBB6995,0xBB69A7,0xBB69AF,0xBB69B7,0xBB69C9,0xBB69D1,0xBB69E5,
  0xBB6A03,0xBB6A0B,0xBB6A1F,0xBB6A3D,0xBB6A45,0xBB6A63,0xBB6A6B,0xBB6A89,0xBB6A91,0xBB6AA5,0xBB6ABA,0xBB6AC2,
  0xBB6AE5,0xBB6AEF,0xBB6AF7,0xBB6AFF,0xBB6B07,0xBB6B19,0xBB6B21,0xBB6B2C,0xBB6B41,0xBB6B49,0xBB6B54,0xBB6B69,
  0xBB6B71,0xBB6B86,0xBB6B8E,0xBB6BA3,0xBB6BAB,0xBB6BB6,0xBB6BCB,0xBB6BD3,0xBB6BE7,0xBB6BF9,0xBB6C0D,0xBB6C17,
  0xBB6C2B,0xBB6C33,0xBB6C48,0xBB6C5A,0xBB6C65,0xBB6C79,0xBB6C8E,0xBB6C96,0xBB6CAA,0xBB6CBC,0xBB6CC4,0xBB6CCC,
  0xBB6CD4,0xBB6CDC,0xBB6CEE,0xBB6CF8,0xBB6D0A,0xBB6D15,0xBB6D2A,0xBB6D35,0xBB6D40,0xBB6D48,0xBB6D5A,0xBB6D6E,
  0xBB6D91,0xBB6D99,0xBB6DA1,0xBB6DA9,0xBB6DBB,0xBB6DC3,0xBB6DE1,0xBB6DE9,0xBB6DF4,0xBB6DFC,0xBB6E04,0xBB6E16,
  0xBB6E28,0xBB6E30,0xBB6E4E,0xBB6E56,0xBB6E61,0xBB6E69,0xBB6E71,0xBB6E79,0xBB6E8B,0xBB6E9D,0xBB6EA5,0xBB6EB0,
  0xBB6EBB,0xBB6ED0,0xBB6ED8,0xBB6EE3,0xBB6EF8,0xBB6F00,0xBB6F0A,0xBB6F2D,0xBB6F35,0xBB6F3F,0xBB6F62,0xBB6F74,
  0xBB6F7C,0xBB6F87,0xBB6F92,0xBB6FA8,0xBB6FB0,0xBB6FB8,0xBB6FC0,0xBB6FC8,0xBB6FD0,0xBB6FD8,0xBB6FEA,0xBB6FF2,
  0xBB7007,0xBB7019,0xBB7021,0xBB7044,0xBB704F,0xBB705A,0xBB706F,0xBB7081,0xBB7089,0xBB70AC,0xBB70B4,0xBB70BF,
  0xBB70C7,0xBB70CF,0xBB70E1,0xBB70EC,0xBB70F7,0xBB7102,0xBB710D,0xBB7115,0xBB711D,0xBB712F,0xBB7143,0xBB7155,
  0xBB7160,0xBB716B,0xBB7180,0xBB718B,0xBB71A0,0xBB71B2,0xBB71BA,0xBB71C2,0xBB71E5,0xBB71ED,0xBB71FF,0xBB7211,
  0xBB7219,0xBB7224,0xBB722F,0xBB723A,0xBB724F,0xBB7261,0xBB7269,0xBB7274,0xBB727F,0xBB728A,0xBB7295,0xBB729D,
  0xBB72A5,0xBB72B7,0xBB72C2,0xBB72CD,0xBB72D8,0xBB72ED,0xBB72F5,0xBB72FD,0xBB730F,0xBB7317,0xBB731F,0xBB7331,
  0xBB733C,0xBB7347,0xBB7352,0xBB735D,0xBB7365,0xBB736D,0xBB7375,0xBB737D,0xBB738F,0xBB73A4,0xBB73B6,0xBB73CA,
  0xBB73DF,0xBB73EA,0xBB73F5,0xBB73FD,0xBB740F,0xBB741A,0xBB742E,0xBB7436,0xBB744B,0xBB745D,0xBB7471,0xBB7479,
  0xBB748B,0xBB749D,0xBB74B5,0xBB74BD,0xBB74CF,0xBB74E1,0xBB74E9,0xBB74FB,0xBB750D,0xBB751F,0xBB7527,0xBB7539,
  0xBB7541,0xBB7549,0xBB756C,0xBB7574,0xBB757C,0xBB7584,0xBB758C,0xBB7594,0xBB759C,0xBB75A4,0xBB75AC,0xBB75B4,
  0xBB75BC,0xBB75C4,0xBB75D6,0xBB75EB,0xBB75F3,0xBB75FB,0xBB760D,0xBB761F,0xBB7627,0xBB762F,0xBB7637,0xBB763F,
  0xBB7647,0xBB764F,0xBB7657,0xBB765F,0xBB7667,0xBB766F,0xBB7681,0xBB7689,0xBB7691,0xBB76A3,0xBB76AB,0xBB76B3,
  0xBB76BB,0xBB76CD,0xBB76D8,0xBB76E0,0xBB76E8,0xBB76FA,0xBB770C,0xBB771E,0xBB7726,0xBB772E,0xBB7736,0xBB7748,
  0xBB775A,0xBB7762,0xBB7774,0xBB777C,0xBB7791,0xBB7799,0xBB77A1,0xBB77B3,0xBB77BB,0xBB77C6,0xBB77DB,0xBB77E3,
  0xBB77EB,0xBB77FD,0xBB7805,0xBB781A,0xBB7822,0xBB782D,0xBB7842,0xBB784A,0xBB7852,0xBB7864,0xBB786C,0xBB7874,
  0xBB7886,0xBB788E,0xBB7896,0xBB78A8,0xBB78B0,0xBB78B8,0xBB78CA,0xBB78D5,0xBB78E0,0xBB78EB,0xBB78F6,0xBB7901,
  0xBB7909,0xBB791B,0xBB7923,0xBB792B,0xBB793D,0xBB794F,0xBB7962,0xBB796A,0xBB7972,0xBB7984,0xBB7997,0xBB799F,
  0xBB79A7,0xBB79B9,0xBB79CC,0xBB79D4,0xBB79DC,0xBB79EE,0xBB79F6,0xBB79FE,0xBB7A10,0xBB7A18,0xBB7A20,0xBB7A32,
  0xBB7A3D,0xBB7A48,0xBB7A50,0xBB7A5B,0xBB7A66,0xBB7A6E,0xBB7A76,0xBB7A7E,0xBB7A89,0xBB7A94,0xBB7A9C,0xBB7AAE,
  0xBB7AB6,0xBB7AC1,0xBB7AC9,0xBB7AD4,0xBB7ADF,0xBB7AE7,0xBB7AF9,0xBB7B01,0xBB7B09,0xBB7B1B,0xBB7B2D,0xBB7B40,
  0xBB7B48,0xBB7B50,0xBB7B62,0xBB7B6A,0xBB7B72,0xBB7B84,0xBB7B8C,0xBB7B94,0xBB7BA6,0xBB7BAE,0xBB7BB6,0xBB7BC8,
  0xBB7BD0,0xBB7BD8,0xBB7BEA,0xBB7BFE,0xBB7C06,0xBB7C0E,0xBB7C20,0xBB7C28,0xBB7C30,0xBB7C42,0xBB7C4A,0xBB7C52,
  0xBB7C64,0xBB7C6C,0xBB7C74,0xBB7C86,0xBB7C8E,0xBB7CA3,0xBB7CB5,0xBB7CC7,0xBB7CD9,0xBB7CE6,0xBB7CF3,0xBB7CFD,
  0xBB7D07,0xBB7D11,0xBB7D1B,0xBB7D25,0xBB7D2F,0xBB7D43,0xBB7D4B,0xBB7D60,0xBB7D72,0xBB7D84,0xBB7D8C,0xBB7D9E,
  0xBB7DA6,0xBB7DAE,0xBB7DB6,0xBB7DC8,0xBB7DDA,0xBB7DE2,0xBB7E00,0xBB7E08,0xBB7E13,0xBB7E1B,0xBB7E2D,0xBB7E3F,
  0xBB7E54,0xBB7E66,0xBB7E7B,0xBB7E8F,0xBB7E97,0xBB7EA9,0xBB7EBB,0xBB7ECD,0xBB7ED5,0xBB7EE7,0xBB7EEF,0xBB7EF7,
  0xBB7EFF,0xBB7F11,0xBB7F19,0xBB7F21,0xBB7F33,0xBB7F3B,0xBB7F50,0xBB7F58,0xBB7F6A,0xBB7F72,0xBB7F8B,0xBB7F93,
  0xBB7F9B,0xBB7FA3,0xBB7FB5,0xBB7FBD,0xBB7FC5,0xBB7FCD,0xBB7FD5,0xBB7FE7,0xBB7FEF,0xBB7FF7,0xBB7FFF,0xBB8007,
  0xBB800F,0xBB8017,0xBB801F,0xBB8027,0xBB8039,0xBB804B,0xBB8053,0xBB8065,0xBB8077,0xBB808F,0xBB80A1,0xBB80A9,
  0xBB80BB,0xBB80CD,0xBB80DF,0xBB80F1,0xBB80F9,0xBB810B,0xBB811D,0xBB812F,0xBB8137,0xBB813F,0xBB8151,0xBB8159,
  0xBB816B,0xBB8183,0xBB8195,0xBB81A7,0xBB81AF,0xBB81B7,0xBB81BF,0xBB81C7,0xBB81D9,0xBB81E1,0xBB81F3,0xBB81FB,
  0xBB8203,0xBB820B,0xBB8213,0xBB821B,0xBB822D,0xBB823F,0xBB8247,0xBB824F,0xBB8257,0xBB825F,0xBB8267,0xBB8279,
  0xBB8281,0xBB8293,0xBB829B,0xBB82A3,0xBB82AB,0xBB82B3,0xBB82BB,0xBB82CD,0xBB82D8,0xBB82E3,0xBB82EE,0xBB82F8,
  0xBB830A,0xBB8315,0xBB8320,0xBB8335,0xBB833D,0xBB8345,0xBB834D,0xBB8355,0xBB835D,0xBB8365,0xBB8377,0xBB837F,
  0xBB838A,0xBB8395,0xBB83AA,0xBB83B2,0xBB83BD,0xBB83C8,0xBB83D3,0xBB83E7,0xBB83FB,0xBB8406,0xBB8411,0xBB841C,
  0xBB8431,0xBB8443,0xBB844B,0xBB845D,0xBB846F,0xBB8481,0xBB8489,0xBB849E,0xBB84A9,0xBB84B4,0xBB84BF,0xBB84CA,
  0xBB84D2,0xBB84DA,0xBB84E2,0xBB84EA,0xBB84F2,0xBB84FA,0xBB850C,0xBB8514,0xBB8528,0xBB8530,0xBB853B,0xBB8550,
  0xBB8558,0xBB8560,0xBB8568,0xBB8570,0xBB857A,0xBB859D,0xBB85AF,0xBB85C1,0xBB85C9,0xBB85DD,0xBB85F1,0xBB8606,
  0xBB8618,0xBB862D,0xBB8635,0xBB8640,0xBB864B,0xBB8660,0xBB866A,0xBB867C,0xBB868E,0xBB8699,0xBB86AE,0xBB86B6,
  0xBB86CA,0xBB86DC,0xBB86E4,0xBB86F6,0xBB86FE,0xBB8710,0xBB8718,0xBB872A,0xBB8734,0xBB874D,0xBB8770,0xBB8778,
  0xBB878C,0xBB87A0,0xBB87B5,0xBB87C7,0xBB87CF,0xBB87DA,0xBB87E5,0xBB87FA,0xBB8802,0xBB880D,0xBB8822,0xBB882A,
  0xBB8835,0xBB8840,0xBB884A,0xBB885C,0xBB8864,0xBB8878,0xBB8883,0xBB8898,0xBB88A0,0xBB88A8,0xBB88BA,0xBB88C2,
  0xBB88E5,0xBB88F7,0xBB8902,0xBB890D,0xBB8923,0xBB892B,0xBB8933,0xBB893B,0xBB894D,0xBB8961,0xBB8973,0xBB897B,
  0xBB899E,0xBB89A6,0xBB89AE,0xBB89B6,0xBB89BE,0xBB89C6,0xBB89D8,0xBB89E0,0xBB89F4,0xBB8A1A,0xBB8A36,0xBB8A4B,
  0xBB8A67,0xBB8A7C,0xBB8A84,0xBB8A96,0xBB8AA8,0xBB8ABD,0xBB8AD2,0xBB8AE4,0xBB8AEC,0xBB8B00,0xBB8B15,0xBB8B1D,
  0xBB8B28,0xBB8B3D,0xBB8B45,0xBB8B57,0xBB8B5F,0xBB8B69,0xBB8B73,0xBB8B96,0xBB8B9E,0xBB8BA6,0xBB8BB8,0xBB8BD4,
  0xBB8BDF,0xBB8BEA,0xBB8BFE,0xBB8C09,0xBB8C2D,0xBB8C35,0xBB8C47,0xBB8C59,0xBB8C75,0xBB8C87,0xBB8C99,0xBB8CAB,
  0xBB8CCE,0xBB8CE2,0xBB8CEA,0xBB8D08,0xBB8D10,0xBB8D1B,0xBB8D26,0xBB8D3B,0xBB8D4D,0xBB8D55,0xBB8D5D,0xBB8D72,
  0xBB8D7A,0xBB8D85,0xBB8D90,0xBB8D9B,0xBB8DA3,0xBB8DAB,0xBB8DB3,0xBB8DBB,0xBB8DCD,0xBB8DD5,0xBB8DDD,0xBB8DF1,
  0xBB8DF9,0xBB8E0D,0xBB8E1F,0xBB8E31,0xBB8E45,0xBB8E57,0xBB8E5F,0xBB8E74,0xBB8E7C,0xBB8E87,0xBB8E99,0xBB8EB5,
  0xBB8EBD,0xBB8EC8,0xBB8EDC,0xBB8EE4,0xBB8F05,0xBB8F1A,0xBB8F22,0xBB8F34,0xBB8F46,0xBB8F58,0xBB8F60,0xBB8F83,
  0xBB8F8D,0xBB8FA6,0xBB8FC9,0xBB8FD1,0xBB8FE6,0xBB8FF8,0xBB900D,0xBB9015,0xBB902A,0xBB903C,0xBB904E,0xBB9056,
  0xBB906A,0xBB907E,0xBB9089,0xBB909E,0xBB90B0,0xBB90B8,0xBB90C0,0xBB90CB,0xBB90D6,0xBB90E1,0xBB90EC,0xBB90F6,
  0xBB9100,0xBB9112,0xBB911C,0xBB912E,0xBB9138,0xBB9142,0xBB9154,0xBB9170,0xBB917B,0xBB918F,0xBB91A4,0xBB91AE,
  0xBB91C0,0xBB91D2,0xBB91DC,0xBB91E4,0xBB91F6,0xBB9201,0xBB9209,0xBB921B,0xBB9230,0xBB9244,0xBB9256,0xBB925E,
  0xBB9266,0xBB927B,0xBB928D,0xBB9295,0xBB92A7,0xBB92B9,0xBB92CE,0xBB92E2,0xBB92F4,0xBB92FC,0xBB9304,0xBB9319,
  0xBB932B,0xBB933D,0xBB934A,0xBB935C,0xBB9364,0xBB936C,0xBB9381,0xBB9389,0xBB9391,0xBB9399,0xBB93A3,0xBB93C6,
  0xBB93D8,0xBB93ED,0xBB93F5,0xBB93FD,0xBB9420,0xBB9428,0xBB9430,0xBB9442,0xBB944A,0xBB9452,0xBB945D,0xBB946F,
  0xBB9479,0xBB948B,0xBB9496,0xBB949E,0xBB94B0,0xBB94C4,0xBB94D6,0xBB94DE,0xBB94F0,0xBB94F8,0xBB950A,0xBB9512,
  0xBB9524,0xBB952C,0xBB953E,0xBB9546,0xBB9558,0xBB9560,0xBB9575,0xBB9587,0xBB959B,0xBB95A3,0xBB95B5,0xBB95C7,
  0xBB95CF,0xBB95DA,0xBB95F0,0xBB9605,0xBB960D,0xBB9618,0xBB962E,0xBB9639,0xBB9641,0xBB9649,0xBB9651,0xBB9659,
  0xBB966B,0xBB967F,0xBB968A,0xBB9695,0xBB96A0,0xBB96AB,0xBB96B6,0xBB96CB,0xBB96D6,0xBB96E1,0xBB96EC,0xBB96F7,
  0xBB9702,0xBB970D,0xBB9715,0xBB971D,0xBB9725,0xBB972D,0xBB9735,0xBB973D,0xBB9745,0xBB9757,0xBB976B,0xBB9773,
  0xBB977B,0xBB978D,0xBB979F,0xBB97A7,0xBB97B9,0xBB97C1,0xBB97C9,0xBB97D1,0xBB97E3,0xBB97F5,0xBB97FD,0xBB9812,
  0xBB981D,0xBB9828,0xBB983D,0xBB9845,0xBB984D,0xBB9855,0xBB985D,0xBB986F,0xBB9887,0xBB9899,0xBB98A1,0xBB98B3,
  0xBB98BE,0xBB98C9,0xBB98D4,0xBB98DC,0xBB98E4,0xBB98EC,0xBB98F4,0xBB98FC,0xBB9904,0xBB990C,0xBB9914,0xBB991C,
  0xBB9924,0xBB992C,0xBB9934,0xBB9946,0xBB9958,0xBB996D,0xBB9978,0xBB9983,0xBB998E,0xBB9999,0xBB99AE,0xBB99B6,
  0xBB99C8,0xBB99D0,0xBB99D8,0xBB99EB,0xBB99FD,0xBB9A05,0xBB9A0D,0xBB9A1F,0xBB9A33,0xBB9A3B,0xBB9A5E,0xBB9A70,
  0xBB9A82,0xBB9A9A,0xBB9AA2,0xBB9AB4,0xBB9AC6,0xBB9AD1,0xBB9ADC,0xBB9AE7,0xBB9AF2,0xBB9B08,0xBB9B13,0xBB9B1B,
  0xBB9B23,0xBB9B2B,0xBB9B33,0xBB9B3B,0xBB9B4D,0xBB9B58,0xBB9B63,0xBB9B6E,0xBB9B79,0xBB9B99,0xBB9BAB,0xBB9BBF,
  0xBB9BD1,0xBB9BE3,0xBB9BF6,0xBB9BFE,0xBB9C10,0xBB9C23,0xBB9C2B,0xBB9C33,0xBB9C45,0xBB9C4D,0xBB9C55,0xBB9C67,
  0xBB9C6F,0xBB9C77,0xBB9C89,0xBB9C91,0xBB9CA5,0xBB9CB0,0xBB9CC5,0xBB9CD7,0xBB9CDF,0xBB9CE7,0xBB9CF9,0xBB9D0B,
  0xBB9D1D,0xBB9D25,0xBB9D48,0xBB9D50,0xBB9D5B,0xBB9D66,0xBB9D71,0xBB9D79,0xBB9D81,0xBB9D89,0xBB9D91,0xBB9DA3,
  0xBB9DB5,0xBB9DC0,0xBB9DCB,0xBB9DD6,0xBB9DE1,0xBB9DEC,0xBB9DF4,0xBB9DFC,0xBB9E04,0xBB9E16,0xBB9E21,0xBB9E2C,
  0xBB9E37,0xBB9E4C,0xBB9E60,0xBB9E72,0xBB9E7C,0xBB9E8E,0xBB9E96,0xBB9E9E,0xBB9EBE,0xBB9EC6,0xBB9EE6,0xBB9EF3,
  0xBB9F05,0xBB9F0D,0xBB9F2B,0xBB9F3D,0xBB9F4F,0xBB9F57,0xBB9F5F,0xBB9F67,0xBB9F79,0xBB9F81,0xBB9F8C,0xBB9F94,
  0xBB9F9C,0xBB9FA4,0xBB9FAC,0xBB9FB4,0xBB9FBC,0xBB9FC4,0xBB9FCC,0xBB9FD4,0xBB9FE6,0xBB9FF8,0xBBA003,0xBBA00E,
  0xBBA019,0xBBA024,0xBBA039,0xBBA044,0xBBA04F,0xBBA05A,0xBBA065,0xBBA070,0xBBA07B,0xBBA085,0xBBA08D,0xBBA095,
  0xBBA09D,0xBBA0A5,0xBBA0AD,0xBBA0BF,0xBBA0D3,0xBBA0DB,0xBBA0ED,0xBBA0F8,0xBBA103,0xBBA10E,0xBBA123,0xBBA135,
  0xBBA13D,0xBBA14F,0xBBA161,0xBBA169,0xBBA18C,0xBBA197,0xBBA1A2,0xBBA1AD,0xBBA1B8,0xBBA1C3,0xBBA1CB,0xBBA1D3,
  0xBBA1DB,0xBBA1E3,0xBBA1EB,0xBBA1F3,0xBBA1FB,0xBBA203,0xBBA215,0xBBA229,0xBBA23B,0xBBA243,0xBBA258,0xBBA26A,
  0xBBA27C,0xBBA286,0xBBA2A9,0xBBA2B1,0xBBA2B9,0xBBA2CB,0xBBA2D3,0xBBA2E8,0xBBA2F0,0xBBA2FD,0xBBA305,0xBBA317,
  0xBBA31F,0xBBA32C,0xBBA334,0xBBA346,0xBBA34E,0xBBA359,0xBBA364,0xBBA36F,0xBBA384,0xBBA396,0xBBA39E,0xBBA3A6,
  0xBBA3AE,0xBBA3B6,0xBBA3C8,0xBBA3D0,0xBBA3DB,0xBBA3ED,0xBBA3FF,0xBBA407,0xBBA40F,0xBBA417,0xBBA41F,0xBBA427,
  0xBBA42F,0xBBA437,0xBBA43F,0xBBA449,0xBBA46C,0xBBA474,0xBBA47F,0xBBA48A,0xBBA495,0xBBA4A0,0xBBA4AB,0xBBA4B3,
  0xBBA4BB,0xBBA4C3,0xBBA4CB,0xBBA4D3,0xBBA4DB,0xBBA4E3,0xBBA4EB,0xBBA4F3,0xBBA505,0xBBA519,0xBBA521,0xBBA52C,
  0xBBA541,0xBBA553,0xBBA565,0xBBA579,0xBBA58B,0xBBA593,0xBBA59B,0xBBA5A3,0xBBA5B5,0xBBA5BD,0xBBA5D1,0xBBA5E6,
  0xBBA5FA,0xBBA61D,0xBBA625,0xBBA637,0xBBA63F,0xBBA647,0xBBA659,0xBBA661,0xBBA675,0xBBA68A,0xBBA69C,0xBBA6A4,
  0xBBA6B6,0xBBA6BE,0xBBA6C9,0xBBA6DE,0xBBA6F0,0xBBA6FA,0xBBA705,0xBBA70F,0xBBA71A,0xBBA725,0xBBA72D,0xBBA73F,
  0xBBA74A,0xBBA755,0xBBA76A,0xBBA77E,0xBBA786,0xBBA79A,0xBBA7B8,0xBBA7C0,0xBBA7C8,0xBBA7D3,0xBBA7E8,0xBBA7FA,
  0xBBA802,0xBBA816,0xBBA834,0xBBA83C,0xBBA844,0xBBA84F,0xBBA864,0xBBA876,0xBBA87E,0xBBA892,0xBBA8B0,0xBBA8B8,
  0xBBA8C0,0xBBA8CB,0xBBA8E0,0xBBA8F2,0xBBA8FD,0xBBA912,0xBBA924,0xBBA936,0xBBA93E,0xBBA94B,0xBBA953,0xBBA976,
  0xBBA988,0xBBA99A,0xBBA9A5,0xBBA9B0,0xBBA9BB,0xBBA9C3,0xBBA9CB,0xBBA9D3,0xBBA9DB,0xBBA9E3,0xBBA9EB,0xBBA9FD,
  0xBBAA05,0xBBAA19,0xBBAA2B,0xBBAA3D,0xBBAA4F,0xBBAA57,0xBBAA7A,0xBBAA82,0xBBAA8A,0xBBAA92,0xBBAAB5,0xBBAABD,
  0xBBAACF,0xBBAAE1,0xBBAAE9,0xBBAAFB,0xBBAB03,0xBBAB0B,0xBBAB13,0xBBAB25,0xBBAB2D,0xBBAB35,0xBBAB47,0xBBAB52,
  0xBBAB5D,0xBBAB68,0xBBAB73,0xBBAB7E,0xBBAB89,0xBBABA9,0xBBABBB,0xBBABC3,0xBBABCB,0xBBABD3,0xBBABDB,0xBBABE3,
  0xBBABEB,0xBBABF3,0xBBABFB,0xBBAC03,0xBBAC15,0xBBAC1D,0xBBAC25,0xBBAC2D,0xBBAC35,0xBBAC3D,0xBBAC45,0xBBAC4D,
  0xBBAC55,0xBBAC5D,0xBBAC6F,0xBBAC7A,0xBBAC85,0xBBAC90,0xBBAC9B,0xBBACA6,0xBBACB0,0xBBACBB,0xBBACD1,0xBBACDC,
  0xBBACE6,0xBBACEE,0xBBACF6,0xBBACFE,0xBBAD06,0xBBAD0E,0xBBAD16,0xBBAD1E,0xBBAD30,0xBBAD44,0xBBAD56,0xBBAD68,
  0xBBAD7A,0xBBAD8C,0xBBADA0,0xBBADB2,0xBBADBF,0xBBADD1,0xBBADE6,0xBBADEE,0xBBAE0C,0xBBAE20,0xBBAE28,0xBBAE30,
  0xBBAE3B,0xBBAE50,0xBBAE58,0xBBAE63,0xBBAE6E,0xBBAE83,0xBBAE8B,0xBBAE9D,0xBBAEAF,0xBBAEC7,0xBBAED9,0xBBAEEB,
  0xBBAEF6,0xBBAF01,0xBBAF0C,0xBBAF17,0xBBAF22,0xBBAF2D,0xBBAF38,0xBBAF4D,0xBBAF57,0xBBAF7A,0xBBAF82,0xBBAFA5,
  0xBBAFAD,0xBBAFB8,0xBBAFC3,0xBBAFCE,0xBBAFD9,0xBBAFE1,0xBBAFE9,0xBBAFF1,0xBBAFF9,0xBBB001,0xBBB013,0xBBB01B,
  0xBBB025,0xBBB037,0xBBB03F,0xBBB049,0xBBB05B,0xBBB066,0xBBB071,0xBBB07C,0xBBB087,0xBBB092,0xBBB09D,0xBBB0A8,
  0xBBB0B3,0xBBB0BE,0xBBB0C6,0xBBB0CE,0xBBB0D6,0xBBB0DE,0xBBB0E6,0xBBB0EE,0xBBB0F6,0xBBB0FE,0xBBB106,0xBBB118,
  0xBBB12C,0xBBB140,0xBBB148,0xBBB15D,0xBBB165,0xBBB16D,0xBBB175,0xBBB187,0xBBB199,0xBBB1A1,0xBBB1AC,0xBBB1BE,
  0xBBB1C6,0xBBB1DA,0xBBB1EC,0xBBB200,0xBBB208,0xBBB21A,0xBBB22E,0xBBB236,0xBBB248,0xBBB253,0xBBB25E,0xBBB273,
  0xBBB285,0xBBB297,0xBBB2A9,0xBBB2BB,0xBBB2C6,0xBBB2D1,0xBBB2DC,0xBBB2E7,0xBBB2EF,0xBBB2F7,0xBBB2FF,0xBBB311,
  0xBBB325,0xBBB33A,0xBBB345,0xBBB350,0xBBB365,0xBBB36D,0xBBB375,0xBBB387,0xBBB392,0xBBB39D,0xBBB3A8,0xBBB3B0,
  0xBBB3B8,0xBBB3C0,0xBBB3C8,0xBBB3D0,0xBBB3D8,0xBBB3E0,0xBBB3E8,0xBBB3FA,0xBBB40E,0xBBB420,0xBBB428,0xBBB43A,
  0xBBB44C,0xBBB457,0xBBB462,0xBBB477,0xBBB482,0xBBB48D,0xBBB498,0xBBB4A0,0xBBB4A8,0xBBB4B0,0xBBB4B8,0xBBB4C0,
  0xBBB4C8,0xBBB4D0,0xBBB4D8,0xBBB4EA,0xBBB4F2,0xBBB4FD,0xBBB511,0xBBB519,0xBBB537,0xBBB53F,0xBBB551,0xBBB559,
  0xBBB56E,0xBBB580,0xBBB588,0xBBB590,0xBBB59B,0xBBB5A6,0xBBB5AE,0xBBB5B6,0xBBB5C8,0xBBB5D0,0xBBB5D8,0xBBB5FB,
  0xBBB603,0xBBB60E,0xBBB623,0xBBB62E,0xBBB643,0xBBB655,0xBBB65D,0xBBB66F,0xBBB681,0xBBB68C,0xBBB697,0xBBB6AD,
  0xBBB6B5,0xBBB6BD,0xBBB6C5,0xBBB6CD,0xBBB6D5,0xBBB6DD,0xBBB6E5,0xBBB6ED,0xBBB6FF,0xBBB713,0xBBB725,0xBBB73D,
  0xBBB74F,0xBBB757,0xBBB769,0xBBB77B,0xBBB786,0xBBB791,0xBBB79C,0xBBB7A7,0xBBB7AF,0xBBB7C1,0xBBB7CC,0xBBB7D7,
  0xBBB7EC,0xBBB7F4,0xBBB809,0xBBB81B,0xBBB82D,0xBBB83F,0xBBB862,0xBBB885,0xBBB88D,0xBBB898,0xBBB8A3,0xBBB8B5,
  0xBBB8BD,0xBBB8D2,0xBBB8DA,0xBBB8EC,0xBBB8FE,0xBBB906,0xBBB91B,0xBBB923,0xBBB92E,0xBBB939,0xBBB941,0xBBB953,
  0xBBB965,0xBBB96D,0xBBB990,0xBBB9A2,0xBBB9B4,0xBBB9BC,0xBBB9CE,0xBBB9D9,0xBBB9E4,0xBBB9EF,0xBBBA04,0xBBBA0F,
  0xBBBA1A,0xBBBA25,0xBBBA30,0xBBBA3B,0xBBBA43,0xBBBA4B,0xBBBA53,0xBBBA5B,0xBBBA63,0xBBBA75,0xBBBA89,0xBBBA9B,
  0xBBBAA6,0xBBBAB1,0xBBBAC6,0xBBBAD8,0xBBBAE0,0xBBBAE8,0xBBBAF0,0xBBBB02,0xBBBB0D,0xBBBB18,0xBBBB23,0xBBBB39,
  0xBBBB41,0xBBBB49,0xBBBB51,0xBBBB59,0xBBBB6B,0xBBBB7F,0xBBBB91,0xBBBBA3,0xBBBBC6,0xBBBBE9,0xBBBBF3,0xBBBC07,
  0xBBBC19,0xBBBC2B,0xBBBC3D,0xBBBC55,0xBBBC5D,0xBBBC65,0xBBBC6D,0xBBBC75,0xBBBC7D,0xBBBC8F,0xBBBCA1,0xBBBCA9,
  0xBBBCB1,0xBBBCC3,0xBBBCD7,0xBBBCDF,0xBBBCF4,0xBBBD06,0xBBBD11,0xBBBD1C,0xBBBD31,0xBBBD39,0xBBBD4E,0xBBBD60,
  0xBBBD74,0xBBBD90,0xBBBDB0,0xBBBDD0,0xBBBDF0,0xBBBE10,0xBBBE2C,0xBBBE37,0xBBBE50,0xBBBE6C,0xBBBE77,0xBBBE90,
  0xBBBEAC,0xBBBEB7,0xBBBECC,0xBBBED6,0xBBBEE0,0xBBBEF2,0xBBBF04,0xBBBF0C,0xBBBF14,0xBBBF26,0xBBBF3E,0xBBBF50,
  0xBBBF62,0xBBBF74,0xBBBF7C,0xBBBF84,0xBBBF96,0xBBBFA0,0xBBBFA8,0xBBBFB0,0xBBBFC2,0xBBBFD4,0xBBBFDC,0xBBBFE4,
  0xBBBFEC,0xBBBFFE,0xBBC010,0xBBC022,0xBBC034,0xBBC046,0xBBC058,0xBBC06C,0xBBC07E,0xBBC090,0xBBC0A5,0xBBC0BD,
  0xBBC0C5,0xBBC0D0,0xBBC0E5,0xBBC0ED,0xBBC0F8,0xBBC10D,0xBBC130,0xBBC142,0xBBC154,0xBBC166,0xBBC16E,0xBBC179,
  0xBBC181,0xBBC18C,0xBBC197,0xBBC1B0,0xBBC1B8,0xBBC1D0,0xBBC1DB,0xBBC1E6,0xBBC200,0xBBC220,0xBBC240,0xBBC260,
  0xBBC280,0xBBC2A0,0xBBC2A8,0xBBC2C0,0xBBC2E0,0xBBC300,0xBBC320,0xBBC328,0xBBC340,0xBBC348,0xBBC370,0xBBC390,
  0xBBC39B,0xBBC3B0,0xBBC3D0,0xBBC3D8,0xBBC3E3,0xBBC3EB,0xBBC3F3,0xBBC410,0xBBC430,0xBBC450,0xBBC470,0xBBC490,
  0xBBC4B0,0xBBC4D0,0xBBC4D8,0xBBC4E3,0xBBC500,0xBBC50B,0xBBC520,0xBBC52B,0xBBC536,0xBBC544,0xBBC552,0xBBC570,
  0xBBC57B,0xBBC590,0xBBC59B,0xBBC5A6,0xBBC5C0,0xBBC5CB,0xBBC5D6,0xBBC5F0,0xBBC5F8,0xBBC600,0xBBC620,0xBBC628,
  0xBBC640,0xBBC648,0xBBC660,0xBBC680,0xBBC6A0,0xBBC6C0,0xBBC6E0,0xBBC6E8,0xBBC700,0xBBC708,0xBBC720,0xBBC728,
  0xBBC740,0xBBC760,0xBBC780,0xBBC7A0,0xBBC7A8,0xBBC7C0,0xBBC7E0,0xBBC7F9,0xBBC820,0xBBC839,0xBBC860,0xBBC880,
  0xBBC8A0,0xBBC8C0,0xBBC8E0,0xBBC900,0xBBC908,0xBBC920,0xBBC928,0xBBC930,0xBBC950,0xBBC970,0xBBC990,0xBBC998,
  0xBBC9A0,0xBBC9D0,0xBBC9F0,0xBBC9F8,0xBBCA03,0xBBCA0B,0xBBCA20,0xBBCA40,0xBBCA4B,0xBBCA53,0xBBCA5E,0xBBCA70,
  0xBBCA78,0xBBCA90,0xBBCAB0,0xBBCABB,0xBBCAC6,0xBBCAD1,0xBBCADC,0xBBCAF4,0xBBCB02,0xBBCB10,0xBBCB1E,0xBBCB40,
  0xBBCB4B,0xBBCB56,0xBBCB6E,0xBBCB7C,0xBBCB8A,0xBBCB98,0xBBCBA6,0xBBCBAE,0xBBCBB9,0xBBCBD0,0xBBCBD8,0xBBCBE3,
  0xBBCC00,0xBBCC08,0xBBCC40,0xBBCC60,0xBBCC80,0xBBCCA0,0xBBCCC0,0xBBCCC8,0xBBCCF0,0xBBCCF8,0xBBCD20,0xBBCD40,
  0xBBCD50,0xBBCD58,0xBBCD60,0xBBCD80,0xBBCD88,0xBBCDA0,0xBBCDAB,0xBBCDB6,0xBBCDD0,0xBBCDF0,0xBBCDF8,0xBBCE00,
  0xBBCE08,0xBBCE10,0xBBCE18,0xBBCE20,0xBBCE28,0xBBCE30,0xBBCE38,0xBBCE40,0xBBCE48,0xBBCE50,0xBBCE70,0xBBCE78,
  0xBBCE83,0xBBCEA0,0xBBCEC0,0xBBCEC8,0xBBCEE0,0xBBCF00,0xBBCF0B,0xBBCF16,0xBBCF24,0xBBCF40,0xBBCF48,0xBBCF50,
  0xBBCF70,0xBBCF90,0xBBCF98,0xBBCFB0,0xBBCFD0,0xBBCFD8,0xBBCFE3,0xBBD000,0xBBD008,0xBBD040,0xBBD060,0xBBD080,
  0xBBD0A0,0xBBD0C0,0xBBD0C8,0xBBD0E0,0xBBD100,0xBBD120,0xBBD140,0xBBD160,0xBBD180,0xBBD188,0xBBD1B0,0xBBD1D0,
  0xBBD1D8,0xBBD1F0,0xBBD210,0xBBD218,0xBBD220,0xBBD228,0xBBD230,0xBBD238,0xBBD240,0xBBD248,0xBBD250,0xBBD258,
  0xBBD260,0xBBD280,0xBBD288,0xBBD290,0xBBD298,0xBBD2A0,0xBBD2A8,0xBBD2B0,0xBBD2D0,0xBBD2D8,0xBBD2F0,0xBBD2F8,
  0xBBD300,0xBBD308,0xBBD310,0xBBD330,0xBBD33B,0xBBD346,0xBBD351,0xBBD35C,0xBBD367,0xBBD380,0xBBD3A0,0xBBD3C0,
  0xBBD3CE,0xBBD3E0,0xBBD400,0xBBD408,0xBBD420,0xBBD42F,0xBBD450,0xBBD470,0xBBD478,0xBBD491,0xBBD499,0xBBD4B0,
  0xBBD4D0,0xBBD4DB,0xBBD4E6,0xBBD500,0xBBD50B,0xBBD520,0xBBD540,0xBBD54B,0xBBD560,0xBBD580,0xBBD588,0xBBD5B0,
  0xBBD5D0,0xBBD5DB,0xBBD5F0,0xBBD610,0xBBD630,0xBBD650,0xBBD658,0xBBD670,0xBBD678,0xBBD690,0xBBD6B0,0xBBD6D0,
  0xBBD6DF,0xBBD6EE,0xBBD6FD,0xBBD70C,0xBBD730,0xBBD750,0xBBD763,0xBBD780,0xBBD7A0,0xBBD7C0,0xBBD7C8,0xBBD7E0,
  0xBBD800,0xBBD820,0xBBD828,0xBBD850,0xBBD858,0xBBD871,0xBBD880,0xBBD8A0,0xBBD8A8,0xBBD8C0,0xBBD8C8,0xBBD8D0,
  0xBBD8D8,0xBBD8F0,0xBBD903,0xBBD920,0xBBD940,0xBBD948,0xBBD960,0xBBD980,0xBBD988,0xBBD990,0xBBD9B0,0xBBD9BB,
  0xBBD9C6,0xBBD9D8,0xBBD9F0,0xBBD9F8,0xBBDA00,0xBBDA08,0xBBDA17,0xBBDA26,0xBBDA2E,0xBBDA40,0xBBDA48,0xBBDA50,
  0xBBDA58,0xBBDA60,0xBBDA68,0xBBDA70,0xBBDA7F,0xBBDA8E,0xBBDA9D,0xBBDAA5,0xBBDAC0,0xBBDAC8,0xBBDAD0,0xBBDAF0,
  0xBBDB10,0xBBDB29,0xBBDB40,0xBBDB60,0xBBDB79,0xBBDB90,0xBBDBA9,0xBBDBC0,0xBBDBC8,0xBBDBE0,0xBBDC00,0xBBDC20,
  0xBBDC28,0xBBDC40,0xBBDC60,0xBBDC80,0xBBDC88,0xBBDCA0,0xBBDCA8,0xBBDCB0,0xBBDCD0,0xBBDCDF,0xBBDCE7,0xBBDCEF,
  0xBBDCF7,0xBBDCFF,0xBBDD20,0xBBDD35,0xBBDD40,0xBBDD48,0xBBDD57,0xBBDD66,0xBBDD75,0xBBDD84,0xBBDD93,0xBBDDA2,
  0xBBDDB1,0xBBDDC0,0xBBDDCF,0xBBDDDE,0xBBDDED,0xBBDE10,0xBBDE30,0xBBDE50,0xBBDE70,0xBBDE90,0xBBDE98,0xBBDEB0,
  0xBBDEB8,0xBBDED0,0xBBDED8,0xBBDEF0,0xBBDF10,0xBBDF30,0xBBDF50,0xBBDF5F,0xBBDF6E,0xBBDF7D,0xBBDF8C,0xBBDF9B,
  0xBBDFAA,0xBBDFB9,0xBBDFC8,0xBBDFD7,0xBBDFE6,0xBBDFF5,0xBBE010,0xBBE01B,0xBBE026,0xBBE031,0xBBE03C,0xBBE047,
  0xBBE052,0xBBE05D,0xBBE068,0xBBE073,0xBBE07E,0xBBE089,0xBBE094,0xBBE09F,0xBBE0AA,0xBBE0B5,0xBBE0D0,0xBBE0F0,
  0xBBE0F8,0xBBE111,0xBBE130,0xBBE138,0xBBE151,0xBBE159,0xBBE170,0xBBE190,0xBBE198,0xBBE1B0,0xBBE1D0,0xBBE1DF,
  0xBBE1EE,0xBBE1FD,0xBBE20C,0xBBE21B,0xBBE22A,0xBBE239,0xBBE248,0xBBE257,0xBBE266,0xBBE275,0xBBE284,0xBBE293,
  0xBBE2A2,0xBBE2B1,0xBBE2C0,0xBBE2CF,0xBBE2DE,0xBBE2ED,0xBBE2FC,0xBBE30B,0xBBE31A,0xBBE340,0xBBE34F,0xBBE361,
  0xBBE370,0xBBE37F,0xBBE38E,0xBBE39D,0xBBE3AC,0xBBE3BB,0xBBE3CA,0xBBE3D9,0xBBE3E8,0xBBE3F7,0xBBE406,0xBBE415,
  0xBBE424,0xBBE440,0xBBE460,0xBBE468,0xBBE480,0xBBE4A0,0xBBE4A8,0xBBE4C0,0xBBE4E0,0xBBE4EF,0xBBE510,0xBBE530,
  0xBBE538,0xBBE550,0xBBE570,0xBBE578,0xBBE580,0xBBE5A0,0xBBE5C0,0xBBE5CB,0xBBE5D6,0xBBE5E1,0xBBE5EC,0xBBE5F7,
  0xBBE606,0xBBE620,0xBBE62B,0xBBE636,0xBBE641,0xBBE64C,0xBBE670,0xBBE67F,0xBBE687,0xBBE68F,0xBBE697,0xBBE69F,
  0xBBE6C0,0xBBE6C8,0xBBE6D0,0xBBE6D8,0xBBE6F0,0xBBE6F8,0xBBE700,0xBBE708,0xBBE720,0xBBE728,0xBBE740,0xBBE748,
  0xBBE760,0xBBE780,0xBBE78F,0xBBE79E,0xBBE7AD,0xBBE7BC,0xBBE7CB,0xBBE7DA,0xBBE7E9,0xBBE7F8,0xBBE807,0xBBE816,
  0xBBE825,0xBBE834,0xBBE843,0xBBE852,0xBBE861,0xBBE870,0xBBE87F,0xBBE8A0,0xBBE8AF,0xBBE8BE,0xBBE8CD,0xBBE8DC,
  0xBBE8EB,0xBBE910,0xBBE930,0xBBE93F,0xBBE94E,0xBBE95D,0xBBE96C,0xBBE97B,0xBBE98A,0xBBE999,0xBBE9C0,0xBBE9CF,
  0xBBE9F0,0xBBE9F8,0xBBEA10,0xBBEA18,0xBBEA30,0xBBEA38,0xBBEA40,0xBBEA60,0xBBEA68,0xBBEA80,0xBBEA88,0xBBEA90,
  0xBBEAB0,0xBBEABF,0xBBEAE0,0xBBEAE8,0xBBEB00,0xBBEB20,0xBBEB28,0xBBEB30,0xBBEB50,0xBBEB70,0xBBEB78,0xBBEB83,
  0xBBEBA0,0xBBEBA8,0xBBEBC0,0xBBEBC8,0xBBEBE0,0xBBEBE8,0xBBEBF3,0xBBEC10,0xBBEC30,0xBBEC50,0xBBEC70,0xBBEC78,
  0xBBEC80,0xBBECA0,0xBBECC0,0xBBECCF,0xBBECDE,0xBBECE6,0xBBED00,0xBBED08,0xBBED17,0xBBED26,0xBBED35,0xBBED44,
  0xBBED53,0xBBED62,0xBBED71,0xBBED80,0xBBED8F,0xBBED9E,0xBBEDAD,0xBBEDBC,0xBBEDCB,0xBBEDDA,0xBBEDE9,0xBBEDF8,
  0xBBEE07,0xBBEE16,0xBBEE25,0xBBEE34,0xBBEE43,0xBBEE52,0xBBEE61,0xBBEE70,0xBBEE78,0xBBEE87,0xBBEE96,0xBBEEB0,
  0xBBEEB8,0xBBEED0,0xBBEEDF,0xBBEEEE,0xBBEEF6,0xBBEF05,0xBBEF14,0xBBEF23,0xBBEF32,0xBBEF41,0xBBEF50,0xBBEF5F,
  0xBBEF6E,0xBBEF7D,0xBBEF8C,0xBBEF9B,0xBBEFC0,0xBBEFE0,0xBBF000,0xBBF00F,0xBBF01E,0xBBF02D,0xBBF050,0xBBF058,
  0xBBF070,0xBBF07F,0xBBF0A0,0xBBF0AF,0xBBF0BE,0xBBF0CD,0xBBF0F0,0xBBF110,0xBBF11F,0xBBF12E,0xBBF150,0xBBF158,
  0xBBF170,0xBBF190,0xBBF1B0,0xBBF1BF,0xBBF1CE,0xBBF1DD,0xBBF1EC,0xBBF1FB,0xBBF20A,0xBBF219,0xBBF228,0xBBF237,
  0xBBF246,0xBBF255,0xBBF264,0xBBF273,0xBBF282,0xBBF291,0xBBF2A0,0xBBF2AF,0xBBF2BE,0xBBF2CD,0xBBF2DC,0xBBF2EB,
  0xBBF2FA,0xBBF309,0xBBF318,0xBBF327,0xBBF336,0xBBF345,0xBBF354,0xBBF363,0xBBF372,0xBBF381,0xBBF390,0xBBF39F,
  0xBBF3AE,0xBBF3BD,0xBBF3CC,0xBBF3F0,0xBBF410,0xBBF430,0xBBF450,0xBBF458,0xBBF463,0xBBF480,0xBBF48F,0xBBF49E,
  0xBBF4AD,0xBBF4B5,0xBBF4BD,0xBBF4C5,0xBBF4E0,0xBBF500,0xBBF508,0xBBF510,0xBBF518,0xBBF530,0xBBF538,0xBBF550,
  0xBBF570,0xBBF590,0xBBF598,0xBBF5B0,0xBBF5D0,0xBBF5D8,0xBBF5F0,0xBBF5FF,0xBBF620,0xBBF640,0xBBF648,0xBBF650,
  0xBBF670,0xBBF678,0xBBF680,0xBBF688,0xBBF6A0,0xBBF6AF,0xBBF6D0,0xBBF6DB,0xBBF6F0,0xBBF710,0xBBF71B,0xBBF726,
  0xBBF731,0xBBF750,0xBBF770,0xBBF778,0xBBF790,0xBBF798,0xBBF7A3,0xBBF7AE,0xBBF7D0,0xBBF7F0,0xBBF7F8,0xBBF800,
  0xBBF820,0xBBF828,0xBBF840,0xBBF860,0xBBF868,0xBBF870,0xBBF890,0xBBF8B0,0xBBF8B8,0xBBF8D0,0xBBF8D8,0xBBF8F0,
  0xBBF8F8,0xBBF907,0xBBF920,0xBBF92F,0xBBF950,0xBBF95F,0xBBF980,0xBBF988,0xBBF997,0xBBF9A6,0xBBF9C0,0xBBF9C8,
  0xBBF9E0,0xBBFA00,0xBBFA20,0xBBFA2F,0xBBFA3E,0xBBFA46,0xBBFA55,0xBBFA64,0xBBFA73,0xBBFA82,0xBBFA91,0xBBFAA0,
  0xBBFAAF,0xBBFABE,0xBBFACD,0xBBFAD5,0xBBFAE4,0xBBFAF3,0xBBFB02,0xBBFB11,0xBBFB30,0xBBFB38,0xBBFB60,0xBBFB68,
  0xBBFB80,0xBBFB88,0xBBFB90,0xBBFB98,0xBBFBC0,0xBBFBE0,0xBBFC00,0xBBFC08,0xBBFC10,0xBBFC30,0xBBFC50,0xBBFC58,
  0xBBFC80,0xBBFCA0,0xBBFCC0,0xBBFCC8,0xBBFCE0,0xBBFD00,0xBBFD20,0xBBFD40,0xBBFD48,0xBBFD50,0xBBFD58,0xBBFD60,
  0xBBFD68,0xBBFD70,0xBBFD78,0xBBFD80,0xBBFD88,0xBBFD90,0xBBFD98,0xBBFDA0,0xBBFDA8,0xBBFDB0,0xBBFDB8,0xBBFDC0,
  0xBBFDC8,0xBBFDD0,0xBBFDD8,0xBBFDE0,0xBBFDE8,0xBBFDF0,0xBBFDF8,0xBBFE00,0xBBFE08,0xBBFE10,0xBBFE18,0xBBFE20,
  0xBBFE28,0xBBFE30,0xBBFE38,0xBBFE40,0xBBFE48,0xBBFE50,0xBBFE58,0xBBFE60,0xBBFE68,0xBBFE70,0xBBFE78,0xBBFE80,
  0xBBFE88,0xBBFE90,0xBBFE98,0xBBFEA0,0xBBFEA8,0xBBFEB0,0xBBFEB8,0xBBFEC0,0xBBFEC8,0xBBFED0,0xBBFED8,0xBBFEE0,
  0xBBFEE8,0xBBFEF0,0xBBFEF8,0xBBFF00,0xBBFF08,0xBBFF10,0xBBFF18,0xBBFF20,0xBBFF28,0xBBFF30,0xBBFF38,0xBBFF40,
  0xBBFF48,0xBBFF50,0xBBFF58,0xBBFF60,0xBBFF68,0xBBFF70,0xBBFF78,0xBBFF80,0xBBFF88,0xBBFF90,0xBBFF98,0xBBFFA0,
  0xBBFFA8,0xBBFFB0,0xBBFFB8,0xBBFFC0,0xBBFFC8,0xBBFFD0,0xBBFFD8,0xBBFFE0,0xBBFFE8,0xBBFFF0,0xBBFFF8,0xBC0000,
  0xBC0008,0xBC0010,0xBC0018,0xBC0020,0xBC0028,0xBC0030,0xBC0038,0xBC0040,0xBC0048,0xBC0050,0xBC0058,0xBC0060,
  0xBC0068,0xBC0070,0xBC0078,0xBC0080,0xBC0088,0xBC0090,0xBC0098,0xBC00A0,0xBC00A8,0xBC00B0,0xBC00B8,0xBC00C0,
  0xBC00C8,0xBC00D0,0xBC00D8,0xBC00E0,0xBC00E8,0xBC00F0,0xBC00F8,0xBC0100,0xBC0108,0xBC0110,0xBC0118,0xBC0120,
  0xBC0128,0xBC0130,0xBC0138,0xBC0140,0xBC0148,0xBC0150,0xBC0158,0xBC0160,0xBC0168,0xBC0170,0xBC0178,0xBC0180,
  0xBC0188,0xBC0190,0xBC0198,0xBC01A0,0xBC01A8,0xBC01B0,0xBC01B8,0xBC01C0,0xBC01C8,0xBC01D0,0xBC01D8,0xBC01E0,
  0xBC01E8,0xBC01F0,0xBC01F8,0xBC0200,0xBC0208,0xBC0210,0xBC0218,0xBC0220,0xBC0228,0xBC0230,0xBC0238,0xBC0240,
  0xBC0248,0xBC0250,0xBC0258,0xBC0260,0xBC0268,0xBC0270,0xBC0278,0xBC0280,0xBC0288,0xBC0290,0xBC0298,0xBC02A0,
  0xBC02A8,0xBC02B0,0xBC02B8,0xBC02C0,0xBC02C8,0xBC02E0,0xBC0300,0xBC0320,0xBC0340,0xBC034F,0xBC0370,0xBC037F,
  0xBC03A0,0xBC03A8,0xBC03B0,0xBC03B8,0xBC03D0,0xBC03F0,0xBC0410,0xBC0418,0xBC0423,0xBC0440,0xBC0448,0xBC0480,
  0xBC04A0,0xBC04B9,0xBC04E0,0xBC0500,0xBC0520,0xBC0528,0xBC0541,0xBC055A,0xBC0573,0xBC05A0,0xBC05C0,0xBC05E0,
  0xBC0600,0xBC0620,0xBC0640,0xBC0660,0xBC0668,0xBC067D,0xBC068F,0xBC06A8,0xBC06B0,0xBC06C2,0xBC06CA,0xBC06E3,
  0xBC06F5,0xBC070E,0xBC0716,0xBC071E,0xBC0730,0xBC0738,0xBC0740,0xBC0748,0xBC075C,0xBC0767,0xBC0772,0xBC077D,
  0xBC0788,0xBC079D,0xBC07A5,0xBC07AD,0xBC07BF,0xBC07CA,0xBC07DF,0xBC07F1,0xBC07F9,0xBC0801,0xBC0813,0xBC0825,
  0xBC082D,0xBC0842,0xBC084C,0xBC0860,0xBC086D,0xBC0875,0xBC087D,0xBC0885,0xBC088D,0xBC089F,0xBC08A7,0xBC08AF,
  0xBC08C1,0xBC08C9,0xBC08DD,0xBC08EF,0xBC08F7,0xBC0915,0xBC0929,0xBC093B,0xBC0943,0xBC094B,0xBC0953,0xBC095B,
  0xBC0963,0xBC0975,0xBC097D,0xBC0990,0xBC0998,0xBC09A6,0xBC09B4,0xBC09C2,0xBC09E0,0xBC09E8,0xBC09F6,0xBC0A04,
  0xBC0A12,0xBC0A30,0xBC0A50,0xBC0A70,0xBC0A7B,0xBC0A90,0xBC0AB0,0xBC0AB8,0xBC0AC3,0xBC0AE0,0xBC0AE8,0xBC0B20,
  0xBC0B40,0xBC0B60,0xBC0B6B,0xBC0B90,0xBC0BA2,0xBC0BC0,0xBC0C50,0xBC0C80,0xBC0CA0,0xBC0CB0,0xBC0CE0,0xBC0D00,
  0xBC0D20,0xBC0D40,0xBC0D60,0xBC0D80,0xBC0DA0,0xBC0DC0,0xBC0DE0,0xBC0E10,0xBC0E40,0xBC0E70,0xBC0EA0,0xBC0ED0,
  0xBC0F00,0xBC0F30,0xBC0F60,0xBC0FC0,0xBC1FA0,0xBC1FE0,0xBC2000,0xBC2020,0xBC2040,0xBC2060,0xBC20A0,0xBC20C0,
  0xBC2100,0xBC2120,0xBC2170,0xBC2180,0xBC21E0,0xBC21F0,0xBC2200,0xBC2210,0xBC2230,0xBC2240,0xBC2250,0xBC2260,
  0xBC2270,0xBC2290,0xBC22B0,0xBC22C0,0xBC22D0,0xBC22E0,0xBC2300,0xBC2320,0xBC2340,0xBC2360,0xBC2380,0xBCAC80,
  0xBCACA0,0xBCACB0,0xBCACF0,0xBCAD30,0xBCAD70,0xBCAD80,0xBCADA0,0xBCADC0,0xBCAE60,0xBCAE70,0xBCAE90,0xBCAEB0,
  0xBCAED0,0xBCAEF0,0xBCAF10,0xBCAF30,0xBCAF50,0xBCAF70,0xBCAF90,0xBCAFB0,0xBCAFD0,0xBCAFF0,0xBCB010,0xBCB030,
  0xBCB050,0xBCB070,0xBCB090,0xBCB0B0,0xBCB0D0,0xBCB0F0,0xBCB130,0xBCB150,0xBCB170,0xBCB190,0xBCB1B0,0xBCB1D0,
  0xBCB1F0,0xBCB210,0xBCB230,0xBCB250,0xBCB270,0xBCB290,0xBCB2B0,0xBCB2D0,0xBCB2F0,0xBCB310,0xBCB330,0xBCB350,
  0xBCB370,0xBCB390,0xBCB3B0,0xBCB3D0,0xBCB3F0,0xBCB410,0xBCB430,0xBCB450,0xBCB470,0xBCB490,0xBCB4B0,0xBCB4D0,
  0xBCB4F0,0xBCB510,0xBCB530,0xBCB550,0xBCB570,0xBCB590,0xBCB5B0,0xBCB5D0,0xBCB5F0,0xBCB610,0xBCB630,0xBCB650,
  0xBCB670,0xBCB680,0xBCB6A0,0xBCB6C0,0xBCB6E0,0xBCB700,0xBCB720,0xBCB740,0xBCB760,0xBCB780,0xBCB7A0,0xBCB7C0,
  0xBCB7E0,0xBCB800,0xBCB820,0xBCB840,0xBCB860,0xBCB880,0xBCB8A0,0xBCB8C0,0xBCB8E0,0xBCB900,0xBCB920,0xBCB940,
  0xBCB960,0xBCB980,0xBCB9A0,0xBCB9C0,0xBCB9E0,0xBCBA00,0xBCBA20,0xBCBA30,0xBCBA50,0xBCBA70,0xBCBA90,0xBCBAB0,
  0xBCBAD0,0xBCBAF0,0xBCBB10,0xBCBB30,0xBCBB50,0xBCBB70,0xBCBB90,0xBCBBB0,0xBCBBD0,0xBCBBF0,0xBCBC10,0xBCBC30,
  0xBCBC50,0xBCBC70,0xBCBC90,0xBCBCB0,0xBCBCD0,0xBCBCF0,0xBCBD10,0xBCBD30,0xBCBD50,0xBCBD70,0xBCBD90,0xBCBDB0,
  0xBCBDD0,0xBCBDF0,0xBCBE10,0xBCBE30,0xBCBE50,0xBCBE70,0xBCBE90,0xBCBEA0,0xBCBEC0,0xBCBED0,0xBCBF00,0xBCBF10,
  0xBCBF20,0xBCBF50,0xBCBF90,0xBCBFB0,0xBCBFD0,0xBCBFF0,0xBCC010,0xBCC030,0xBCC050,0xBCC080,0xBCC090,0xBCC0C0,
  0xBCC0E0,0xBCC110,0xBCC120,0xBCC130,0xBCC150,0xBCC160,0xBCC180,0xBCC1A0,0xBCC1C0,0xBCC1E0,0xBCC200,0xBCC220,
  0xBCC240,0xBCC260,0xBCC270,0xBCC280,0xBCC290,0xBCC2A0,0xBCC2B0,0xBCC2C0,0xBCC2D0,0xBCC2E0,0xBCC310,0xBCC320,
  0xBCC330,0xBCC850,0xBCC860,0xBCC870,0xBCC880,0xBCC890,0xBCC8D0,0xBCC8E0,0xBCC8F0,0xBCC900,0xBCC920,0xBCC930,
  0xBCC970,0xBCC980,0xBCC9C0,0xBCC9F0,0xBCCA20,0xBCCA30,0xBCCA50,0xBCCA60,0xBCCA90,0xBCCAC0,0xBCCB00,0xBCCB50,
  0xBCCB90,0xBCCBD0,0xBCCC10,0xBCCC50,0xBCCC90,0xBCCCD0,0xBCCD10,0xBCCD50,0xBCCD80,0xBCCD90,0xBCCDA0,0xBCF490,
  0xBCF4A0,0xBCF4B0,0xBCF4C0,0xBCF4D0,0xBCF4E0,0xBCF4F0,0xBCF550,0xBCF570,0xBCF5A0,0xBCF5B0,0xBCF5C0,0xBCF5D0,
  0xBCF5E0,0xBCF5F0,0xBCF600,0xBCF610,0xBCF620,0xBCF630,0xBCF640,0xBCF650,0xBCF660,0xBCF670,0xBCF690,0xBCF6D0,
};
static const int kGameFuncCount = 74988;
